timestamp,x,y,z,qx,qy,qz,qw
1.6796901142800015e+18,-1.899660205650162,2.2180911274681563,1.339800808044462,0.6977968537365276,0.03682091076189753,-0.008963469074716365,0.7152925469122506
1.679690114313495e+18,-1.8941868382188483,2.205209239489388,1.34027871421263,0.6967744684091828,0.04374583196386439,-0.00632338757480075,0.7159271311582408
1.6796901143469903e+18,-1.8810662240752323,2.1653427222853643,1.326251474324133,0.6978709300561401,0.051966290809611015,-0.003805039156581139,0.7143256899195812
1.679690114380487e+18,-1.9003404172776137,2.17589107031323,1.327398472014318,0.6993728602067162,0.06242572852520878,0.0033449999637258283,0.7120178662081569
1.6796901144139858e+18,-1.8673575268084646,2.1683617449883648,1.346666693798748,0.697741640661653,0.06577234623407613,0.008247590951678381,0.7132759484246916
1.6796901144474862e+18,-1.8959519880432243,2.1618121558400727,1.3536434883105275,0.6975908319335146,0.07265411551866585,0.016447432344058415,0.712613424424347
1.679690114480988e+18,-1.9022584065748733,2.1614105793108247,1.34580383571882,0.6988400045748057,0.07528368814867947,0.02026501657031535,0.7110164157092456
1.6796901145144922e+18,-1.899002184971002,2.16840151011697,1.3462440913881812,0.6993538033464004,0.07509078621531551,0.023957820419270977,0.7104165358515016
1.679690114547997e+18,-1.9135635372756767,2.0656094814401675,1.3307853536518026,0.7001438655446923,0.0753951033536987,0.025804146914273858,0.7095409022265364
1.6796901145815043e+18,-1.9104897936440122,2.0430219273504275,1.3317965418130107,0.7015686836044231,0.07267381154412011,0.027603738115745687,0.7083487368120619
1.6796901146150136e+18,-2.0743173703397133,2.1847648770306973,1.3733616453983528,0.7005277442228078,0.08051214274529517,0.04239934420655187,0.7078000918730656
1.6796901146485243e+18,-2.1010849053865615,2.1766558815327492,1.3753083464917784,0.7018216775151597,0.07896560419628418,0.04462530568518081,0.7065545615281433
1.679690114682037e+18,-2.0859653850025,2.152486136965082,1.3692339361627903,0.7026385634145358,0.0745114130055281,0.04106165984572358,0.7064425232284585
1.6796901147155512e+18,-2.076422654567046,2.109956680050649,1.3899697158984765,0.7033421358357969,0.06928230055023477,0.03899347559205759,0.7063917550832952
1.6796901147490665e+18,-2.112521104833256,2.090517395556397,1.400511762095944,0.7045329472752345,0.06947041931485709,0.038589151340148946,0.7052078164929375
1.6796901147825843e+18,-2.1091129137478206,2.072108562211557,1.4174259672453609,0.7048511387276364,0.06528938070582546,0.03518197544169763,0.7054675028698514
1.6796901148161037e+18,-1.9607373161577801,1.865448555552061,1.3017982631418974,0.709147110743282,0.05595449385903606,0.009548478105222795,0.7027718666162649
1.679690114849625e+18,-1.9739915101303076,1.8413849511718672,1.308729202288033,0.7105918414708108,0.05430676355935016,0.005050442786129472,0.7014873507729809
1.679690114916673e+18,-1.910887299444447,1.935383652664937,1.440577339270975,0.7089206757922544,0.042385814762713414,-0.004001398453508639,0.7040020645932584
1.6796901149501988e+18,-1.9843048300414157,1.8975298652860244,1.4743773205047601,0.7103171378213098,0.045460149526108884,-0.008635686550637109,0.7023591413516346
1.679690114983727e+18,-1.9585986995071862,1.7569458997999692,1.3282585837058782,0.7136494641036448,0.05088791729692066,-0.0344120781171614,0.6978041782172277
1.6796901150507886e+18,-1.9668533777872295,1.7382282201896055,1.2718922711288054,0.7133117882026025,0.04586907681908414,-0.04885684790107199,0.6976355273465809
1.679690115083902e+18,-2.011333820533633,1.6278308571399869,1.2988292164549569,0.7119306846876685,0.039083006371128715,-0.04665061859743266,0.699607703357831
1.6796901151176195e+18,-1.9936053992397502,1.5967770025999488,1.2782827174851328,0.7129121373165782,0.03215733649293551,-0.05043520216249368,0.6986977032731801
1.6796901151513398e+18,-1.998726014355238,1.8233717321726401,1.4040487732445186,0.7108909194516314,0.022487832443536138,-0.03763027337307556,0.7019347267083123
1.679690115185062e+18,-2.0123448773554315,1.8205951504896554,1.4053913135910931,0.7097470840601983,0.017884730340693267,-0.038580231622491565,0.7031719411471433
1.6796901152187866e+18,-2.136469620745104,1.8572875687557362,1.4370185159350537,0.7074158999079099,0.01873257671295725,-0.03048704426702223,0.7058911922237278
1.679690115252513e+18,-2.0241279882295076,1.789673823943634,1.412750148149794,0.7051813996101963,0.0031984857372437947,-0.04515121437421271,0.7075806181441993
1.6796901152862413e+18,-2.0186108999466756,1.7632807732759674,1.3950903512098412,0.7045200380240203,-0.0034771389495841243,-0.04991051301401127,0.7079183330145056
1.6796901153199724e+18,-2.015194567609901,1.7511502147780764,1.375853032569332,0.7035368836208926,-0.008002694462071136,-0.05424380392176772,0.7085403446540259
1.6796901153537047e+18,-2.0577140181569264,1.4533049506886648,1.291955640709951,0.7052895966726311,-0.007946710058743367,-0.06170763015602416,0.7061838308862124
1.6796901153874396e+18,-2.030819799951972,1.4286547166933659,1.27670208296943,0.7061932746379923,-0.012413031933313223,-0.0641665584907368,0.7049961902491008
1.6796901154211763e+18,-2.0447630805972796,1.7094727500579903,1.3837397815036812,0.705381923716877,-0.016749560650741957,-0.05021677854517687,0.7068479815802191
1.679690115454916e+18,-2.050810683221438,1.6918866690917234,1.38737794994696,0.7047189565902915,-0.019298966503766724,-0.04971584027535709,0.7074793829786795
1.679690115488657e+18,-2.061493438568181,1.6758069776011961,1.3927729005483414,0.7038619065612595,-0.022180349339096073,-0.049227657814552545,0.7082817845329908
1.6796901155224003e+18,-2.0535444438405377,1.6646961602959793,1.3958483078405306,0.7026707378079654,-0.026234311973124202,-0.051134719995494765,0.7091902674985668
1.6796901155561457e+18,-2.0372543485900994,1.6416287984265818,1.3606355144420335,0.7054105232476362,-0.026605003910953884,-0.05475821906788954,0.7061796548350197
1.679690115589894e+18,-2.030082982074356,1.6153237836988976,1.3576988432021928,0.7069534078868808,-0.026383872505486017,-0.05401101407539543,0.7047010576884974
1.6796901156236434e+18,-2.090289423861197,1.262159276836433,1.2627392698181124,0.7096539861503363,-0.01922838535161464,-0.05900692925193956,0.7018117065409816
1.6796901156573955e+18,-2.0936513488250297,1.2493905624882842,1.2604791851708228,0.7114860994238846,-0.015773212097218603,-0.05663289015552237,0.7002367113050806
1.6796901156911496e+18,-2.1061307842041455,1.2315252097173786,1.2583424770564755,0.7130736259062175,-0.009172005774777059,-0.05402151469858395,0.6989446003058453
1.6796901157249052e+18,-2.074328014039182,1.207983196515635,1.2732767933079336,0.7134278307359139,-0.007905157649281902,-0.053773720243101154,0.6986176535310318
1.679690115758664e+18,-2.095848848446634,1.1927605622019382,1.2547750080485136,0.7159594928060097,0.006926744931875173,-0.05008688469660531,0.6963083575880726
1.6796901157924237e+18,-2.0415552949378046,1.3552739821540682,1.2934477237554496,0.7186010002779235,0.013631766126975586,-0.04100842387216297,0.694078588146435
1.6796901158261865e+18,-2.0754691991889898,1.469874705479149,1.2824986377376066,0.719207418130487,0.026474574946133145,-0.029103283240806348,0.693680607695001
1.6796901158599514e+18,-2.06401188297002,1.6099348344404538,1.3363967762075248,0.7168693442193129,0.026694845417181146,-0.015722806110220082,0.6965188596978157
1.6796901158937175e+18,-2.08716356554002,1.0353748488679484,1.239859698511683,0.7138497896474317,0.0268310874870763,-0.023643937461939248,0.6993851119275231
1.679690115927487e+18,-2.093488741312743,1.0260671523488172,1.2395242657520735,0.7092165118959215,0.02860931551371637,-0.020018406859730265,0.7041254928681513
1.6796901159612572e+18,-2.093479920905732,1.0194813826917155,1.2373996800220437,0.7049688734407878,0.029047638408319698,-0.019067659835489702,0.7083865798636533
1.6796901159950305e+18,-2.0886761569666046,1.0085069101290671,1.2304292243353272,0.703070951425519,0.031853174082046354,-0.018016264377709784,0.7101774614702908
1.6796901160288056e+18,-2.0818759479796913,1.0005402150651694,1.2276666881075107,0.7017803077411754,0.0360496350357189,-0.014362841678473423,0.7113357380726855
1.6796901160625833e+18,-2.0817246728940475,0.9935761191873798,1.2249953368687188,0.7019515098294612,0.04205459774480991,-0.008188558311358346,0.7109349029056341
1.6796901160965763e+18,-2.084993813994007,0.9883913465423082,1.225110178378093,0.7025784972132808,0.04731670630711149,-0.00047649173654636974,0.7100312369983447
1.6796901161300383e+18,-2.0852137530675154,0.9827655073438444,1.2207273529376361,0.7031363023733652,0.05158833012913633,0.006308589173542114,0.7091531471987121
1.6796901161635023e+18,-2.054887012911693,0.85550561805896,1.2207774576329844,0.7014824989488668,0.050311214135694615,0.015759581549947544,0.7107339312218153
1.6796901161969682e+18,-2.0617913489092055,0.8536099924553262,1.2328617965845323,0.7007709112739049,0.049587045597565105,0.029429254354057376,0.7110521596967483
1.6796901162304353e+18,-2.0598762527654095,0.847096465909803,1.2298258412290703,0.7000785366010077,0.04905611325053216,0.033938701312922905,0.711569887570107
1.6796901162639043e+18,-2.0610976289201846,0.8415630510339154,1.2352687128992397,0.6993995548098458,0.047599702943741495,0.04141027761008849,0.7119408120902413
1.6796901162973747e+18,-2.063533588419314,0.8354820775340528,1.2372412728201847,0.6991590934658077,0.04822158668560239,0.0462384913533411,0.7118379327620579
1.679690116330847e+18,-2.059014730662413,0.8308882417763308,1.232810785783009,0.6995846220046766,0.049140875148195984,0.044830472437530425,0.7114469479766369
1.6796901163643208e+18,-2.0618527174250434,0.8254066900370125,1.2384416467301742,0.6996747664348099,0.05015522450447418,0.047501981666292235,0.7111140811480781
1.6796901163977964e+18,-2.0624115239358813,0.8182141497313757,1.2387915483306096,0.7013772181961456,0.05321651235315683,0.047307716989152114,0.7092249153277665
1.6796901164312735e+18,-2.034209483342954,0.6775094165260875,1.192378790891205,0.7043996158544832,0.05960232860893422,0.033163502193149695,0.7065188785380999
1.679690116464752e+18,-2.0341291087350406,0.6711606507843049,1.192812187122652,0.7057860915304587,0.062000531802645864,0.031068413623397496,0.7050224682471286
1.6796901164982326e+18,-2.0343053410123746,0.6642354481719173,1.1937652123356655,0.7071303383242198,0.06383173292076327,0.027898526546092487,0.7036432808677731
1.6796901165317146e+18,-2.024914173130868,0.5655942767245283,1.1872199783000612,0.7088766411688022,0.06665104355740448,0.02201716138751427,0.7018310271015256
1.6796901165651983e+18,-2.0254676405393353,0.546012400290758,1.1895935500755979,0.7112170362889537,0.0700657202857149,0.017152312387790192,0.6992616965864445
1.679690116598684e+18,-2.0241153983015363,0.5035209676919279,1.1874212186661968,0.7130209947116254,0.0711271223031803,0.009587089765994896,0.6974597345246043
1.679690116632171e+18,-2.0253587642791926,0.47701718355401,1.1883221185682797,0.7138786615353814,0.06859820781055115,0.0034729265870766055,0.696892732972983
1.6796901166656591e+18,-2.0276241510179234,0.44447251287042056,1.1890808436034637,0.7139687770024933,0.06295078994801728,-0.0032463044291167987,0.6973343853690553
1.6796901166991493e+18,-2.0325436705930553,0.4269747298365658,1.190305948201602,0.7142330532911567,0.056295768680331815,-0.009043770514886763,0.6975816383979416
1.6796901167326418e+18,-2.0337447617407753,0.39958185746778563,1.1889006289862352,0.7150348971305679,0.05126427024317126,-0.014139548840151625,0.6970632278642376
1.679690116766135e+18,-2.0393066386081617,0.3844661234824587,1.1885305790564458,0.7150697951766021,0.0457385831957422,-0.01889180436114176,0.6972992684359557
1.67969011679963e+18,-2.042398814957416,0.36229306224587976,1.1858389665072266,0.7135459205945595,0.037517342978214074,-0.025472441024891185,0.6991393444278123
1.6796901168331267e+18,-2.0487444130383987,0.3489973387758978,1.1847343502980308,0.7110346486052084,0.029299016035552072,-0.030422363995260594,0.7018872957328377
1.6796901168666253e+18,-2.0534832212621863,0.32659678465332,1.1812654685010793,0.7093507353404046,0.022873799416895935,-0.0327347359940146,0.7037234972854504
1.6796901169001252e+18,-2.0598725358216057,0.31551885118866263,1.178989486459221,0.7087282845965125,0.01779582633289034,-0.03209315486358884,0.7045264768544304
1.679690116933627e+18,-2.064581704467293,0.2966299134719148,1.1740027479801265,0.7094619688846859,0.012507482468535946,-0.03121664175438709,0.7039409058054111
1.6796901169671304e+18,-2.0701942758763883,0.2860653844943819,1.1708674555349008,0.7106561960996096,0.007829131483126361,-0.02902290441656085,0.7028969673178852
1.6796901170006351e+18,-2.077123897780958,0.22584690756624948,1.1676318865663518,0.7125847351007191,0.002944014236831549,-0.026222469965721234,0.7010896591381935
1.6796901170341417e+18,-2.0824538303039217,0.21518544389949268,1.1640728438615935,0.7132292574559601,-0.0003470456148614298,-0.022967810984773306,0.7005543415943751
1.67969011706765e+18,-2.086968796661739,0.19502021897179667,1.1614311423754107,0.7128609997320855,-0.0038444849409211557,-0.020702500452285184,0.7009891735765494
1.67969011710116e+18,-2.0916432568858587,0.182287374172029,1.1572594331029393,0.7121862238535308,-0.006072906599181471,-0.01985952894328244,0.701683334182049
1.6796901171346337e+18,-2.0977340945457357,0.16042964884468214,1.1541431834898963,0.7114048615201908,-0.007892029024098024,-0.020431362905483506,0.7024410283384259
1.6796901171680238e+18,-2.1022426179465348,0.1449052218951996,1.1494928154965196,0.7108789330172293,-0.008546318881000547,-0.022154683538714828,0.7029134178710557
1.6796901172014144e+18,-2.105479772524029,0.11718346693741433,1.1485414913927456,0.7109890643219158,-0.008785404141620212,-0.022714340823747965,0.7027812076383785
1.6796901172348045e+18,-2.110326317406737,0.09995153518361777,1.1445509844158375,0.7117981805006078,-0.0074317685186221505,-0.023685591712327918,0.7019452341870746
1.6796901172681946e+18,-2.1183444193767085,0.07027589709896898,1.1389504022389656,0.7132101207397571,-0.005550896926481141,-0.02519941356651038,0.7004751964014118
1.6796901173015844e+18,-2.1236817803801458,0.05138275011954185,1.135450456828106,0.7154598972636972,-0.002613375333608281,-0.02739647973166124,0.6981115516700024
1.6796901173349742e+18,-2.1307510244310484,0.025954303585492333,1.1359571945323004,0.7171347385003866,-8.000464396951124e-05,-0.0283362137432247,0.6963582550856544
1.6796901173683645e+18,-2.1363165362248986,0.0049604384654009515,1.1349797087983369,0.7179116979533885,0.0018142719641787153,-0.02864955483074475,0.6955420227181982
1.6796901174017546e+18,-2.1450977227309735,-0.07257941424797698,1.1333711411973082,0.7174485460353767,0.002161947234546324,-0.027568473079702744,0.6960624175086116
1.679690117435145e+18,-2.150133346873199,-0.09503197266673524,1.1329356264195272,0.7182949155940611,0.004725302356602734,-0.024778155797652062,0.6952813306458232
1.6796901174685353e+18,-2.158016166061192,-0.1217219846184352,1.132206613092852,0.718808597729551,0.0057434576432567885,-0.022267276784704144,0.6948275907798782
1.6796901175019249e+18,-2.1638562529072933,-0.14411054233656184,1.1318122264403199,0.7186472781458343,0.0026223510661786964,-0.019642847252524166,0.6950923474188763
1.679690117535315e+18,-2.170838724855642,-0.16931011639449567,1.1334040583274445,0.7179273759532345,-0.0030968003027538327,-0.018073713943961296,0.6958764499169804
1.679690117568705e+18,-2.1772912204645603,-0.1898930746132934,1.13286208223751,0.7161272912995984,-0.010958625817819923,-0.018866603171374112,0.6976285992280269
1.679690117602095e+18,-2.1846413217706657,-0.2112473866529423,1.132197286453964,0.713707832031009,-0.01874809352018525,-0.021033998239161463,0.6998765679782617
1.6796901176354857e+18,-2.190940846153995,-0.22969097707211672,1.1304875284169598,0.7116242766333034,-0.024732188784336473,-0.02335435466825739,0.7017362623251651
1.6796901176688758e+18,-2.1963449538325968,-0.2484594178960955,1.127954580059347,0.7111405397491228,-0.028344344524476983,-0.025907972047517994,0.70200036171158
1.6796901177022659e+18,-2.2020128334545004,-0.26512885078225645,1.1251450023457754,0.7109243106463914,-0.031164080725415433,-0.02919963651668874,0.7019706588111686
1.6796901177356554e+18,-2.2059821817060796,-0.28548525705089256,1.1228829065040982,0.7102819790790124,-0.03489903754679402,-0.032656890538660645,0.7022927415787911
1.679690117768975e+18,-2.2105929910693742,-0.3019828919969876,1.119933066166461,0.7087132312399124,-0.0386616187769796,-0.03533260553049433,0.7035498859963323
1.6796901178026107e+18,-2.215423983269718,-0.32018758021165983,1.1157817664610556,0.7069051168669734,-0.04322171954830145,-0.03767400510616312,0.704980643738422
1.6796901178362478e+18,-2.2196842757703408,-0.33645992655480317,1.112618573493656,0.7052118777526155,-0.04870978792802938,-0.03907575505750955,0.7062412119122771
1.6796901178698865e+18,-2.2250714974102,-0.3645440241307294,1.1092754882398002,0.7040145859382962,-0.05285635014361545,-0.04090146051727196,0.7070337612612138
1.6796901179035267e+18,-2.229288704908482,-0.3818423770242858,1.1058028292198119,0.703184456684814,-0.056637952232628686,-0.04353783479006284,0.7074095130725702
1.6796901179371681e+18,-2.241187849648343,-0.45744477351488655,1.0966386791948288,0.7022688315260798,-0.06057192775065756,-0.047274147905600916,0.7077532654642879
1.6796901179708116e+18,-2.2449833753538977,-0.47623432025561696,1.0935965235564975,0.7014320073566129,-0.06383022132315574,-0.05090252254530379,0.7080450374799858
1.6796901180044562e+18,-2.249854047358699,-0.5093499768827723,1.089918323650284,0.7002720886984006,-0.06723987333750459,-0.05509910357615568,0.7085632575914727
1.6796901180381025e+18,-2.252863363258699,-0.5295633487973141,1.0871587079250844,0.6993623276126408,-0.06957079586198378,-0.05955489034937442,0.7088761909634389
1.6796901180717504e+18,-2.2572345142703103,-0.5602477221577566,1.0835855277838824,0.6984490508003863,-0.07121158165638453,-0.06408152580431059,0.7092188605251745
1.6796901181053998e+18,-2.2595708292333003,-0.5827766361894575,1.0814225514432942,0.6983354783900548,-0.07134296572948062,-0.06735143287488907,0.7090144747128616
1.679690118139051e+18,-2.261910229937519,-0.607771470483585,1.0793784114458431,0.6983742390263251,-0.07084742896974328,-0.06940462950273306,0.7088279491360134
1.6796901181727032e+18,-2.2626045563318744,-0.643762042273663,1.0776550162381437,0.6985693447282545,-0.06972937253367528,-0.07094461357857897,0.7085940636331799
1.6796901182063578e+18,-2.2647339627211265,-0.6696282914563154,1.0767711079557953,0.6981742408371263,-0.06772978399657759,-0.07256921522301146,0.7090127747743306
1.6796901182400128e+18,-2.2674312320432763,-0.7025597222411646,1.0753335836309525,0.6970215132060227,-0.06598397626646246,-0.07494447266744889,0.7100636950447836
1.6796901182736701e+18,-2.2701996589974716,-0.7280234924713906,1.0757930880457083,0.6955605529004947,-0.06639744826986338,-0.07858452971292093,0.7110635469504876
1.6796901183073293e+18,-2.2743148940379645,-0.7590786699921424,1.0765723043287556,0.693685289116669,-0.06905479711934559,-0.0828014239548894,0.7121629580713759
1.6796901183409894e+18,-2.278476846880796,-0.7826269958416248,1.077135880308048,0.6931490390727911,-0.07110305051297272,-0.08675628230084792,0.7120127199155585
1.6796901183746506e+18,-2.2830072058956996,-0.805784939442808,1.0767736360413047,0.694261871211448,-0.07313124430063367,-0.08995250579278231,0.7103244483970823
1.679690118408314e+18,-2.2892332063789715,-0.8390154218486026,1.0767601515823484,0.694745639439615,-0.07810772350984951,-0.09131207343958544,0.709147223961226
1.6796901184756452e+18,-2.30132234188895,-0.921923799218733,1.0753245471868875,0.6932156264177387,-0.09214734505446309,-0.09189418690441813,0.7088839259729702
1.679690118509313e+18,-2.307832348683633,-0.9397001653147554,1.0734639916589077,0.6923198220057591,-0.09790568827485258,-0.09270238879236654,0.708882223908549
1.6796901185429827e+18,-2.312406382774134,-0.961334593664728,1.072932788190256,0.6910794453660334,-0.10395751920790397,-0.09640466118525992,0.7087370285899199
1.6796901185766538e+18,-2.3183974562013496,-0.9779498147791701,1.0703872247779507,0.6902994537705219,-0.10920975146536971,-0.10148709653297619,0.7079973612565922
1.6796901186103258e+18,-2.324556598622425,-1.0052722526114213,1.0694209130158172,0.6907640984812505,-0.11304134477261074,-0.10543546166020544,0.7063639133236381
1.679690118644e+18,-2.329370728762112,-1.0224447663859224,1.0671649953047502,0.6926367280335214,-0.11413350414771328,-0.10761074801135014,0.7040226083886931
1.679690118677676e+18,-2.334020848712592,-1.0608491836988647,1.0649634983265797,0.6946552577506743,-0.11515328825481119,-0.1084963965276001,0.7017280990696998
1.6796901187113528e+18,-2.3377231038741297,-1.0799506146351807,1.0622215605615917,0.6968768759804317,-0.11456495780609222,-0.10787938215573084,0.6997138908670744
1.6796901187787116e+18,-2.342916797310232,-1.1317019440344263,1.055198202031184,0.698370435179693,-0.11488879844999222,-0.10712845952905288,0.6982856094869601
1.6796901188121964e+18,-2.3452396330006873,-1.1650402403105007,1.0503769136529997,0.6984905227744027,-0.11414377416544152,-0.10604303810170046,0.6984533359386094
1.6796901188456095e+18,-2.346595640306216,-1.1880140241549997,1.0456811993749597,0.6984522438407849,-0.11159836545575985,-0.1041354525594858,0.6991895847490913
1.679690118879022e+18,-2.350278474417108,-1.231057791222617,1.0403157961526988,0.697867098847036,-0.10903673455890994,-0.1016031526137574,0.700549286090919
1.6796901189124355e+18,-2.3511874738250795,-1.2557530410826119,1.0363784805738114,0.6968072244554636,-0.10553027319105512,-0.09922468367698221,0.702479548126561
1.6796901189458486e+18,-2.3476895203258703,-1.2549488332768206,1.0372051020755966,0.6969623599329154,-0.0984888354776472,-0.09602599637755413,0.7037914649544255
1.679690118979262e+18,-2.3482844505389373,-1.2806717426513523,1.0343823807456696,0.6978600875540365,-0.08911550353476227,-0.09353103289595176,0.7044868140101949
1.6796901190126753e+18,-2.349338919129568,-1.3447196197791063,1.0282335947759549,0.6984242293523093,-0.08001141229064057,-0.09346884120623437,0.705028613235274
1.6796901190460882e+18,-2.34941364168023,-1.369625695083169,1.0271927266999805,0.7000523923329155,-0.06992648822664516,-0.09325890581615,0.704513811588691
1.679690119079501e+18,-2.3484160339922093,-1.402610764060129,1.0270808857659197,0.7011020023768147,-0.062095744760808036,-0.09177266301714522,0.7043989487985928
1.6796901191129147e+18,-2.3483440066092753,-1.4255429049572497,1.027413030601299,0.7008486073138521,-0.057228108630199226,-0.09071632356325365,0.705199774424249
1.679690119146328e+18,-2.3467636973626917,-1.4563146857801197,1.0277204116285825,0.6998922476996144,-0.05515134677595512,-0.08927775349021405,0.7064974545534619
1.6796901191797407e+18,-2.3459250648521905,-1.4769722543471442,1.0279629146318339,0.6989956952444237,-0.05430820793325286,-0.08569445094248421,0.7078927162067072
1.679690119213154e+18,-2.3442296160570124,-1.4954743717710386,1.0269273052770544,0.699637076486436,-0.05318045752534106,-0.07993470095742604,0.7080185334620521
1.6796901192465672e+18,-2.341696316253082,-1.5134474179440134,1.0261070234633627,0.7023956364112663,-0.05007606648517082,-0.07149758126417216,0.7064140806843803
1.6796901192799805e+18,-2.3385015110293956,-1.5306673604431889,1.0246649584149832,0.7059286758547801,-0.046004073026238546,-0.06367152053419424,0.7039135368379961
1.679690119313394e+18,-2.330664480188768,-1.5676140979213695,1.0254989408958974,0.7080768532960336,-0.042706836251634295,-0.05750161032507871,0.7024933172449299
1.6796901193468065e+18,-2.3264096216673247,-1.5896637940572407,1.0236307489271024,0.7098392491310561,-0.038187995267480956,-0.05092153219737941,0.7014819420121807
1.6796901193802196e+18,-2.321149711363501,-1.6072247129133048,1.021330238994659,0.7097111795686732,-0.03541120858613389,-0.04619284003618773,0.7020842609196583
1.679690119413633e+18,-2.3159799948535458,-1.6281212953558604,1.0190327164286899,0.7086407654392055,-0.0334323223876023,-0.04205157940049555,0.7035212932438024
1.6796901194470464e+18,-2.3104763825165873,-1.6448469065717735,1.0169452782752901,0.7075285176169054,-0.030949357573026304,-0.03769230592043229,0.7049998752475366
1.6796901194804595e+18,-2.3043569867191738,-1.6632356666890677,1.0152997015324408,0.7061769664226883,-0.027779868072493885,-0.03325171700531935,0.7067083516841459
1.679690119513873e+18,-2.297718449290957,-1.681959614567698,1.0133516925744301,0.7050082996052508,-0.02435714721697746,-0.029479162160577888,0.708167357243663
1.6796901195472855e+18,-2.2907168717031308,-1.7005793158738278,1.0122413276746047,0.7040587211700006,-0.020426796949397197,-0.025545036866960746,0.7093881266290809
1.6796901195806986e+18,-2.2830111412383745,-1.7198462680243276,1.0112191887032926,0.7032456377065504,-0.01613659152464375,-0.0226290726933794,0.7104034829093334
1.6796901196141123e+18,-2.274264143249349,-1.7405478594110129,1.0095913416462223,0.7028572352191974,-0.011109322894812923,-0.02041669969289002,0.7109510870787772
1.6796901196475254e+18,-2.265468618622528,-1.7614289911657437,1.008329543168282,0.7029014866097665,-0.005462246333476473,-0.01854989005299722,0.7110243072960265
1.6796901196809382e+18,-2.255999811934463,-1.7846636220344463,1.0069434555669599,0.7035339269228581,0.00017587302219679302,-0.01744463315820613,0.7104475121436903
1.6796901197143516e+18,-2.2451698438522936,-1.805494179110438,1.0050566231596605,0.7046212200923291,0.006497438423364255,-0.016192086369262566,0.7093691111322386
1.6796901197477645e+18,-2.234471652082467,-1.8292063712241484,1.0036552651973303,0.7068084780962909,0.014175299761379767,-0.013270906892526944,0.7071384017277879
1.679690119781178e+18,-2.222973027410276,-1.8537590324554287,1.0023937167057813,0.7095263976549062,0.021991361318751346,-0.009912104629685791,0.7042658739709107
1.6796901198145915e+18,-2.210427638747691,-1.875782405052763,1.0010151671395424,0.7127611287122201,0.030362494842733456,-0.0064562213944920985,0.7007196368799095
1.679690119848004e+18,-2.198019884710839,-1.901214634484532,1.0002601784210823,0.7159001852604387,0.03899762493233461,-0.003762817218905286,0.6971025399468027
1.6796901198814405e+18,-2.1856105979773455,-1.924756582019766,0.9997814757184239,0.718467466394165,0.04638309347244962,-0.004483727635820267,0.6939978418983469
1.6796901199148198e+18,-2.1720941782711845,-1.9479001906918123,0.9991883826428295,0.7196864118555997,0.05213137638067167,-0.006153256604143423,0.6923120146438546
1.679690119948199e+18,-2.1598304017599084,-1.9706317121021586,1.0001125119905374,0.7199223183213153,0.05682224241474432,-0.00621075543033457,0.6916968373982977
1.679690119981578e+18,-2.146990897351558,-1.9933071452503048,1.0018611320111832,0.7211473863113521,0.06283945381360612,-0.002865077919205966,0.6899198805580473
1.6796901200149573e+18,-2.134428968190478,-2.0104117239614814,1.0026485082487762,0.7231288240516254,0.06995111320360525,0.003636443057399375,0.6871523279951689
1.6796901200483364e+18,-2.122380706185922,-2.0296035023479684,1.0046782808086057,0.7251771719443252,0.07587909228403356,0.010593510692897684,0.6842866432834864
1.6796901200817155e+18,-2.1110255053391582,-2.0447183670673823,1.0056470395468928,0.726216763269781,0.08027719482078277,0.016432490517140453,0.6825648379407433
1.6796901201150943e+18,-2.100030689648744,-2.0610157407911958,1.007027295857053,0.7265712645115106,0.08462470129541255,0.022020726826645794,0.6815041783487705
1.679690120148473e+18,-2.088900286078494,-2.0744080560994647,1.0070296231586986,0.7264279069880301,0.08883751898464143,0.026627547087883018,0.6809562136479306
1.6796901201818522e+18,-2.0779142691359174,-2.088571785697753,1.007105437723073,0.7261188329778251,0.0930402305433109,0.03152571183512946,0.6805153087099931
1.679690120215231e+18,-2.067207839670422,-2.0977933904316046,1.0057533314664497,0.7261326792366601,0.09836115200896078,0.038742618934154635,0.6793787054347394
1.6796901202486095e+18,-2.055373188739298,-2.1098263706949183,1.0050293314986825,0.7270857560779285,0.10507879291992128,0.04887837058547542,0.6766946545348118
1.6796901202819886e+18,-2.0431804805426155,-2.120672317141608,1.0036891675564614,0.7288815992829744,0.112780901500529,0.060280859556262494,0.672590737710965
1.6796901203153672e+18,-2.0312027459289275,-2.128250362203378,1.0008079948945654,0.7293740759966623,0.11948537406780757,0.07033418622169339,0.6699177598007262
1.679690120348746e+18,-2.019244561197964,-2.138642830675333,0.9980719350826472,0.7280296573469157,0.12685154651659647,0.07908327275839946,0.6690495789846227
1.6796901203821245e+18,-2.007049975848138,-2.1470166622211604,0.9938458101413241,0.7247942767549359,0.13470171081465565,0.08692284651922018,0.6700545681061282
1.6796901204155036e+18,-1.9943674598092764,-2.1568863153450595,0.9897021067466613,0.7198604985672867,0.1425355655924666,0.09472183793703237,0.6726903065761567
1.6796901204488824e+18,-1.9806565899598931,-2.1663024482914297,0.985226507158679,0.7144362866244124,0.15017774980392162,0.10259586510496543,0.6756489652782095
1.679690120482261e+18,-1.96703340753798,-2.175675077650138,0.9803534198513788,0.7083371912591896,0.158211616944413,0.11141848813803439,0.6788324007027882
1.6796901205156393e+18,-1.9518600817374365,-2.186151854992258,0.976421278020698,0.7034187753046984,0.16734441881256956,0.12073326325612527,0.6801627387505502
1.679690120549018e+18,-1.9356877475176852,-2.196479373237951,0.9726286418095691,0.69971304271563,0.17810553315473843,0.13078552126471366,0.6793932766379269
1.6796901205823967e+18,-1.9195640620562107,-2.207927614508014,0.9697077253548796,0.6978304075976922,0.19131713189929622,0.14117218915066782,0.6756484961015409
1.6796901206157752e+18,-1.9023824068706678,-2.219245486512042,0.9672947090270745,0.6972064438818838,0.20449859500788115,0.15243261575342368,0.6699610413329635
1.679690120649154e+18,-1.8847651188380394,-2.230170284107836,0.965547131056102,0.6973917345799829,0.21704726397269225,0.16405985279234586,0.6630381726893598
1.6796901206825326e+18,-1.867885578785212,-2.243506556425065,0.9636783107247624,0.6985957866888032,0.22908188232561877,0.17602948583966124,0.6545983792569521
1.679690120715911e+18,-1.8493611713399973,-2.255734073937976,0.962702765401998,0.7003495043800012,0.239697219613771,0.18799102796724756,0.6455348077585987
1.6796901207492892e+18,-1.8293007438754982,-2.269566059544041,0.9618906822512514,0.7019855932691648,0.2496397396796668,0.2006927047828634,0.6360964278017487
1.6796901207826675e+18,-1.8126833052718556,-2.2832472298552746,0.960468779361118,0.70324029150683,0.2598103353712641,0.21462607597353014,0.6260090490942315
1.6796901208160466e+18,-1.7929420178625972,-2.2972130063855776,0.960230924780135,0.7038357773731333,0.2689871675269454,0.22865138418661005,0.6164248913735842
1.6796901208494246e+18,-1.773468998699426,-2.3107745270578395,0.9595640485383425,0.7033061763806777,0.27826571978845804,0.24274899058311447,0.6074549687230167
1.6796901208828027e+18,-1.756585085742998,-2.325961095755299,0.9580660097690474,0.7016934752772375,0.2879804669644487,0.25598767487564744,0.5993027846690274
1.6796901209161928e+18,-1.7371729544655627,-2.34045843212032,0.9578416099445083,0.6994233487573751,0.29771434994241996,0.2677460644307627,0.5920178967169987
1.6796901209496054e+18,-1.7175612061505356,-2.3548729652283535,0.9582870495485254,0.6963757876192859,0.3072104469436211,0.2785375558539006,0.5857468170508954
1.6796901209830188e+18,-1.700556833538135,-2.3703603888319655,0.9566007317495857,0.6920932277845722,0.3161145088047532,0.2887646113921268,0.5811140856883578
1.679690121016431e+18,-1.6815352260862775,-2.3839801202052637,0.9575322790297337,0.6868714476226221,0.3227933817902293,0.29986346506728695,0.5780086067102037
1.6796901210498437e+18,-1.6640872792314174,-2.396415995855051,0.9580146341998744,0.6816443383719569,0.329157259708145,0.3119442630545806,0.5742014203171361
1.6796901210832568e+18,-1.6472349895980463,-2.408144384539643,0.956264452080549,0.6774477608409781,0.33554528735272304,0.3241009273151954,0.5687112451678389
1.6796901211166697e+18,-1.6306907496208534,-2.4177853568835577,0.955518352722567,0.6740304492739542,0.33953999203062846,0.33537379369464887,0.5638439196854494
1.679690121150082e+18,-1.6153974345511395,-2.4269271836432935,0.9528904512548979,0.6711352583333867,0.3422424097742749,0.3456492134569716,0.5594409881392787
1.6796901211834952e+18,-1.6005198169724184,-2.434898735218913,0.9509562748047219,0.6682567374418779,0.3439893932997282,0.3562011196772196,0.555180144188819
1.679690121216908e+18,-1.588030286804364,-2.4430354415171394,0.9481691153977282,0.6652921479607279,0.34601198980116254,0.3671374557824091,0.5503382135898439
1.6796901212503201e+18,-1.5740317924828096,-2.4496696000926574,0.9459411215208104,0.6620444741375757,0.34801269410347246,0.377209445902253,0.5461660122424855
1.6796901212837332e+18,-1.559151471495136,-2.455594136448453,0.9412703020555484,0.6585358483865077,0.35076920659086475,0.38459004981799805,0.5434905644797035
1.679690121317146e+18,-1.5463642082124305,-2.4620051378625343,0.9396801894572928,0.6538793126582974,0.35244283618998784,0.39054262887183605,0.5437852027498965
1.6796901213505585e+18,-1.534040201818414,-2.4694395138951943,0.9381739352967734,0.6485313273503474,0.3540732610774119,0.39398282925116124,0.5466413572814026
1.6796901213839713e+18,-1.5211856250388935,-2.4758497573967295,0.937593773998424,0.6432254816081648,0.3554359660758435,0.39495684473987164,0.5513033145400099
1.6796901214173844e+18,-1.507943681734622,-2.4839001934340352,0.9364789052302118,0.6384186666727955,0.3574588546826125,0.39474543813284146,0.5557164855625896
1.6796901214507968e+18,-1.4941447437997113,-2.4901053964900015,0.9358673014395005,0.6347994004690425,0.3603253636696587,0.393724843526423,0.5587272152406447
1.6796901214842097e+18,-1.4757816950258056,-2.497724631645526,0.9342863683594897,0.6326999203985295,0.36303251298099937,0.38987575774485855,0.5620454596998957
1.6796901215176225e+18,-1.459935561383117,-2.5044905653374583,0.9331869490252958,0.6314476528496418,0.3653986571376425,0.3858389002207075,0.5646999434648109
1.6796901215510351e+18,-1.4380884662085445,-2.5116926449300294,0.9273405191217347,0.6307729205133649,0.36807002921957266,0.38044347449707655,0.5673735445453335
1.679690121584448e+18,-1.4195522016483684,-2.518863655418089,0.9256364985499583,0.6309282875604584,0.3697786359379669,0.3747192374828587,0.5698936299171532
1.6796901216178609e+18,-1.398218014468251,-2.5246861833417453,0.921705906954948,0.6313828425222835,0.37038020999057897,0.3671944521662912,0.5738836471917571
1.6796901216512735e+18,-1.3773690856149168,-2.531963466549401,0.9198137798681341,0.6319081171825541,0.3712948218904274,0.36064555632006273,0.576859661774636
1.6796901216846953e+18,-1.3602191604242724,-2.5345788646003076,0.9147781260991049,0.6322443973932667,0.3732005704686485,0.35446512540181857,0.5790879303185082
1.6796901217180964e+18,-1.3369507492204624,-2.5416664613017135,0.913651809010227,0.6315944836152387,0.37665979393596316,0.3520905310951474,0.5790061017053749
1.6796901217514975e+18,-1.3130351778808795,-2.546028071666509,0.9120407451730281,0.6316526897061724,0.380051978293509,0.349351668762785,0.578384634058345
1.6796901217848993e+18,-1.2868117560700498,-2.5522723903910505,0.9120883304834349,0.6326182408883075,0.3831136878089155,0.34673059812649776,0.5768846989058359
1.6796901218183002e+18,-1.2585243867371492,-2.557758607505635,0.9123632923989912,0.6347222897876779,0.3855795188919662,0.34491136912872067,0.5740141086275483
1.679690121851702e+18,-1.2301779730510691,-2.563851879117631,0.913663521590192,0.6384828669068263,0.38675506840145046,0.34183630229563616,0.5708836029919545
1.679690121885103e+18,-1.2039496281764683,-2.5683023720141334,0.9149342951102286,0.6427953359635592,0.38681339503574175,0.3371876861443977,0.5687653451090402
1.679690121918505e+18,-1.1762957059178516,-2.5742491474066655,0.9178691497823883,0.6465958713302231,0.38569243995965374,0.33556539489738113,0.5661722235186419
1.6796901219519066e+18,-1.1518169007723191,-2.578860824442713,0.921149503124612,0.6489061509589581,0.38608107628309585,0.3383668134994081,0.5615782307977879
1.6796901219853082e+18,-1.1263976886778497,-2.5845809202839076,0.9243708669173133,0.6502945984275718,0.3868994798742751,0.342953194501915,0.5566047377716709
1.67969012201871e+18,-1.1054334595885047,-2.588497013324935,0.9263565156237923,0.6515879424798492,0.38741300207368856,0.3473251873033015,0.5520050120278394
1.679690122052112e+18,-1.0823797245290225,-2.593637221150221,0.9274163442880354,0.6527031595811942,0.3878649021429521,0.3508877792750937,0.5481032471293688
1.6796901220855135e+18,-1.0634023000932324,-2.594181796763398,0.9255068478377175,0.6535039065764813,0.3878494036873261,0.35261844683208804,0.5460455247526432
1.6796901221189158e+18,-1.042855830648585,-2.597922325898276,0.9249481165678507,0.6523651925599583,0.38800092146335796,0.353833423434316,0.5465133565984873
1.6796901221523174e+18,-1.03274418123517,-2.5987640138590944,0.9245378902699798,0.6509320181931799,0.38888045803859095,0.3543312949128172,0.547273999466497
1.67969012218572e+18,-1.0130379403314278,-2.601178019860103,0.9226912942875387,0.6490913834958513,0.39001979606005566,0.3539636119454108,0.5488849569548007
1.679690122219122e+18,-0.9974397352305509,-2.6025034821949387,0.9197786297283338,0.6472549360641047,0.39183724324945035,0.35426825239296295,0.5495622147580371
1.6796901222525238e+18,-0.9778400883557404,-2.6034686681028587,0.9175757624998131,0.6443864792796171,0.39544458529802373,0.35735174592036006,0.5483515067616431
1.6796901222859267e+18,-0.9617177089707619,-2.602827516874412,0.9142279884449922,0.6409974173689197,0.39999309331629596,0.36104304156711914,0.5466038404197315
1.6796901223193283e+18,-0.941878022598202,-2.603826127160775,0.9117044111684112,0.6372361751093556,0.40429043971265044,0.36348808684493045,0.5462194689049102
1.679690122352731e+18,-0.9234919199247922,-2.606117227854824,0.9083928164265329,0.6337678986040349,0.408856107610991,0.3653455866805357,0.5456166568766668
1.6796901223861335e+18,-0.903205036108733,-2.6070469106853267,0.9058932994726046,0.6301549847625527,0.41350338818161037,0.36711231128767463,0.5451130103402931
1.6796901224195356e+18,-0.8837345045618425,-2.6089168753729224,0.9028869504323754,0.6267134217720044,0.418346802120911,0.36951797198921177,0.5437579502894768
1.6796901224529382e+18,-0.8621904573247143,-2.6100733761492716,0.9007382425422681,0.6240929255940539,0.42238188319456427,0.37164014218578934,0.5422039926896466
1.679690122486341e+18,-0.8411393229570909,-2.6119250572474986,0.8979891315323338,0.6220366457006858,0.42762988333103824,0.3745290908229489,0.5384524625396909
1.679690122519744e+18,-0.8176827225113048,-2.6126371390386076,0.8960911632076034,0.6204984859527881,0.43240519710679304,0.3792764791029873,0.5330635298391506
1.679690122553146e+18,-0.7955149352975561,-2.61326657420474,0.8940662094580658,0.618678859252454,0.4384754747953685,0.3848174607456512,0.5262045695566759
1.679690122586549e+18,-0.770957442401808,-2.6124353388789467,0.8934628013709113,0.6162707536692003,0.4460717378986253,0.39215457352367267,0.5171509966001833
1.6796901226199519e+18,-0.7471398658372623,-2.612444553708098,0.89250802507098,0.6126426896047144,0.45527280168378026,0.4006405829557148,0.5068360032691126
1.679690122653355e+18,-0.7215554837468268,-2.6104110277900947,0.8928357070475222,0.6084350417822979,0.4644596015907534,0.4106647711163273,0.4954175251093837
1.6796901226867581e+18,-0.6969454698900339,-2.6082200179824877,0.8934477934027201,0.6037521337838139,0.47277787911898816,0.42111351346974607,0.48438398687447143
1.6796901227201636e+18,-0.671331000222853,-2.60556668220768,0.893932442148051,0.5978029851018642,0.48138962933267027,0.43395024498858786,0.47178681695083374
1.6796901227535772e+18,-0.6452876947707469,-2.602334771290561,0.8950355031878788,0.591298029407481,0.48870389170439577,0.4466251031181163,0.46050099230787717
1.6796901227869906e+18,-0.6218890449574024,-2.601650389096628,0.8957315878698269,0.5847333153664537,0.49416508219391986,0.45392656478737453,0.4558930743290199
1.6796901228204045e+18,-0.5970728879455391,-2.60006695029446,0.8971151612921267,0.5761739162196604,0.5001029353589884,0.4594607943204614,0.45477076730572097
1.679690122853818e+18,-0.5744801213113153,-2.6072404687515762,0.8926349755276615,0.5637750241583273,0.5092121084272266,0.46817993524276663,0.45129624306264127
1.6796901228872315e+18,-0.5505791017998047,-2.604339562352851,0.8943099182186961,0.553994308030393,0.5159122861982701,0.4757397919944053,0.4478799726854511
1.6796901229206454e+18,-0.5292702161364318,-2.6057375953232116,0.8947397486411653,0.5474729868842158,0.5206341677880709,0.47987788426040917,0.4460163765619502
1.679690122954059e+18,-0.5078727652512187,-2.6022760393740594,0.8958948514251889,0.5429029028094993,0.5240543366871057,0.48367507928805326,0.4434883403159009
1.679690122987473e+18,-0.4893005103782788,-2.6023953892591365,0.8967382257784501,0.5381309436972259,0.5278550548894628,0.48863052197731077,0.43934535556365667
1.6796901230208868e+18,-0.4701848885324076,-2.599015033007026,0.8980324387374635,0.5345406474783351,0.5308022809160459,0.49248836643299515,0.43585598962951655
1.6796901230543004e+18,-0.46205204997209415,-2.601714118722362,0.8983890401597387,0.5304196872744251,0.5343505915835666,0.49568028807239173,0.432926613460601
1.679690123087714e+18,-0.4450582750323757,-2.5983776322343903,0.8998669615537356,0.5268710228760165,0.5378180961586544,0.49813928934341406,0.43013471042255974
1.6796901231211277e+18,-0.4287733082402403,-2.594953211934282,0.901076326253166,0.5235116582533587,0.5414497659938342,0.49949077750550197,0.4281082313679457
1.6796901231545413e+18,-0.39705771850874716,-2.5997233669610793,0.8934842078960274,0.5205176726242015,0.5466147044184232,0.49864304815491545,0.4261793377513966
1.679690123254782e+18,-0.3532522918995358,-2.5931052175988114,0.8954675417269172,0.5101168753981534,0.5583965904910029,0.5000301362841871,0.4218339530782997
1.6796901232881956e+18,-0.33545490186960136,-2.5930966287394144,0.8957207743650829,0.5068313052152972,0.5616995267594751,0.5006782257262199,0.42063878087449724
1.6796901233216243e+18,-0.3171821917320097,-2.5901691154534197,0.8960016361003903,0.5047522551922076,0.5641120911242596,0.5000608406596755,0.42064458294923346
1.6796901233550528e+18,-0.2999414851810678,-2.5903572651396694,0.8955212827904526,0.503395653806058,0.5663624036322848,0.5001025535835456,0.4191943217414195
1.679690123388481e+18,-0.2811408660937138,-2.5874346864217737,0.8956362942172202,0.5024483583461222,0.5677627107069213,0.5011636231011207,0.41716444528048335
1.6796901234219098e+18,-0.2623588149678999,-2.5881553420234598,0.8955085864666104,0.5027687212696553,0.5687812061129264,0.5020710354160772,0.4142900287019083
1.6796901234553393e+18,-0.2410271025961077,-2.5855275929044534,0.895525745982252,0.5042561159600664,0.56889024886221,0.5026038184100821,0.41167834043821866
1.679690123488768e+18,-0.2065038804060293,-2.587718497593988,0.8887546993209415,0.5061123529380153,0.5699849385367379,0.502516902501499,0.4079757575458565
1.6796901235221972e+18,-0.18300682326379825,-2.5857600416133373,0.8894546825465512,0.5088241646797004,0.5702831576333055,0.5012181164074143,0.4057776353408292
1.6796901235556268e+18,-0.15537640643788597,-2.5870359823266265,0.8889276366044798,0.5119422523719921,0.570931393816731,0.4995532683036535,0.4029876002036713
1.6796901235890568e+18,-0.12973470863456305,-2.5856755837745595,0.891674626488679,0.5157382655297582,0.5721216447265844,0.49785232722454853,0.398539741281601
1.6796901236224863e+18,-0.10148544221991873,-2.5868594832760206,0.892802486276203,0.5224070441557642,0.5729656380517915,0.4936376582429747,0.39385672546337575
1.6796901236559165e+18,-0.07565059590456324,-2.5868084476983677,0.8976440863042707,0.5319126034756286,0.573470424686866,0.4875586568538804,0.38792681062293705
1.6796901236893466e+18,-0.04865059273599415,-2.5926970971293173,0.9017206927742774,0.5409942734068741,0.5735842118289988,0.481712175879992,0.38246532874293115
1.6796901237227766e+18,-0.021199935639276024,-2.59446201599987,0.9088639361515769,0.5487864175790077,0.5722786186648753,0.4755151166155955,0.3810722036174746
1.679690123756207e+18,0.0019279847198556688,-2.6001423467316176,0.9134793792387401,0.5554467043528787,0.5690122726395276,0.4685228181194383,0.38495501180078906
1.6796901237896384e+18,0.02836143101953681,-2.604536315742906,0.9200819098288359,0.5616548261208288,0.5648649774121232,0.46305212370906085,0.38865684648145815
1.679690123823069e+18,0.05368860678998422,-2.608143996432074,0.9172673489904335,0.5654206283750878,0.561345571935554,0.4607082378519255,0.39107362663779854
1.6796901238565e+18,0.07889183621097717,-2.613032947619904,0.9217553923476347,0.5671617454780877,0.5585069257847896,0.45926794583980135,0.3942975047356522
1.6796901238899313e+18,0.09643291315542046,-2.6195986940501,0.922625860755179,0.5689391891426354,0.5547232762553316,0.4557538747340588,0.4010968605002573
1.6796901239233626e+18,0.11929706633217374,-2.6257001909751345,0.924375000116651,0.5698215487684752,0.550589678600502,0.45266250758689064,0.4089634000773671
1.679690123956794e+18,0.1417938973271322,-2.635020774472002,0.9182491276416335,0.5705183619248392,0.5478147116826377,0.4500986162167537,0.4145106464862276
1.6796901239902257e+18,0.16284058371922305,-2.641563057148981,0.9175412549711326,0.5713077272754147,0.5437685759051588,0.4465230238880772,0.4225404190741089
1.6796901240236572e+18,0.18324231916478895,-2.651203440649912,0.9125530856360624,0.5720505749969493,0.5389401836739813,0.44413262943614507,0.430171855817243
1.6796901240570893e+18,0.20309088224586014,-2.6574384602652454,0.9108737205607105,0.5719500616703209,0.534471607273027,0.44366968033057,0.43631461438928765
1.6796901240905219e+18,0.22156390579009133,-2.6637663726818195,0.9051396777642793,0.5725241882931945,0.5297174563122947,0.44321568925006954,0.4417865130352409
1.6796901241239542e+18,0.24021501086734376,-2.6690428006747124,0.9028713698361284,0.5733210998291305,0.5239626831925817,0.4434855733401204,0.4473103725060831
1.6796901241908193e+18,0.28396709021203725,-2.681797267656636,0.8949194766181218,0.5775200772757978,0.5130958219554678,0.4446639677447699,0.45329592279732367
1.679690124224252e+18,0.30752914209901205,-2.6892263138268078,0.891039899203768,0.5805219918892804,0.5082249481763355,0.444970996827418,0.4546453903499709
1.6796901242576852e+18,0.3286593246521019,-2.6937769652730505,0.8874452106487446,0.5848365385727389,0.5039881316960202,0.4445542433603444,0.45423970650981743
1.6796901242913674e+18,0.3525279481867212,-2.699685651767302,0.8846817980153274,0.5893238364485428,0.500216704571221,0.4437884809587094,0.45335686652993384
1.6796901243245422e+18,0.3751997475728126,-2.704148301621899,0.881908602738976,0.5942028471031803,0.497173217749338,0.4430121013569023,0.4510898426018767
1.6796901243908882e+18,0.4255624459782348,-2.7155931829036364,0.8777344027507631,0.6023442664512108,0.4921644528732855,0.440270928030354,0.44846075183072936
1.67969012442406e+18,0.45639778512727225,-2.725468202927729,0.8756410865173542,0.6036528376334036,0.49125293642195245,0.440601320884578,0.4473748764835972
1.6796901244572298e+18,0.48230898708881464,-2.730821275530496,0.8739681322579695,0.6041984539600641,0.49160770078417915,0.4409668235996559,0.44588603616438904
1.679690124490399e+18,0.5113696234375389,-2.7390376988666665,0.872716949461116,0.6050923026027473,0.4916762711274547,0.44008951854803674,0.44546488683763175
1.6796901245235668e+18,0.5380816237686645,-2.7451297959404757,0.871416400868289,0.6063350133207809,0.4919005847132961,0.438467672301441,0.4451266861541362
1.679690124556734e+18,0.5659725982670245,-2.753940491447845,0.8702179122116607,0.6085236994350521,0.4919813338627659,0.4357017604126658,0.4447665121496843
1.6796901245898993e+18,0.5932271592575866,-2.7608730438395765,0.8705962118918948,0.6116417973737357,0.4906618342198824,0.43279648453085123,0.44478363180668323
1.6796901246230646e+18,0.6237398989629905,-2.7710643878073906,0.870014889688382,0.6135193686408718,0.4879512804314847,0.4313358872293014,0.44659476554914046
1.6796901246562278e+18,0.6507479459068002,-2.7787223735900977,0.8727976812531298,0.614584643549804,0.48374101364664457,0.4303563565879993,0.4506370534844862
1.6796901246893903e+18,0.6785395730278274,-2.7908369614105197,0.8737954217659905,0.6153833224702153,0.4791887054292695,0.4302566851206648,0.454489533348698
1.6796901247225518e+18,0.7020853479767697,-2.796851315424245,0.8757378103321392,0.6167152643785455,0.47445448894208564,0.429447350640028,0.4583996003853695
1.679690124755712e+18,0.7239251277629639,-2.802658635125133,0.8759631133501532,0.6185839963224048,0.4708190904576627,0.4274760493907663,0.4614622961322901
1.6796901247888712e+18,0.7443386275956552,-2.80668444456344,0.8760207917474279,0.6196017987878241,0.46849536947306814,0.4258914264280819,0.4639204593637142
1.6796901248220293e+18,0.766299220935102,-2.8122661645972578,0.8749634607390895,0.6191671754269954,0.4670988145721754,0.42462285812369865,0.4670611680046696
1.6796901248551862e+18,0.7851705417705188,-2.8146654050459246,0.8744736936848727,0.6170467889172404,0.46600626020371627,0.4236886058935548,0.4717832033612941
1.679690124888342e+18,0.8063543501823272,-2.8183808447445866,0.8736449473654031,0.613687989318765,0.46531283196937456,0.422427478143446,0.47793937469087083
1.6796901249546506e+18,0.8430996954012244,-2.8219956253838756,0.8708952598056392,0.6065501710639781,0.463234995761998,0.4167558311342431,0.4937861945207126
1.6796901249878031e+18,0.8607286370862324,-2.8225420888116286,0.8690049416657839,0.6036765756685094,0.46167002219290343,0.4138542469693473,0.5011587022720262
1.679690125020955e+18,0.883539253944303,-2.826770364169959,0.8662708995659376,0.6015819661224501,0.46025608143131813,0.4114056118753054,0.5069604521649007
1.6796901250541053e+18,0.9022720015743777,-2.8268733945338864,0.8640887908198898,0.6004578688903707,0.4582625986732616,0.4087209448347744,0.5122430356756777
1.679690125087254e+18,0.9242866824508089,-2.8292137207969024,0.8613964891460812,0.6007613646157829,0.45626249582494627,0.4059674357791554,0.5158495505236682
1.6796901251204027e+18,0.9449549247853362,-2.8294208757267247,0.859544676499556,0.602328335148826,0.453615233227489,0.40358115918046444,0.5182239330785164
1.6796901251535493e+18,0.9662631991118891,-2.829761191462252,0.8576269401029599,0.6047003952370832,0.4512671017783466,0.40112689783219346,0.5194156781309239
1.6796901251866957e+18,0.9886801924061028,-2.829825954161249,0.8564266636086935,0.6089026580706134,0.44756913916157326,0.3981059656908686,0.5200298633213778
1.67969012521984e+18,1.0132525802175925,-2.8318820041881807,0.8552785667145768,0.6135791374453983,0.44396394223678737,0.3953824253295049,0.5197012582492851
1.6796901252529838e+18,1.0366288955261693,-2.8319420163812605,0.8552115529148887,0.6187032125390914,0.44106205890001493,0.3939469770339352,0.517181181288058
1.6796901252860652e+18,1.0611849616600095,-2.833282082374005,0.8553697274447458,0.6238273355685698,0.4383412436967825,0.39253875829047014,0.5144023062852192
1.6796901253192727e+18,1.0852032796203865,-2.833535661354669,0.8564250707372648,0.6296594624697468,0.43567754979025575,0.3908462657985396,0.5108358155439048
1.67969012535248e+18,1.1103552227929512,-2.834645290048229,0.8569950942979025,0.6358007292313408,0.43375819506607205,0.3893602435795257,0.5059741709233893
1.679690125385686e+18,1.1327312854984026,-2.834520677629704,0.8581728532838959,0.6437024212882058,0.43117208860692435,0.3860455326344872,0.5007061708896733
1.679690125418891e+18,1.1670252687746439,-2.8403339833186303,0.8611277260290249,0.6501331870246881,0.4269131124342316,0.3824026244866298,0.4988389182357129
1.6796901254520947e+18,1.1902382000407916,-2.8414042964256447,0.8619873376014529,0.6543406371578872,0.4229090995867243,0.3794034251508807,0.49903834024485216
1.6796901254852984e+18,1.2118701996694672,-2.8425883854848264,0.8622690791930528,0.656305760327808,0.4205404075060216,0.37823345947753134,0.4993475390415631
1.6796901255517015e+18,1.247797007743401,-2.8420613219916966,0.8568237348794756,0.6540700938507679,0.4168115828248353,0.37631245918229167,0.5068030680819519
1.6796901255849021e+18,1.2661074236167809,-2.843988892445383,0.8552553367734865,0.6513333170646325,0.41447277686873785,0.3754205166134097,0.5128710003714589
1.6796901256181012e+18,1.2833739256138126,-2.8462167507392735,0.8536367143719337,0.6484065990807099,0.4128369198230012,0.3743989844093027,0.5186134980627936
1.6796901256512998e+18,1.303039976546921,-2.848722975912052,0.8515726556322532,0.646967097195054,0.4104559056724588,0.37193124902025587,0.5240483476243766
1.679690125684498e+18,1.3194622532807518,-2.851210079680355,0.8487587295667335,0.6460437149995137,0.40753714782066164,0.36909780903567047,0.5294410248751933
1.6796901257508897e+18,1.3553166948222468,-2.8555986871905112,0.8420107240308192,0.6445837185367082,0.40392288840472557,0.3706947095385462,0.5328635494573692
1.6796901257840845e+18,1.3754956224147017,-2.8570676768794128,0.8387007363103552,0.6437926620373712,0.403381707760298,0.3744323712222422,0.5316150915202743
1.6796901258172787e+18,1.3938047011387906,-2.858630154541962,0.8354815020804265,0.6429703389132868,0.403062730437484,0.3783056648755471,0.5301079159313542
1.6796901258504714e+18,1.4158939598105353,-2.8603320800827587,0.8322615268763922,0.6427298688096115,0.40215428291822386,0.38164441075708966,0.5286944223352306
1.6796901258836634e+18,1.4362387048814262,-2.861675972625397,0.8291174697613622,0.6421021932414234,0.40149734587702557,0.38544394678881855,0.5271978931787537
1.679690125916854e+18,1.4593816098245893,-2.8632265534965686,0.8263375552748713,0.6408429565752719,0.40202232042351116,0.3896925798481382,0.5252028675668694
1.6796901259500447e+18,1.4812181351867217,-2.864284201800749,0.8241347092582206,0.6393403344842026,0.40444653265538577,0.3941722592890649,0.5218190959821404
1.679690125983234e+18,1.511269568661464,-2.868497750356605,0.8192808238915925,0.6380950954523805,0.4082184019967091,0.39705811147781794,0.51820579072463
1.6796901260164221e+18,1.534332509022833,-2.870351745255647,0.8183768122303733,0.6355931930790797,0.41360555150407274,0.39958064106324237,0.5150602411019898
1.6796901260496095e+18,1.5581654255704305,-2.871393452581005,0.82136800818509,0.632438307646753,0.4201437206520835,0.401541404248091,0.512118679303935
1.6796901260827955e+18,1.582264202569909,-2.873890300801409,0.8219044770513256,0.6300321812738859,0.42778598164372805,0.40265428915582857,0.5078662500036752
1.6796901261159808e+18,1.6103795344581957,-2.876226737736615,0.8214948734223372,0.6276975290765312,0.4361659345926915,0.40308949207482503,0.5032633017327617
1.6796901261491656e+18,1.6347479414318167,-2.87792154656176,0.8225646604561428,0.6255608399858673,0.4454818845118397,0.4039862165246229,0.49700569705595593
1.6796901261823496e+18,1.66098173557123,-2.879050581594907,0.8247774661449051,0.6235953483084379,0.4563958057654207,0.40627406356595847,0.4876198266287102
1.6796901262155318e+18,1.685013791722344,-2.879599179064555,0.8266650042784066,0.6217445073203922,0.46752406484046993,0.40957811667487615,0.4765509235674907
1.6796901262487135e+18,1.7104792424705602,-2.878832722796429,0.828706806551259,0.6180799389529538,0.47669391761319313,0.41379774645205075,0.4685205683912963
1.6796901262818941e+18,1.7321255417015633,-2.8781829873390485,0.8319581335643336,0.6120498631940983,0.48426439113769015,0.41831136049677164,0.46464886755427265
1.6796901263150943e+18,1.7557207102369554,-2.87789949713944,0.8334040742808809,0.6062758296974416,0.4904639625682611,0.42208127547161367,0.4623008940536176
1.6796901263484795e+18,1.7757913709877495,-2.8759514393103363,0.835158176699128,0.6009492462004979,0.4959428968919396,0.4249464676121067,0.46078318781990885
1.6796901263818652e+18,1.7994664610138738,-2.8739878028821018,0.8362158905648496,0.5962169014234856,0.5010661276172139,0.4275265750109789,0.45899800639114824
1.679690126415251e+18,1.8177006884490787,-2.870157683654278,0.836652360433637,0.5908348138931555,0.5059195363721097,0.43145704274047797,0.4569512727616715
1.6796901264486367e+18,1.8364703421741286,-2.8659469691235246,0.8362298239019661,0.584643064690468,0.5110261172977074,0.43816868331842285,0.4528277810691021
1.6796901264820224e+18,1.854187066132561,-2.8600757618509958,0.836016226023044,0.5792056831168969,0.5152148277910352,0.4456136345331189,0.44777555380740336
1.6796901265154086e+18,1.8669637903885514,-2.856649640595199,0.8350038971666103,0.5745704984179925,0.5186323382953505,0.452103742510932,0.44327355665503665
1.67969012658218e+18,1.901644827966683,-2.8474014715593627,0.8313474701448367,0.5658883714125965,0.5247530489045797,0.464517906293682,0.4343129096606289
1.6796901266155658e+18,1.9196711627412635,-2.842562181999872,0.8288980967043782,0.5617042042448643,0.5271139471748214,0.46928818340584305,0.4317497823312336
1.679690126648951e+18,1.938519304768459,-2.8413040396024742,0.8268181212371926,0.5585199862001933,0.5284146344764384,0.47179551700576255,0.4315580948369906
1.6796901266823368e+18,1.9582055135769079,-2.838039059808044,0.8242715486677115,0.556473820651943,0.5291553757212417,0.4737135587020694,0.43119246233690267
1.679690126749108e+18,1.9994715653632615,-2.836092655140666,0.8197312843036493,0.5565070745403259,0.5309472657417053,0.4739660537191095,0.42866193779003714
1.679690126782494e+18,2.0243614401696135,-2.835992019433423,0.8182567493611554,0.5580277040448218,0.5313766640454487,0.4722758370390384,0.4280180558988968
1.67969012681588e+18,2.046588060568242,-2.8338483762019955,0.8171153361729078,0.5601302375210585,0.5321801621977023,0.469690751870372,0.42711706777565694
1.6796901268492657e+18,2.070804730783694,-2.8345034328884227,0.8163479851041199,0.5621328008472718,0.5326633358355061,0.4659678228190162,0.4279608311113271
1.6796901268826514e+18,2.0952780958492427,-2.83210711418199,0.8162693763589706,0.5632245317168156,0.5334329887455788,0.46170522979094025,0.43018095515030486
1.679690126916037e+18,2.123367946944213,-2.8296300482047894,0.8178364507404237,0.5633353202470405,0.5349900309230282,0.4580500662137946,0.43200592659902326
1.6796901269494226e+18,2.148853387714577,-2.8256523118883248,0.8189632749215643,0.5630719499394388,0.5370041325158084,0.4551944763605946,0.43286779684234533
1.6796901269828083e+18,2.177639074067626,-2.8226542547667,0.819670564215971,0.5630039700679987,0.5385524485319526,0.4531214253076577,0.43320752970726073
1.679690127016194e+18,2.204000894541408,-2.8186147770672347,0.8209803682216719,0.5642667317996245,0.5383076753561534,0.4520217705952136,0.43301757579201416
1.6796901270495798e+18,2.2238914182927205,-2.8165707239081295,0.8210599923955463,0.5681085403187928,0.53540437430995,0.45125509297394756,0.4323929734069416
1.6796901271163515e+18,2.2723809888324666,-2.8093556445925953,0.8240166624870343,0.5734135259382483,0.5280317782416671,0.45402653998300657,0.431554481414651
1.6796901271497372e+18,2.2962820031287636,-2.8059852304373605,0.82701790193647,0.5750585744389881,0.5240731615196136,0.45351041415100746,0.43472205096546085
1.679690127183123e+18,2.318689713121449,-2.804160351405039,0.8284500051028139,0.5766155565539202,0.521551320842286,0.45195604519766575,0.4373036163547766
1.6796901272165087e+18,2.3421537412153244,-2.8004182631232926,0.8304792562206207,0.5760635208653913,0.5212312482950241,0.4519031233158141,0.4384659312493864
1.6796901272498941e+18,2.3630969625006273,-2.7975549194714757,0.8306958617758746,0.5729533496782814,0.5226279224220773,0.45270532995964435,0.4400481769344693
1.67969012728328e+18,2.3849074596644435,-2.7934538228874777,0.8312833089547962,0.5683596557592848,0.5235712301774008,0.45213983062424984,0.4454324215846723
1.6796901273166653e+18,2.4045982800201378,-2.790474347643567,0.830189899331316,0.5634114540989703,0.5248917900883688,0.4511356676574386,0.45114604226922805
1.679690127350051e+18,2.426079668161514,-2.785092286447659,0.829168539803214,0.5586906588237351,0.5267610683653585,0.4516053019561645,0.45435688158403514
1.6796901273834368e+18,2.444518124137536,-2.7802360505385026,0.8275502541487456,0.5531939225080227,0.5296405084717047,0.45575060754824526,0.45359541400396364
1.6796901274168228e+18,2.4654642483117266,-2.772653625802598,0.826210405356594,0.5483387900959827,0.5325645531852583,0.4601900284874668,0.45158023168354505
1.6796901274502088e+18,2.483714355339684,-2.7663622382179085,0.8252519222110497,0.5434100802807862,0.5359620018253114,0.46554065225143443,0.4480202209163595
1.6796901274835945e+18,2.504312680446767,-2.7566449015669523,0.8247150405962923,0.5384201863759596,0.5404290464111624,0.47075710529289544,0.44320186880726514
1.67969012751698e+18,2.5222350454378537,-2.749317125544236,0.8249106937253579,0.5336647812105803,0.5457182425201196,0.47519908540678885,0.43769776136595334
1.6796901275503654e+18,2.542590160928274,-2.738266759541376,0.8254374514428172,0.5294480955111059,0.5516086448326794,0.4785985922090873,0.4316897087503917
1.6796901275837512e+18,2.56147422625712,-2.7281573809740918,0.8263628016232083,0.5245115616161303,0.5588733475666144,0.48226176824232014,0.4242308216083375
1.679690127617137e+18,2.5819905068453304,-2.715335295138501,0.8276993254536674,0.519383616402597,0.5663428680519004,0.48615257087398517,0.4161154799474812
1.6796901276505226e+18,2.5987384084519176,-2.7060917729200433,0.8289808803365062,0.5133602671973428,0.5745020916395863,0.4904508548700516,0.4072671625874696
1.6796901276839084e+18,2.619708733211578,-2.691806088166013,0.8310682346341702,0.5071026253425208,0.5826361984513034,0.49529223006355166,0.3975771553593214
1.6796901277506803e+18,2.654786003935148,-2.6683420855802416,0.8361081036371876,0.49240389498968057,0.5993531208811275,0.5106921616026404,0.3708203834293181
1.679690127784066e+18,2.6750594489514476,-2.6520785536185105,0.8389281589916704,0.48459263501956706,0.60760331989312,0.5199789994672183,0.3544150446196119
1.6796901278174518e+18,2.6911325798346777,-2.6406215069657044,0.8417443207866637,0.47577529767739946,0.6161242715687782,0.5295466536851088,0.3370594749813864
1.6796901278508375e+18,2.7102660983618954,-2.6236274740171037,0.8452675187210751,0.4668663858314595,0.6242440177059015,0.5386004329960346,0.31978861411180415
1.679690127884223e+18,2.726232240460029,-2.61150520528862,0.8475719944523543,0.45605480244908364,0.6332506291761439,0.5479038255949228,0.30134540930565706
1.6796901279176084e+18,2.742120915612265,-2.5939616590388477,0.8506375702668568,0.44387419699448377,0.6426090037094114,0.557243495781669,0.28197349521386644
1.6796901279509942e+18,2.7575094095531494,-2.5825314793147607,0.8529175295821372,0.42989159814023603,0.6523170145053869,0.5654076573968947,0.26455605718291164
1.6796901279843796e+18,2.7713220587799974,-2.5657259522341374,0.855913639522716,0.4168315761873297,0.6609536223081295,0.5709480761170321,0.25181350366731503
1.679690128017766e+18,2.7783437497685277,-2.5587694612898835,0.8559470789202366,0.4044131610977268,0.6675311774006203,0.5768134029578947,0.24111910023309813
1.6796901280511516e+18,2.7984403116023175,-2.53999172430105,0.859233011013843,0.391355091119052,0.6739278908357296,0.582607429212269,0.2307183868606354
1.6796901280845373e+18,2.8057506981267997,-2.528246386275298,0.8607698597317934,0.3791310633923693,0.6777863360915043,0.5899196403561696,0.2210432928199204
1.679690128117923e+18,2.8161629824852117,-2.5136087267645157,0.8625272168549445,0.36849505206038424,0.6796206708237954,0.5982034485355556,0.21090228674957198
1.6796901281513231e+18,2.825766999265886,-2.4989709164468117,0.8637829808632628,0.3588166195580234,0.6809810993561367,0.6063106533808295,0.19975677071271483
1.679690128218058e+18,2.843359572500006,-2.4699562173913225,0.865073339852396,0.3409695479612323,0.6834503889842606,0.6204355617563809,0.1780310278249814
1.6796901282514253e+18,2.848578743406409,-2.4567382465607155,0.8656756056337901,0.33243606325919745,0.6846932928952446,0.6257378631907586,0.1706853393776314
1.6796901282847926e+18,2.853385366480916,-2.447714711576313,0.8649910078248311,0.3239431227900308,0.6861012723774902,0.6299205996824516,0.16590941906574247
1.6796901283181601e+18,2.85882203234671,-2.4358511732498886,0.8654101119736044,0.3166055948721704,0.687236481133529,0.632986794409496,0.16369066680185096
1.6796901283515272e+18,2.879055434594135,-2.413335090113266,0.864238177852233,0.31051054008557255,0.68831753932195,0.63531344212289,0.1617992577718043
1.6796901283848947e+18,2.8846727423463125,-2.401742088947649,0.8642260452776107,0.30426693357160883,0.6886999847715726,0.6386160508087672,0.15900787326412438
1.6796901284182612e+18,2.894658590441071,-2.385318012296537,0.8629188259754345,0.3004297210423331,0.6890178633021474,0.6408974456149646,0.15571393954679294
1.6796901284516285e+18,2.896617950751841,-2.37892432502513,0.8636687757784751,0.2973354367597859,0.6895174096884613,0.6426485571151279,0.15218479497382614
1.679690128484995e+18,2.9214658763408634,-2.352285947710988,0.86286305921186,0.30023338837217817,0.6913547638908253,0.6398963603026614,0.14973693940851174
1.679690128518362e+18,2.9334880063934934,-2.3354390388894766,0.8625383684903132,0.30291636945529365,0.6939978437623809,0.6364453529173552,0.14678548538289993
1.6796901285517284e+18,2.9439245214960392,-2.317733101593599,0.862154814814599,0.30610498688652515,0.6974056922176733,0.6319769350950247,0.1432836032960058
1.679690128585095e+18,2.954390473931541,-2.2995354712993077,0.8621586664936763,0.30946648705424823,0.7012270918682176,0.626882346470759,0.13974828336569825
1.6796901286184617e+18,2.9546383714848625,-2.289457303510905,0.8628617861635671,0.31121959792424314,0.7051265666119293,0.6226500503219425,0.13507702158408333
1.6796901286518277e+18,2.9609440311726614,-2.269619331920013,0.8616118172051654,0.3119089105006785,0.7083299390767086,0.6197877399834057,0.12978708072889145
1.679690128685194e+18,2.9706541779136337,-2.251125690196832,0.8627617161433117,0.31388002955221417,0.7113528300707397,0.6165313269688988,0.12387736300317057
1.6796901287185608e+18,2.9831978959587575,-2.2293016730601583,0.8643671195468441,0.3193678596837507,0.7126207908727269,0.6135199756017047,0.1173414596578427
1.6796901287519268e+18,2.994447474556024,-2.2089607882650926,0.8669852898129013,0.3260472454180037,0.712550870897964,0.6113950009801518,0.11027512373316478
1.6796901287852923e+18,3.005239101385772,-2.189784153088552,0.8706938508495876,0.33110839387823954,0.7125487302195191,0.6094107780722726,0.1061133456982256
1.6796901288186583e+18,3.0326313728013004,-2.160357616820545,0.873500848185476,0.33505729470818796,0.7140757409559422,0.6051089155572054,0.10805390207778642
1.6796901288520243e+18,3.0433414757774475,-2.143652536878786,0.8781322219066945,0.33674176207324696,0.7144248794343058,0.6033523415186187,0.11030879069721827
1.6796901288853903e+18,3.07276943966669,-2.1236769374701305,0.8901466554066495,0.3354686038088976,0.7132945647214477,0.6054410372343869,0.11005830377531609
1.679690128918756e+18,3.0817135487105016,-2.107462273604627,0.8935004212809345,0.333367850758467,0.7117465263259414,0.6085981820654333,0.10904591294627286
1.6796901289521219e+18,3.0922762135179527,-2.090504853105993,0.8957835535480277,0.3324504566128679,0.710011056333637,0.6109987883628697,0.10973365208992869
1.6796901290188524e+18,3.118631338139311,-2.0576514768651206,0.9007737205581499,0.33123996134102374,0.7078380677469598,0.6131057654167715,0.11552782466471762
1.6796901290522176e+18,3.12576133609101,-2.0421965805839983,0.9017340918370484,0.3293519892784575,0.707653242618315,0.613636456694004,0.11918244160166443
1.6796901290855828e+18,3.133366153506506,-2.025827909537105,0.9021176156372943,0.326450040548653,0.7078245358559693,0.6142672483507128,0.12284357968452606
1.679690129118948e+18,3.1392758734276267,-2.009774250876699,0.9023814351349878,0.32146377685506405,0.7081161369767313,0.616316933787445,0.124040371855576
1.6796901291523133e+18,3.1516962161128212,-1.9924191451677435,0.9031535465843594,0.3138572519627536,0.7086659963541251,0.6203242639606713,0.12034923574104993
1.6796901291856827e+18,3.1563577740824265,-1.9748952114647826,0.9028133392553145,0.3080135488027651,0.7091160921038638,0.62323928199809,0.11770649535083234
1.6796901292190676e+18,3.1659993643502524,-1.957194490520635,0.9004808227914094,0.30278632429936153,0.7103535367418394,0.6248226432582107,0.11539046376310749
1.6796901292524516e+18,3.1700290700649854,-1.9380041502196308,0.9003765789219043,0.2976771274546565,0.7119511372663798,0.625849775798754,0.11325177291372429
1.6796901292858365e+18,3.179862954824239,-1.9172403199311248,0.8998269919187554,0.2930708740362007,0.7135152588139686,0.6267377872809625,0.11047707556527595
1.6796901293192205e+18,3.1841847031646937,-1.895697910299786,0.8997409457016339,0.28862176221292296,0.7142497160125866,0.628605351924319,0.10677140574680791
1.6796901293526052e+18,3.1956815840182573,-1.870074993027096,0.9006591091009282,0.284427534271143,0.7149528112492568,0.6308183040882233,0.1000585961448578
1.679690129385989e+18,3.200413635077301,-1.8459642760795143,0.9016222560012621,0.2809900672683828,0.7143062166211457,0.6340279519059732,0.09391361559865137
1.679690129419374e+18,3.2101427387638077,-1.8215129201601323,0.9022195266016171,0.2766583189204094,0.7135540665106761,0.6377264477913205,0.0872109312281113
1.679690129452758e+18,3.2150856841869153,-1.7960721405780866,0.9039446853305881,0.2709707520758794,0.7129790336403398,0.6418653906284684,0.07902258804976407
1.679690129486143e+18,3.226308397344953,-1.7689582966612196,0.9046238688948882,0.26630726790032117,0.7138082329397833,0.6439261479105941,0.07012390240049118
1.679690129519527e+18,3.231565098195012,-1.74312828704522,0.9070224898467472,0.26209470430365933,0.7141640097453784,0.6462221558368666,0.06060576264624415
1.6796901295529116e+18,3.2380377577032133,-1.7168589234788803,0.9093401154411023,0.25709848191401685,0.7144846772452174,0.6489298717794705,0.04797955910162221
1.6796901295862956e+18,3.2440011898233427,-1.6910066800517107,0.9118861502818824,0.25327718005947947,0.7145581924859001,0.6512130612004483,0.0343337812415562
1.6796901296196805e+18,3.250466962508262,-1.6655458039644362,0.914893716156929,0.2518486192811017,0.7146954418127541,0.6520828035742918,0.023889656777916362
1.6796901296530644e+18,3.257390581564165,-1.6411003605134251,0.9182207279237213,0.2520180569268717,0.7163343126986089,0.6503360817543018,0.020372339136140012
1.6796901296864494e+18,3.282529868616484,-1.6230332467980815,0.9255335315411285,0.2502004695940008,0.7180049896430567,0.6492783715644799,0.017497316399734147
1.679690129719797e+18,3.2889874627673743,-1.6008599713024436,0.9291342728385157,0.2507069261441416,0.7185892538315576,0.6484721624130446,0.016105155587908117
1.6796901297533133e+18,3.2883521830248252,-1.5774291277180557,0.9290680523855963,0.25250557576944777,0.7183928030239859,0.6480130057256334,0.015226922837880907
1.6796901297868303e+18,3.2817554463955965,-1.5540973118287327,0.931631200103795,0.252613316495443,0.7180544622367342,0.6483633738841568,0.014465026672662147
1.679690129853866e+18,3.289199873328326,-1.5143398948806537,0.9364212657970042,0.24578619991389922,0.7178455540932223,0.6512905690575348,0.010368175210293271
1.6796901298873846e+18,3.2752851633372906,-1.5041172342479765,0.9378439326150317,0.24045193624358763,0.7164472482303743,0.6548054765385952,0.010770086113755697
1.6796901299209044e+18,3.3109047513605567,-1.4804400594079103,0.9413659333090028,0.23406974439057182,0.7193497946025136,0.6539410222821932,0.010409954023605509
1.6796901299544236e+18,3.3143844792255575,-1.4609765825771857,0.9419493383755664,0.23006281823185146,0.721274811728437,0.653205245060635,0.01251612793959607
1.6796901299879442e+18,3.316007856164976,-1.4416644904905738,0.9410110855365663,0.2266590534615266,0.7243771998388382,0.6509248362619274,0.014149324187077494
1.6796901300214646e+18,3.320245939466667,-1.4225365854904668,0.9407432004111766,0.22294001844207645,0.7271941910495354,0.6490398794714488,0.01528370166370395
1.6796901300549857e+18,3.3210396699164884,-1.4037097770447726,0.9382523447197936,0.21931258991749944,0.7295634296107166,0.647607005917455,0.015631889359802614
1.6796901300885076e+18,3.3233782669657765,-1.3837498662830137,0.9366873833777213,0.21516816416142973,0.7298768550678127,0.6486893349807835,0.013586178635219628
1.6796901301555525e+18,3.323247472673196,-1.3432031080488476,0.9318369600996135,0.20513000587432953,0.7278222547486687,0.654334748667809,0.006517888338826729
1.6796901301890757e+18,3.3219490684773714,-1.3225435235235383,0.9295185061295715,0.20210037000639683,0.7262286595724197,0.6570664887348323,0.003317203732351724
1.6796901302225992e+18,3.322755744545722,-1.2990737363522693,0.9303752772593592,0.20098398555242766,0.7257441917734382,0.6579514211364673,0.0008562027117052161
1.679690130256124e+18,3.322119428233157,-1.2767257364833173,0.9308920549878146,-0.20026317909814478,-0.7262168715716365,-0.6576477186036692,0.0017868289223411658
1.679690130289649e+18,3.323093851526406,-1.2523457169146712,0.9334634850376476,-0.19808403928228077,-0.7264128376446288,-0.6580593502627776,0.0067077729855087665
1.679690130323174e+18,3.322531290765154,-1.2284370331205783,0.9364397184298768,-0.19750688127629748,-0.725771599664203,-0.6588470985711853,0.012927400113925484
1.6796901303566994e+18,3.323016336701447,-1.2025956466212535,0.9404761228593971,-0.19831917368324095,-0.7250417696705254,-0.6592608541564334,0.018948977797223474
1.679690130390226e+18,3.3231930298229946,-1.1773372582216526,0.9444516579911628,-0.19994059967718206,-0.7238158916411827,-0.6599141808119503,0.02505165806292624
1.6796901304237524e+18,3.32055756368157,-1.1480850270161111,0.9446160533025323,-0.2018945034410925,-0.7233584134172957,-0.6597181142525395,0.02762652612546054
1.67969013045728e+18,3.322070945789272,-1.1230500572431197,0.9486587051165205,-0.20185094684093463,-0.7236594096256637,-0.6594274346741001,0.026994675748927777
1.6796901304908078e+18,3.322484380374621,-1.0962686400007073,0.9535531973834152,-0.20093456553774303,-0.7246049373227914,-0.658796868459719,0.023657372788624276
1.6796901305243359e+18,3.325109445603476,-1.0731533609434094,0.9566494820489682,-0.19785544989551757,-0.7244585290486296,-0.6599594455417616,0.021600714699965343
1.679690130557865e+18,3.3255091102509216,-1.0503813770462331,0.958373375352495,-0.1936586394215866,-0.7231259701758974,-0.662642963371393,0.022123872376379524
1.6796901305913943e+18,3.32841975653714,-1.029529596863536,0.9604628423693011,-0.19032076815246765,-0.7219416113339467,-0.6649516234931384,0.020436571342529096
1.679690130624924e+18,3.3304724826956047,-1.008583372646441,0.9612386321369077,-0.1887759035436462,-0.7209867676069914,-0.6664991112685963,0.017907368736746112
1.6796901306584548e+18,3.3341371721977593,-0.9895261605539671,0.9622713863975707,-0.1878846619672903,-0.7203558959541301,-0.6674981013026333,0.015265048933408767
1.6796901306919854e+18,3.3364806055470915,-0.9697655074611657,0.9632321910057635,-0.18711787800188323,-0.7198119022235581,-0.6683426875195064,0.013258098980587283
1.679690130725625e+18,3.3401066274940927,-0.9513297380963937,0.9639081944974972,-0.1864017857125885,-0.7198973896386193,-0.66849971572078,0.01050013123235732
1.6796901307587904e+18,3.3425394983673637,-0.932102753664279,0.9649308086124508,-0.18348320590927525,-0.7198791458315656,-0.6693332845423071,0.010044040515456381
1.6796901307919552e+18,3.3455396974914278,-0.9136181543668109,0.9659399817152751,-0.1786829710870315,-0.7198089565263701,-0.6706853630561341,0.01134044664866247
1.6796901308251192e+18,3.346585499909878,-0.8954231948017215,0.9661432207592064,-0.17468195269958192,-0.7209218418451677,-0.6705350605864787,0.011859421399016747
1.6796901308582817e+18,3.3487998591802492,-0.8763100049678241,0.9664440078210035,-0.1711165696959941,-0.7225151470247494,-0.6697190505878264,0.01293735579710963
1.6796901309577633e+18,3.349258480785979,-0.8143136394644963,0.9664768964930001,-0.1644801749526256,-0.7296955383355394,-0.6635163118135801,0.015388220756977865
1.6796901309909225e+18,3.349096677484469,-0.7931032542518159,0.9660315519959264,-0.16048403086657526,-0.7312783011675444,-0.6626189076095741,0.0203249933977915
1.67969013102408e+18,3.34460718622839,-0.7722384628757357,0.9648779960337006,-0.1559284759189481,-0.7322101209349212,-0.6624244726183494,0.02735812995005546
1.679690131057236e+18,3.3436150632418613,-0.7493731124364662,0.9651375748705782,-0.15117148050605908,-0.7331326415034913,-0.6621596128628328,0.03476148065119008
1.679690131090391e+18,3.3396219980065194,-0.724980445893459,0.966706629915771,-0.14603967869352982,-0.7342159493376067,-0.6616925522974328,0.04197997402902607
1.6796901311235453e+18,3.3385355550618687,-0.7005701859929729,0.9684899882313869,-0.14066275973068157,-0.7355551644784418,-0.6608837263373474,0.0490437386065064
1.6796901311566986e+18,3.3404140826629405,-0.6756081575356223,0.972599099321702,-0.1336090702498382,-0.7368713148217366,-0.6601993495587988,0.05749870069834646
1.6796901311898511e+18,3.33884399470769,-0.6512045509242781,0.9752738609522342,-0.1262610022895008,-0.7378082391429299,-0.6597720565973293,0.06631737997681783
1.6796901312230019e+18,3.3409351259254905,-0.6249175882029423,0.9763399491260205,-0.11770771450148623,-0.7377830322376677,-0.6601928123823848,0.07724339303569348
1.679690131256152e+18,3.338394731352402,-0.599304216725324,0.9791057060464206,-0.10846697212407236,-0.7370692208359423,-0.6612223504701227,0.0880277393399328
1.6796901312893015e+18,3.313684902441654,-0.578985816670861,0.9770173197159671,-0.10057114890635739,-0.736548410603045,-0.662233576085182,0.09396048930915357
1.6796901313224492e+18,3.3389568887821364,-0.549201023254998,0.9806636921788214,-0.08856918235235212,-0.7377566828367081,-0.6618264937366728,0.09927874422772728
1.6796901313555963e+18,3.3366861440716207,-0.5259470751610489,0.9839521448331694,-0.07909981067237193,-0.7396437989965399,-0.6607779968288898,0.10021331979512861
1.679690131388742e+18,3.336252971892953,-0.5031314790568504,0.9870433413521125,-0.0716673825788941,-0.7406854188219376,-0.6604006948970124,0.10059731009526941
1.679690131421887e+18,3.3345626111396687,-0.480481797696394,0.9895818907569436,-0.06572033017548916,-0.7404634692633238,-0.6611063713395665,0.10165163384018512
1.6796901314550308e+18,3.336965937760054,-0.4575603902668859,0.9915999197414882,-0.06024740816279817,-0.7391184336491038,-0.6627745249436725,0.1039428686127586
1.6796901314881736e+18,3.336613338435476,-0.43608581607619534,0.993250382042366,-0.057489942543301,-0.7371787921346526,-0.6650055180263637,0.10502378743765602
1.6796901315213148e+18,3.3449730081464475,-0.41556480182889466,0.9944281714997091,-0.05534767533448678,-0.7351916969580936,-0.6672107480303984,0.10611136259450533
1.6796901315544558e+18,3.3455015843959313,-0.39448021615515394,0.9954778753263567,-0.053530752766353704,-0.7325433697570252,-0.6700113266162782,0.10770093843223925
1.6796901315875955e+18,3.3537119360103,-0.3713078277300572,0.992466053164191,-0.05035634062921049,-0.7303637768114364,-0.6721793482239777,0.1104894397730318
1.6796901316207337e+18,3.355836110757193,-0.34953443706389775,0.9932605239573077,-0.04855185749866519,-0.7288260133739285,-0.6740091761927304,0.11030407866843482
1.6796901316538716e+18,3.3614139981015105,-0.3275032157408444,0.9935493793843588,-0.047848007526089614,-0.7281515458338927,-0.6750221102829682,0.1088625055040728
1.679690131687008e+18,3.3644158190010165,-0.3052459023237355,0.9944487613833736,-0.04750763686041651,-0.7276580737487344,-0.6758623737100504,0.10708316371510714
1.6796901317201434e+18,3.368432965560986,-0.2779588065898788,0.9936507409434565,-0.048459014790064314,-0.7274302131511948,-0.6762869868302055,0.10551265480739766
1.6796901317534472e+18,3.3720526253176075,-0.2542581179337793,0.994666203280668,-0.05060784103881186,-0.7273695731189548,-0.676488813178652,0.10361098479542867
1.6796901317868234e+18,3.376871700349114,-0.22936495658112976,0.9960867585395259,-0.053511896050011526,-0.727331535019794,-0.6765677518043466,0.10188911799252756
1.6796901318201997e+18,3.380270102525576,-0.20416385924427694,0.9975011543465082,-0.05703777845042379,-0.7272318324261817,-0.6766381673007955,0.10020650820839298
1.679690131853576e+18,3.379922862266051,-0.17340517698225044,0.9977319904711659,-0.061299246588065924,-0.7267542498230262,-0.6770873428268167,0.09809889354945088
1.6796901318869527e+18,3.3828873143954485,-0.14626697923534593,1.0001413914484198,-0.06539393330535248,-0.7266055844232143,-0.677198065339973,0.09576397272279422
1.679690131953705e+18,3.385225961974185,-0.088228676437768,1.0052801477260482,-0.07481266168520323,-0.7250218983608163,-0.6783518377827272,0.09265579704287633
1.679690131987081e+18,3.387186959269836,-0.057913633525106256,1.009244656562681,-0.0798535706219449,-0.7239852982157683,-0.6791063402814362,0.0910124926364818
1.6796901320204572e+18,3.3893650168120164,-0.028960196004110816,1.014282872027206,-0.08461919043487706,-0.7226977099461166,-0.6800989960390647,0.08951518438478082
1.6796901320538337e+18,3.39205534164053,0.00018561447368714568,1.0176013234050592,-0.08983817026975732,-0.7213819863298196,-0.6810401049941498,0.08787211361395023
1.6796901320872102e+18,3.3943592502410445,0.0283447342488361,1.0227878282573684,-0.09579418083908531,-0.7199766902886126,-0.6819877455804357,0.08573071349602882
1.6796901321205865e+18,3.3866861220296176,0.05636121034392971,1.0261344585542649,-0.10194544693733826,-0.7190607112996834,-0.6825503834811819,0.08175446974711299
1.6796901321539625e+18,3.3900439280304804,0.08302353977328591,1.0317323610492797,-0.10637090012197496,-0.7183911344768349,-0.6831860345863822,0.07652615016098416
1.6796901321873385e+18,3.3904341792485813,0.10828799766702923,1.0355424802945572,-0.11077253029637957,-0.7179721305029946,-0.6835568957684518,0.07067840264272533
1.679690132220715e+18,3.394833790758865,0.13267033119934535,1.0405918847967022,-0.11503693423482193,-0.7172111201844299,-0.6842007566646795,0.06514627713943953
1.6796901322540913e+18,3.396489404989212,0.15587367035319133,1.0434777848982428,-0.11862581530870162,-0.7164274689915113,-0.6847170456694707,0.06182366040954921
1.6796901322874678e+18,3.4015355534009304,0.17809107226891596,1.047057892144052,-0.12111907820611098,-0.7163182200980699,-0.684587807798273,0.059648217609497636
1.679690132320844e+18,3.403482493004888,0.19989910856003856,1.0489685641915003,-0.12490368668280771,-0.7174842955188693,-0.6830023256663648,0.05588539944540378
1.67969013235422e+18,3.4084069905146173,0.22035076472705084,1.0514393032999092,-0.12828991765639272,-0.7201327289470294,-0.679863924862595,0.05230290046879045
1.679690132387596e+18,3.405113811950984,0.23747295751567732,1.054158053146998,-0.13186772434483252,-0.7223681439980596,-0.6770058612050982,0.04958055775057005
1.6796901324209725e+18,3.409535681001409,0.2575923434468068,1.0553318842815227,-0.13437229291580938,-0.7244365772540493,-0.6744392582127957,0.04761742763275042
1.6796901324543488e+18,3.411173770436312,0.27881685297220793,1.0563587767994667,-0.13483717899287428,-0.7258551199953365,-0.6729074829477543,0.04635514351952958
1.6796901324877253e+18,3.414585462315393,0.29906676947685984,1.0566725249170563,-0.13366898117651457,-0.7268476071422812,-0.6721264993778187,0.04550965059074289
1.6796901325211016e+18,3.414751704230138,0.3173601153294836,1.0575277204297597,-0.13278968273007666,-0.727936343698899,-0.6712196842530787,0.04404219742385461
1.6796901325544776e+18,3.417116808466605,0.3379578006126551,1.0570853619851337,-0.13182790380579582,-0.7289667331560892,-0.6702815718723439,0.04417601315474868
1.6796901325878533e+18,3.4182203604253383,0.359134894078156,1.0573795248555395,-0.1326652638043079,-0.730337237067064,-0.6685781384042482,0.04484106132654368
1.679690132621242e+18,3.419603903464422,0.3807464771524822,1.0564805999082816,-0.13506413339893353,-0.7322315020110207,-0.6659500941076081,0.04588223501473747
1.6796901326546296e+18,3.420190690031336,0.40623710679853553,1.0579215348964994,-0.13675475004080243,-0.7340392469226399,-0.6634638832293873,0.0479603791551273
1.6796901326880177e+18,3.420947524525203,0.4299871562331494,1.058166224748867,-0.13777777842865818,-0.7357205246597573,-0.661092482922773,0.051858677081448916
1.679690132721405e+18,3.4178828134484522,0.4516438458032457,1.0588199571740988,-0.13893901641317183,-0.7372118079483984,-0.6588412590916607,0.056061531000402696
1.6796901327547927e+18,3.418179645283275,0.47692594905532104,1.0603861801012724,-0.14035297690851814,-0.7384299554559715,-0.6567427371181312,0.060919783328521306
1.6796901327881802e+18,3.416010524699929,0.5013473608736319,1.0623348131879193,-0.14093404532157078,-0.7394267630029753,-0.6549799726051058,0.06623362069563989
1.6796901328215677e+18,3.4159036843581383,0.5275082146955035,1.0648437842730907,-0.14089422676989666,-0.7399598243975851,-0.6537296046237852,0.07242844178109292
1.6796901328549555e+18,3.418746718931308,0.5530108159348248,1.0658085217210926,-0.13961579429742899,-0.740535913556178,-0.6526688003657319,0.0783417369310311
1.6796901328883425e+18,3.417590083811638,0.5791399494626088,1.068066649163058,-0.13724978482338793,-0.7407375422645801,-0.6520682181338823,0.08530784808836023
1.6796901329217295e+18,3.4154250090999536,0.6027128678639935,1.0680735465972029,-0.1340893429923645,-0.7408465177720054,-0.651662928193746,0.09220581987554684
1.679690132955117e+18,3.4131200204119967,0.6279078072856874,1.0692641725934389,-0.12868706746265485,-0.7410688688665846,-0.6515482631247325,0.09869868835910352
1.6796901329885038e+18,3.410954905049607,0.6500542405202008,1.0696709254948704,-0.12267982618073839,-0.7424074639848623,-0.6505522941635736,0.10277417100779983
1.6796901330218906e+18,3.4077272492465953,0.6735396077408238,1.0711095833457522,-0.11496366213943736,-0.7447342146592859,-0.648915169873795,0.10518273722892589
1.6796901330552776e+18,3.416440451044793,0.6974425409828149,1.0729263056358826,-0.10676972038692857,-0.7471764073593243,-0.6471998965593322,0.10705109521952397
1.6796901330886646e+18,3.4126208759194094,0.7178596504053414,1.0743980671349795,-0.10062325229454104,-0.7497419995001947,-0.6453643271599198,0.10614509179676149
1.679690133122051e+18,3.4113214015327413,0.7394903084531079,1.0776736234625048,-0.09505941919265067,-0.7508669670898462,-0.6449170505058882,0.10604009865535492
1.6796901331554378e+18,3.4074623937962727,0.7586045559192924,1.0789389265388107,-0.08956644291210573,-0.7505827529789758,-0.6459557685119824,0.10651069599184723
1.679690133188824e+18,3.404761128156422,0.7781415920953954,1.0817130281696459,-0.08238174528097578,-0.7489796348001,-0.6484661353659736,0.10832555553832696
1.67969013322221e+18,3.4002359708408108,0.7963180292872156,1.0826944992909548,-0.07509443310910258,-0.7464979383012694,-0.6518720470247651,0.11029274017685428
1.6796901332555965e+18,3.394966106330755,0.8143098573038916,1.083643449700233,-0.06864950689473326,-0.7448803854794116,-0.6543397181580227,0.11081511526877748
1.6796901332889828e+18,3.397483763294715,0.8372157876442505,1.0852430078740392,-0.06348896009688643,-0.7439338128427996,-0.655930051968693,0.11084854973944545
1.6796901333223688e+18,3.3926079377707925,0.8555864978708618,1.0854713895081658,-0.060695269932936946,-0.7439251380096761,-0.6563809299733065,0.1097977595965821
1.6796901333557548e+18,3.3909268318197823,0.8770656006695479,1.08662687388282,-0.058459105302635594,-0.7440382813500777,-0.6564212001166283,0.11000353144460047
1.6796901333891407e+18,3.3864012388366778,0.8971815727465018,1.086975704840711,-0.05827468657217348,-0.7447787563723947,-0.6555628416697451,0.11020900862993621
1.6796901334225267e+18,3.3840754026481212,0.9199226406215739,1.0882679109625084,-0.05782379750461314,-0.7451441295920038,-0.6549304095550604,0.11172642130114682
1.6796901334559127e+18,3.3793001936339593,0.9418127914505543,1.0899565106516522,-0.05768278588938094,-0.7448938092239715,-0.6546167634239254,0.11525104006569932
1.6796901334892984e+18,3.374117285855638,0.9667981548425086,1.093387897462733,-0.05665439310482759,-0.7442066411522428,-0.6548274160896252,0.11894456752708504
1.6796901335226842e+18,3.368843427969166,0.9906354000933781,1.09636897825774,-0.055882492366983394,-0.7436361236418103,-0.6548606299166861,0.12263775131238171
1.6796901335560694e+18,3.367494671047626,1.0177770029866617,1.0994457488958216,-0.056115729620764616,-0.7431184835354345,-0.6548570377528105,0.12565112185229124
1.6796901335892626e+18,3.3630897418721597,1.0425979476661833,1.103604135588913,-0.057375349628206875,-0.7421794496749734,-0.655379682717684,0.12788747091119632
1.6796901336224545e+18,3.3609152151172177,1.0693176345397075,1.1078152661394678,-0.058141717592277084,-0.7401036758912379,-0.6568556182144223,0.13193478096334949
1.679690133655646e+18,3.35718135985827,1.0946002195288538,1.112528537774226,-0.05938974204364352,-0.7373268217310086,-0.6588556321793447,0.13686223891780838
1.6796901336888356e+18,3.3577951438019227,1.1187349562049584,1.1095539008710316,-0.06171728645678494,-0.734808166401092,-0.6605465333199425,0.14116023682922205
1.6796901337220252e+18,3.355359363405629,1.143841472765031,1.1144626118073127,-0.06439907949503436,-0.7333650700637154,-0.661569764924874,0.14266702039322565
1.6796901337552133e+18,3.3569048866281186,1.1691605258799378,1.117867425460843,-0.06694376368752393,-0.7325414827718362,-0.6620734236713713,0.14338859853508973
1.6796901337884004e+18,3.3567794553857437,1.1932050234693874,1.1224809543554588,-0.07026347822850713,-0.7320086139139331,-0.6626921044600893,0.14165312375409367
1.679690133821587e+18,3.359922445595264,1.216066045918832,1.123789464434392,-0.0744988173848136,-0.7308616046561399,-0.663772000831098,0.14034946369828896
1.6796901338547722e+18,3.3617344141195797,1.2389955158757169,1.1276522571680458,-0.07815818804655666,-0.7295490626100174,-0.6652986714706113,0.1379389017846791
1.6796901338879567e+18,3.363631785440618,1.257986288849456,1.1279044308592296,-0.0808667671495644,-0.7279213659112613,-0.6672461618138218,0.13554929201358898
1.6796901339211405e+18,3.3673680435912265,1.2798052636891577,1.1308862657433243,-0.08309171430524168,-0.7276811321663791,-0.6680548430382276,0.13144833051827368
1.6796901339543227e+18,3.371697387125886,1.300462323288225,1.1316686232105053,-0.08674594762291106,-0.7284004813586825,-0.6678816997618201,0.12586466720531303
1.679690133987504e+18,3.3771281320737963,1.321681418073013,1.1336790881150125,-0.08982310425479188,-0.730389779946534,-0.6666043365763422,0.11874863262076044
1.679690134020685e+18,3.383086869526352,1.3419509371279663,1.1333456383250888,-0.09113106164410285,-0.7319470767096357,-0.6658189841004495,0.11239967487178228
1.6796901340538642e+18,3.389467934939219,1.3632920018630954,1.1342109608068784,-0.09138741643872876,-0.7332547601350039,-0.6653969927697687,0.10598414442245861
1.6796901340870433e+18,3.3958250718092025,1.3842117014676172,1.1336553439339552,-0.09168350780327185,-0.7337247045178079,-0.6657451636574351,0.1001277655991492
1.6796901341202207e+18,3.4015091779397792,1.4065090668046425,1.1339719440024925,-0.09192207097426879,-0.7332839796609222,-0.6669398832920667,0.09505856150187705
1.6796901341533975e+18,3.408068959763474,1.4285630701156666,1.1334881827423997,-0.09190454057470035,-0.7326093033192759,-0.6682471757341873,0.09101030840009236
1.6796901341865736e+18,3.4143553778101516,1.4490015488976358,1.1302297078797239,-0.09326144792335593,-0.7310974985734123,-0.6701764873429508,0.08753414033165643
1.6796901342197486e+18,3.420698063845588,1.4720630809657616,1.130016148344063,-0.09544125206100784,-0.7295104717782184,-0.6720833600088287,0.08372213667956471
1.6796901342529224e+18,3.4255707765561914,1.4962196165150372,1.1307644530157983,-0.09796124508098386,-0.7273795060436571,-0.6743532001457307,0.08105806624315359
1.6796901342860948e+18,3.431403369797299,1.5204824989393504,1.1321830576470389,-0.09999840647988212,-0.7245036321040019,-0.6772764207640538,0.07994657995577618
1.6796901343192673e+18,3.4347842294074757,1.5462860382741481,1.1361564572030258,-0.10240540646750344,-0.7214525399426612,-0.6802271801512433,0.07943770339074907
1.6796901343524383e+18,3.4402415514170004,1.5711755064325628,1.1390827744322625,-0.10510708096731289,-0.7187001098447747,-0.6826627638910568,0.07996376952259365
1.6796901343856082e+18,3.444405956767734,1.596582698121824,1.141780783619227,-0.1066858079937513,-0.7167175638591048,-0.6842278773569743,0.08225742444399953
1.6796901344187773e+18,3.4491487883587597,1.6214454731348762,1.1448030647577228,-0.10808581610233152,-0.7148375815236065,-0.6855817419962746,0.0854538673222474
1.6796901344519452e+18,3.4522678498364847,1.6465922647605826,1.1466808745025951,-0.10980223638261351,-0.7139781092431688,-0.6858390352234106,0.08833768262043051
1.6796901344851126e+18,3.4553029301564893,1.6710224976574535,1.1496104003116163,-0.11043128813372245,-0.7131734967818788,-0.6861179787712246,0.09181837123322871
1.6796901345182792e+18,3.4567295675374936,1.6954935639477928,1.1514507591746936,-0.10902189274554007,-0.7138601099999188,-0.6851725127803733,0.09516615986427747
1.6796901345516065e+18,3.458296482829863,1.7185388205306582,1.1546908654252455,-0.10550802569700539,-0.7161777548160916,-0.6830011700349928,0.09729790208906222
1.679690134584811e+18,3.45938446505766,1.738985797309002,1.1580404600377332,-0.10246195755888857,-0.7202242712304011,-0.6793878172653363,0.09597260096131544
1.6796901346180142e+18,3.459170188395679,1.7598223847311854,1.1606323113389934,-0.10001311970429562,-0.7250209640139502,-0.6750954091452228,0.09267235930060187
1.6796901346512164e+18,3.458430446923453,1.779386197815565,1.1615958058007774,-0.09693592850466916,-0.7290566261795166,-0.6714622752874226,0.09065469902059901
1.6796901347176184e+18,3.4538945765650118,1.8169041643511792,1.163954279523589,-0.08860957527138284,-0.7323540299587272,-0.6688813615406011,0.09167138134133143
1.6796901347508183e+18,3.450318438064624,1.8343423525974019,1.1643226607978476,-0.08390280702195485,-0.7325436926339968,-0.6688328322476003,0.09488255826883167
1.6796901347840172e+18,3.4449925094774096,1.8536375567970127,1.1655996474507706,-0.0796389974261797,-0.7334946545972426,-0.6679807923619353,0.09718478688429291
1.6796901348172147e+18,3.440370161183595,1.8701549748875974,1.1654450600606912,-0.07627022740895949,-0.7356788591887992,-0.6658361871334207,0.0980899610423056
1.6796901348504118e+18,3.4388492662715135,1.8924852789198285,1.172266491909418,-0.07159065050472918,-0.7378506231645616,-0.6638380587876629,0.09884466784305898
1.6796901348836076e+18,3.433104592003378,1.9096653892747861,1.1722051079977134,-0.06781399278640451,-0.7400503300321107,-0.6616608545853703,0.09965783918532124
1.6796901349168026e+18,3.4267984966651737,1.9298921432009875,1.1748137675458434,-0.06340400650607021,-0.7410950292472614,-0.6605364582169169,0.10222366140101681
1.6796901349499973e+18,3.4193412730111836,1.948444468577389,1.1747547236254097,-0.05989034035245635,-0.7414634498373043,-0.6598936302666711,0.10576150727605932
1.6796901349831903e+18,3.4104427994809505,1.969862680189551,1.1765206278094738,-0.057066318545093704,-0.7415063977743585,-0.6594600480806362,0.10965465030216504
1.6796901350163825e+18,3.401248301148069,1.9903886060614109,1.1765759367350257,-0.05462080741452552,-0.740603859450979,-0.6596616210588161,0.11562454958076351
1.6796901350495741e+18,3.390678498990515,2.0138451315224444,1.178612157480653,-0.052657909794211366,-0.7392222573005232,-0.6603096048639201,0.12152705284041854
1.6796901350827645e+18,3.380306137863717,2.036380301326271,1.1790476797800353,-0.05190368327710187,-0.7374707137349996,-0.6611609046498313,0.12770752604321
1.6796901351159547e+18,3.368186284555451,2.0601548274739474,1.1811124790762892,-0.051195135554852715,-0.7354576523205362,-0.6622756044144059,0.1336866617737868
1.6796901351491433e+18,3.357145395405686,2.084295662488765,1.1820982145358871,-0.049936662867881926,-0.7329649281108026,-0.6638292981804726,0.13999788119242024
1.6796901351823311e+18,3.35460291660657,2.1168920867910157,1.1857873354607666,-0.04517572594479843,-0.730249587697857,-0.6655136969253147,0.147601533383871
1.6796901352155177e+18,3.3426243011646513,2.141636190189436,1.1875809190494209,-0.04046391069474347,-0.7271101303365244,-0.6675708663651968,0.15499247941016625
1.6796901352487043e+18,3.3302910679737794,2.1663324634715604,1.1890384703651955,-0.03463411372389013,-0.7237789897246182,-0.6694562392287553,0.16362394677266096
1.6796901352818893e+18,3.3167977317031587,2.1907789696187643,1.191255998697553,-0.02790222801791461,-0.7199904451920359,-0.6710603749071036,0.17468027287976154
1.679690135315073e+18,3.3042153732911412,2.2139609531703144,1.1931882776401976,-0.023570898422299164,-0.7173373488532735,-0.6715572281522618,0.1840718066521181
1.6796901353482563e+18,3.29102610086945,2.236634762586017,1.1963309310910568,-0.0201427945042215,-0.7163696414997293,-0.670746214387104,0.191071506123964
1.6796901353814387e+18,3.279087067874979,2.258306747502406,1.2007809308048003,-0.015631893374170903,-0.7166332067764188,-0.6690451214964093,0.19639530609650427
1.6796901354146202e+18,3.2747867646232933,2.2748829315554966,1.2011190017610258,-0.00910606423934555,-0.7167242972311073,-0.6673861108042296,0.2020374729060141
1.6796901354478006e+18,3.2626807182355053,2.2937909604338453,1.204358675390271,-0.0021957642065483277,-0.7159597389340092,-0.6668462052430266,0.2066711624733093
1.6796901354809805e+18,3.2519448111954503,2.3093512445127065,1.2058718383784008,0.00537257570934578,-0.7146355845224642,-0.6667215720932137,0.21154068655943598
1.6796901355141588e+18,3.2400133272804723,2.326355043838284,1.2073533491345732,0.012150112693738694,-0.7141761704294997,-0.6658888827270751,0.21539909055674267
1.6796901355473021e+18,3.2289439127442074,2.3407617440171595,1.2081082251718762,0.01745612603794073,-0.7150164127407661,-0.6640842998650709,0.21780462770058776
1.6796901355805215e+18,3.21707280113635,2.3568741644084614,1.2085097683755324,0.023306160303878012,-0.7160342942604105,-0.6619127755643661,0.22050666629279791
1.67969013561374e+18,3.204621904215828,2.3723058055797006,1.2095238662584085,0.030343572603114138,-0.7160168218015869,-0.6602044829242643,0.22478705306476046
1.679690135646957e+18,3.192285206224759,2.387716630397181,1.2098729015871434,0.03879033598717099,-0.7147686114564422,-0.6590224730063015,0.23084739977589053
1.679690135713389e+18,3.165944806726552,2.418142520220938,1.212159526107749,0.0576120459210422,-0.7093547888701415,-0.6578485053373238,0.24643859214262354
1.6796901357466043e+18,3.1555855232179377,2.431902393817744,1.2136727684988007,0.06893263635164747,-0.7048940677071804,-0.6575624159185314,0.25687412117264913
1.6796901357798175e+18,3.1414698150498896,2.447066931660037,1.2149184412792753,0.07772853447188165,-0.700946842398587,-0.6573032845663161,0.2656768547665303
1.6796901358462426e+18,3.1119278493112406,2.4768141392330443,1.2181625380787824,0.09367318084943202,-0.6919809446993109,-0.6573992659423958,0.28322060747939676
1.6796901358794542e+18,3.0962533876131513,2.491776081973154,1.2197407863084018,0.10103778505696345,-0.6870043256049437,-0.6574616933951276,0.2925073406068479
1.679690135912664e+18,3.078737890520479,2.507903045256689,1.2216825368670503,0.10944910192750416,-0.6815926963197839,-0.6572775039321637,0.3023881168886993
1.679690135979082e+18,3.040299038951205,2.53791023276579,1.227974022702086,0.1314392765651084,-0.6703580735374413,-0.654771410904628,0.32344732072035043
1.6796901360122895e+18,3.019362590820861,2.5497669255979476,1.2309031318031862,0.14228088447532444,-0.664849265048812,-0.6528439406993429,0.3339556763541028
1.6796901360454963e+18,2.998981770107168,2.5636870301105668,1.2340633997749153,0.15298357154842798,-0.6585451563475164,-0.6504248618257101,0.3462106338726721
1.6796901360787023e+18,2.9809382166608387,2.577026790915934,1.234345251209148,0.16303309687603357,-0.651622912614214,-0.6477276532807885,0.35952284524705924
1.679690136111907e+18,2.961210509386037,2.589849064259752,1.2367059181679265,0.17244313688618523,-0.6444464345374676,-0.6446892714821654,0.37326652781704384
1.6796901361451108e+18,2.941700163576197,2.5994468275500244,1.239534420561268,0.18479953529179924,-0.6357968013398432,-0.6413955273871713,0.3875865537008364
1.6796901362447176e+18,2.8861707010457334,2.6359793134174145,1.2422695355861824,0.21887093945470973,-0.6174917288827428,-0.6269358265901037,0.4216052015350346
1.6796901362779182e+18,2.8707031862509336,2.6468227348357405,1.2437459134423214,0.23055974851115998,-0.6134217204779412,-0.6221226188827935,0.42839169259775284
1.6796901363111176e+18,2.853796928776805,2.6558968390043467,1.2462944989877425,0.2423533354073477,-0.6093826620690126,-0.6185566257402852,0.4327878611276087
1.6796901363443162e+18,2.845145331408963,2.664921621054221,1.242770944745071,0.25269762287555236,-0.6060625373328387,-0.6142811082364709,0.43759665480725435
1.6796901363775142e+18,2.829348856338399,2.6726007185421095,1.245400108421012,0.2618826447697073,-0.6028139178752716,-0.611746494214938,0.4402261777768576
1.679690136410711e+18,2.8126566940267725,2.682641384275497,1.2470755298593013,0.2695233269288403,-0.6002186115916353,-0.6086578965204044,0.44343021947492023
1.6796901364439073e+18,2.7984838682867874,2.6889887578913045,1.2489415517795321,0.2766409687421051,-0.5978910477829775,-0.6053562682284763,0.44669884476109434
1.6796901364771023e+18,2.784555319067584,2.696184779470102,1.250730464593152,0.28217315146528554,-0.5972243919208219,-0.6015573254827558,0.44925507503531636
1.679690136510296e+18,2.771258008353569,2.7024471472950387,1.2524214387805124,0.28693803239479637,-0.5980870503276307,-0.5970348082106816,0.45111848064630605
1.6796901365434898e+18,2.7519585245212657,2.710219311183183,1.254886748360226,0.2905972977571988,-0.6004293068378171,-0.592083638547221,0.45218892400318245
1.6796901365766963e+18,2.7388560595428393,2.716341177593858,1.2559266766419825,0.29429565106655875,-0.6023973834515529,-0.5873930149720219,0.453295607894133
1.679690136609902e+18,2.7233437368174513,2.722305253092712,1.2568635707158236,0.2979008521305285,-0.6031650888306591,-0.5832549398603903,0.45525886377341507
1.6796901366431068e+18,2.7097688840746565,2.727862216300882,1.256788943169544,0.3004529413935674,-0.6031821266530955,-0.5800601021433802,0.4576348216598189
1.67969013667631e+18,2.692811768778589,2.7337985556366324,1.2582027210905298,0.30304944272321827,-0.6021148322322937,-0.5775342880629272,0.4605137459215219
1.6796901367759145e+18,2.6361600700372785,2.7586178250156306,1.249315370202136,0.30944232611514516,-0.592715812031732,-0.5769115132216468,0.469155111757638
1.6796901368423122e+18,2.5919005161283133,2.7667160852059927,1.2485866535794319,0.3146123296134739,-0.585011080770925,-0.5782099568742138,0.4737661482228727
1.679690136875509e+18,2.5702508444507686,2.77167887108217,1.2497900760330725,0.3167934229909484,-0.581031117075456,-0.578846209867394,0.4764261049332608
1.6796901369087053e+18,2.5446301074864746,2.7768841070730286,1.2527608149080802,0.3182451509608044,-0.5769779229662018,-0.5795191326030998,0.47955612314565793
1.6796901369419003e+18,2.5207069641808486,2.781896463434549,1.2555096862180297,0.3205291963378527,-0.5721737064409775,-0.5800300904142607,0.4831597853367239
1.679690136975094e+18,2.4951181431184137,2.787977174704461,1.2574367089456007,0.3233576041600779,-0.5663201179781767,-0.5802154659426123,0.487925605892984
1.6796901370082872e+18,2.4695059296445727,2.7928908315386214,1.261081276483182,0.32505096554914154,-0.56032925860552,-0.581354136452208,0.49234171037610325
1.679690137041479e+18,2.4425771203083206,2.795882442032588,1.2627377520146073,0.32404901249115897,-0.5551997667360289,-0.5842135497522363,0.4954189992376705
1.679690137074669e+18,2.420032207812808,2.7929517430420816,1.2610540764590916,0.3221101241022533,-0.5521028929579355,-0.5871471461989043,0.4966746341910294
1.6796901371078592e+18,2.3959567636554455,2.7983235674005575,1.2661407111422684,0.3236072488033281,-0.5495551342799131,-0.588444566874565,0.4969914432103762
1.6796901371410478e+18,2.3732253028004964,2.801072557360719,1.2691354389542355,0.3260384679665658,-0.5484545462993842,-0.5884815679241541,0.4965742364068843
1.679690137174235e+18,2.3512368548219706,2.8071578793883294,1.2729012670062305,0.32868008608600435,-0.5469491754764002,-0.5889822773435011,0.49589905972026815
1.6796901372074212e+18,2.329854990665713,2.8129666516328937,1.275803552400385,0.33218874944133525,-0.5455217628439905,-0.5888367366142904,0.4953059040851626
1.6796901372406067e+18,2.307545592687249,2.8191596233828773,1.2773031686279401,0.33635441992080567,-0.5449856075927286,-0.5873179283964384,0.4948879092285833
1.6796901372737907e+18,2.287429907566657,2.82539389344557,1.2785634483478343,0.3402538065377309,-0.5459624112278588,-0.5850789325884281,0.4937965525436891
1.6796901373069745e+18,2.268429897226751,2.832007756295683,1.2795071989347102,0.3433194745253118,-0.5482286143473868,-0.5822193405258852,0.4925421447348559
1.6796901373401567e+18,2.2496878594216376,2.838516029218171,1.2800724716872742,0.3461598045921051,-0.5492330835521335,-0.5799927722565726,0.49206177838428655
1.6796901373733376e+18,2.2314977102396663,2.844886738980586,1.2804694969895012,0.34908915182802186,-0.5486845215833884,-0.5785723496264342,0.49227644276214166
1.6796901374065172e+18,2.211729140539707,2.848543978365469,1.278999785613969,0.3515734386826064,-0.5474357955424509,-0.5775118992782147,0.4931431568659969
1.6796901374396964e+18,2.193198495011754,2.8552323871091567,1.2792502068580551,0.35319261629470333,-0.5464526202422378,-0.5765991499569145,0.49414363285815877
1.6796901374728742e+18,2.1838925635617956,2.841684613673773,1.2734010823353168,0.35039009919822606,-0.5477321084049059,-0.5767911533636194,0.4944980093060429
1.6796901375060508e+18,2.1646481791198635,2.84955281668447,1.2741961200157526,0.348594932882233,-0.5486027721525768,-0.5766767282694937,0.4949348666518981
1.6796901375392302e+18,2.142983723374874,2.8571813542908333,1.2749939361415399,0.34628111755875796,-0.5489350200897418,-0.5777796336124981,0.4949044618145403
1.679690137572613e+18,2.121491374683643,2.8660664387222647,1.2767148061451292,0.34459931979413677,-0.5487451118757168,-0.57957838830428,0.49418519079444134
1.679690137605997e+18,2.0981802977233173,2.8726783608250437,1.2784107145134158,0.344022022385502,-0.5470693330854405,-0.5817591656315222,0.4938828465486086
1.6796901376393818e+18,2.0742621417639535,2.88196163594636,1.2813310001753935,0.3440221330694359,-0.5434411246868631,-0.5843226344569594,0.49486116721633194
1.6796901376727677e+18,2.0540856373625047,2.874249027830165,1.2820774611417856,0.3427410685495215,-0.539633731412418,-0.5880764103700448,0.495469606956598
1.679690137706154e+18,2.027930146342726,2.8840479464747095,1.2850877596371022,0.3418857149602019,-0.5366412675908259,-0.5898673925955914,0.49717880785200613
1.6796901377395407e+18,2.0019408353956987,2.890854923021695,1.2866740538682466,0.34154093770068594,-0.5349271391263557,-0.5903401090112194,0.4986996083748721
1.679690137772929e+18,1.9744620738605916,2.9002497415178405,1.2893902927796084,0.3419400462635677,-0.5347203541884088,-0.5888400781807128,0.5004183349019331
1.6796901378397071e+18,1.9197453904731148,2.91375746591673,1.2901212846973644,0.34288906780079564,-0.5363520862263953,-0.5837684037836816,0.5039523564059881
1.6796901378730975e+18,1.8970146162628765,2.906301141184436,1.2886575549070143,0.3451480750292531,-0.536163937024083,-0.5797897718497297,0.5071931184439259
1.679690137906488e+18,1.8689438701232566,2.9149980565982143,1.2895495669354116,0.348984862412285,-0.5341260187206078,-0.5760334502708089,0.5109837826211899
1.6796901380066665e+18,1.7896846191614333,2.9509532190198113,1.2919054765212283,0.359534387279658,-0.5306642742270514,-0.5718393879664585,0.5119864908302401
1.6796901380400604e+18,1.766541651573074,2.959234252267645,1.2936895690826602,0.36451912244230295,-0.5306028788828515,-0.571655387985101,0.5087204651699466
1.6796901380734559e+18,1.7395713260599377,2.9616071942328897,1.2938143437079659,0.3686434304061313,-0.5318595480873861,-0.5719352049512931,0.5041007475336686
1.6796901381068513e+18,1.7192283716615948,2.968812658269586,1.2938084314590783,0.3718458784498105,-0.5333161900016599,-0.5726932649102469,0.4993264548253424
1.679690138140248e+18,1.699557452789181,2.9734985847148954,1.2923020262994815,0.3736234882858801,-0.5351044739249321,-0.5734234355909702,0.4952315160626001
1.6796901381736458e+18,1.680696721566396,2.979495425217521,1.2908622092763533,0.37468186163164474,-0.5371743788887733,-0.5733961431374884,0.4922134214593893
1.6796901382070436e+18,1.6635756127252612,2.9783570639265076,1.288813902657696,0.37579584207391475,-0.5384719934358101,-0.5723021147765237,0.4912185733332376
1.679690138240443e+18,1.6443738302396336,2.982832758504087,1.2869275429822342,0.37629476563851305,-0.5408815509027154,-0.569958132394984,0.49091457970094116
1.6796901382738427e+18,1.6239159321710541,2.985888586923025,1.2858131624873899,0.37561291683607373,-0.5451113317712875,-0.5665664905716623,0.49068420031802595
1.6796901383072428e+18,1.6043230396952521,2.989348604594297,1.2846706840432047,0.374142881436383,-0.5492253852992873,-0.5625104475602064,0.4918847190134555
1.6796901383406444e+18,1.60082285330395,2.9596933932674516,1.2757837315414458,0.36966934814225294,-0.55438381471781,-0.5603619427069046,0.4919325687416459
1.6796901383740462e+18,1.5809744256092257,2.9625968977586696,1.2748690705404357,0.3662291881255224,-0.5579669446439302,-0.5582678236509403,0.4928347669611798
1.6796901384074496e+18,1.5588718833891757,2.9655466557199315,1.273954317219094,0.36248493064740456,-0.5612521684408679,-0.5569815665973551,0.49332769326759557
1.6796901384408532e+18,1.5373055802311086,2.9679232911655014,1.2733558029273362,0.35869995142892125,-0.5637557080129212,-0.556152568394803,0.4941742275712115
1.6796901384742577e+18,1.517594603852091,2.96784833043316,1.273340492561859,0.35629758225942604,-0.5649203557863327,-0.5561970616307206,0.49453195359620894
1.6796901385076634e+18,1.493970792132157,2.9697333871952747,1.2730307994609587,0.35395879635279626,-0.5657184268138202,-0.5560524328998669,0.4954609206727759
1.6796901385410673e+18,1.4715334959198978,2.9637236723816947,1.2724489249675808,0.35145764778518845,-0.5663022020560246,-0.5569496305797322,0.4955667934364652
1.6796901385744003e+18,1.4463485307185933,2.9654771641385747,1.2727997734965757,0.34925157092165293,-0.5663532297362353,-0.5575535019754151,0.4963884082158275
1.679690138607621e+18,1.422646877443231,2.9634860309775064,1.2731395802727399,0.34773557934819843,-0.5653488102729213,-0.5587229058881383,0.49728201658041127
1.679690138640841e+18,1.396159958831895,2.964992194054922,1.2741004295722471,0.34679923567261955,-0.5628576755243881,-0.5609220600839074,0.49828502862457613
1.67969013867406e+18,1.3714164536182556,2.9620223782786974,1.2754100063723919,0.34670333521063607,-0.5593309871266002,-0.5644028988235199,0.49839242770472714
1.6796901387072783e+18,1.3441841452066947,2.963310301129612,1.277567623544073,0.34735970735248856,-0.5543598340997822,-0.5686540184417525,0.4986572122760312
1.6796901387404948e+18,1.3170806266926485,2.964505092833884,1.2805939856008184,0.3482584964407117,-0.5494581341271394,-0.5729449405257516,0.49854375296890485
1.6796901388069258e+18,1.2648572199503552,2.9662307664095806,1.2860628797415448,0.3483512536597177,-0.5459340625106042,-0.5800983066023707,0.4940580513881263
1.6796901388401393e+18,1.2387763532249287,2.9678087077116704,1.2897936037033333,0.3507528761925318,-0.5471192756511032,-0.579870836568397,0.491307165580908
1.679690138873352e+18,1.2168673301115243,2.965270308659542,1.2914432917995824,0.3527998525209669,-0.5480095141217101,-0.5792486169565191,0.4895803062289485
1.6796901389065636e+18,1.1930219906317736,2.967414032352453,1.29374445083543,0.354791958715688,-0.5497736801950515,-0.5781419488738582,0.4874663614525747
1.6796901389397737e+18,1.171135718301864,2.9702066514086924,1.2947284007001467,0.35496307327066323,-0.5523404729797171,-0.57761596450835,0.48505774508596106
1.679690138972983e+18,1.1493116947303477,2.967308867668916,1.2936165125245003,0.3536986823912585,-0.5558505587543497,-0.5769896115532455,0.4827114941316391
1.6796901390061916e+18,1.129429349482576,2.971160047560795,1.2933484382473999,0.35261529352564636,-0.5598146308637025,-0.5755235485732625,0.4806689909702905
1.6796901390393987e+18,1.1101329569877005,2.9752349437684282,1.2926604955708285,0.35127454261676677,-0.563746833257383,-0.5741372685496112,0.47870878471576606
1.6796901390726052e+18,1.0911814262027135,2.975478320228201,1.290923462639768,0.35050296771305794,-0.5664293071158858,-0.5740753136124654,0.4761754340212291
1.6796901391058102e+18,1.0719671004007674,2.9796147687977177,1.2896456406841965,0.35050261289905954,-0.5685672981766956,-0.5736390429743167,0.4741491265103146
1.6796901391390141e+18,1.0527765833551912,2.9827347337177486,1.288450971822049,0.3514847035655829,-0.5695218255101133,-0.573204332183676,0.4728003669551339
1.6796901391722173e+18,1.0425152870386298,2.974832684761342,1.285129683608715,0.35106086364761485,-0.5703862025525701,-0.5731280626820703,0.4721653033831961
1.6796901392054193e+18,1.0222543660968284,2.978886867598601,1.284715280016196,0.3510900157700897,-0.5699555069253338,-0.5733484937722233,0.47239604744448
1.6796901392386202e+18,1.0012468635630085,2.9824285637732406,1.2841301814346353,0.3514187679782035,-0.5683235132459286,-0.5732002831025519,0.47429386381824656
1.67969013927182e+18,0.9801394440172311,2.9849569967929996,1.2856836571687906,0.350710740693481,-0.5661150107878494,-0.5733631474590356,0.47725304824460896
1.679690139305019e+18,0.9580909628851881,2.9891417561918803,1.2861789349407131,0.34871429990722796,-0.563313116037314,-0.5749051751533211,0.48016737698689327
1.6796901393382164e+18,0.9353004596538705,2.9928444816976016,1.2873523643770517,0.3469453234456651,-0.5600241506197997,-0.5764167584345686,0.483472454083517
1.6796901393714135e+18,0.9128622905831636,2.9955943559802516,1.289094088936794,0.3458950390627276,-0.5560491723871392,-0.5779839033453539,0.4869297149620671
1.6796901394046093e+18,0.888069878325547,2.9997639910488796,1.2904407755280844,0.34530088049980356,-0.5517993171460491,-0.5794589911015452,0.4904203229422633
1.6796901394378035e+18,0.8627352517726521,3.0044138153615085,1.2923513914768971,0.34642692779043405,-0.5475004755070376,-0.5797484585611197,0.4940883906926531
1.6796901394709967e+18,0.8366728448319212,3.0083467039749987,1.2933681061329592,0.35077053855829227,-0.5416185940675747,-0.5786149548846422,0.49881265202842695
1.6796901395041892e+18,0.8100171300568781,3.012632988798948,1.2956915121937347,0.35801136121699584,-0.5336504661414815,-0.5768487544101227,0.5042723071536086
1.6796901395373806e+18,0.7834875940142203,3.0173485709579744,1.2980039661245162,0.36421882756494944,-0.5263972692222558,-0.5754908512419703,0.5089801968047064
1.679690139570571e+18,0.7574740306958418,3.0229939678663826,1.299287694152173,0.3682277460680378,-0.5206595633721967,-0.5750701304234498,0.5124610143118038
1.6796901396038848e+18,0.7315184590745842,3.0285176662128324,1.3012294223249663,0.37166571272929994,-0.5154592823558755,-0.575131329506101,0.5151604410619397
1.6796901396371983e+18,0.7061014855632368,3.0348487150947983,1.303368054037859,0.373268523408481,-0.5130650686194685,-0.5754864105317459,0.5159944147839586
1.679690139670512e+18,0.6792026517687739,3.04267888041184,1.3027866320823687,0.3742873321593075,-0.5137517703010017,-0.575078468331752,0.515027054395069
1.6796901397038262e+18,0.6563043589003412,3.048733105014895,1.304292353468299,0.3725552127696847,-0.5181602866370856,-0.5745798291122179,0.5124163841717815
1.6796901397371405e+18,0.6386573821915971,3.051246637952097,1.3078540506265215,0.3724410815948291,-0.5204990899719059,-0.5753974532039964,0.5092014423833129
1.6796901397704545e+18,0.6164916272082619,3.047322433673362,1.3012362311157675,0.37023265412441714,-0.5254400558722995,-0.5742019889361725,0.5070824443881372
1.6796901398036122e+18,0.5972518025663638,3.051943231578762,1.3006852385724466,0.3691053184307158,-0.5295617261027256,-0.5720244747206563,0.5060767159965168
1.6796901398372864e+18,0.5806271379484069,3.0564489935299255,1.2995489256183057,0.3683748227929321,-0.5325036118147057,-0.5702854101885911,0.5054843659922623
1.679690139870963e+18,0.5569287773189371,3.0605327804832148,1.2991469641978985,0.36832835590572915,-0.5344453982606536,-0.5687632270479531,0.5051838576912296
1.679690139904641e+18,0.539263676387755,3.0640358113888864,1.297353955044297,0.3684637864735047,-0.5365629881246883,-0.5664914648641366,0.5053929343277348
1.679690139938322e+18,0.517998460654914,3.0685952778064967,1.2955116987199227,0.36641339582283244,-0.5391247437416975,-0.5651685882549586,0.5056384092381899
1.679690139972004e+18,0.49876921059763757,3.0710292679295614,1.2923096432776648,0.36112760835926505,-0.5434787709877168,-0.565210112799465,0.504732804913267
1.6796901400056888e+18,0.4782405434402428,3.075439397232391,1.290493852431133,0.35711401360791656,-0.5469055294153596,-0.5658433654885623,0.5031751274778261
1.6796901400393761e+18,0.456702852712606,3.0793321930543613,1.288562800332461,0.35637291801722143,-0.5484163149422059,-0.566817581267063,0.5009548067197862
1.6796901400730647e+18,0.43482740712814727,3.0813106795695657,1.2859047123674927,0.35785051998516393,-0.5496021556356867,-0.5678650877805864,0.49740297339973877
1.679690140106756e+18,0.41147842834914017,3.084581518378558,1.2836261998519298,0.35964158998583745,-0.55126037208943,-0.5684779842899307,0.4935612528288044
1.6796901401404493e+18,0.387062266067834,3.0881244837850645,1.2814550805116498,0.3596387170809264,-0.5546548663139167,-0.568725123301635,0.48945858514915963
1.679690140174145e+18,0.36165767972711715,3.090562223105224,1.2818568569842874,0.3587767294447326,-0.5578325915110445,-0.569077011165137,0.48605906392162596
1.6796901402078423e+18,0.3352985204851271,3.0931971486782195,1.2798194018224394,0.357472511705629,-0.5607312981770991,-0.5696395656956286,0.4830161279021543
1.6796901402415424e+18,0.308134818296659,3.095649780859964,1.2784106164055837,0.35556973138405723,-0.5633669100652229,-0.5699245070529103,0.48101345826029557
1.679690140275244e+18,0.27298661596251406,3.103727130005331,1.285181375745006,0.35405309926127365,-0.5654546558185524,-0.5705003797107067,0.4789955656021767
1.6796901403089477e+18,0.2450508311432975,3.1059776650988096,1.2853792309231327,0.35199101397834587,-0.566360286240597,-0.5711054975534408,0.4787242033908472
1.6796901403426537e+18,0.21647929387180054,3.107856294456008,1.2868407792090693,0.3502739951683829,-0.5651413645380229,-0.5726874960455476,0.47953352152895623
1.679690140376362e+18,0.1891556237523735,3.1086992469341856,1.2837296293656244,0.3459038732389975,-0.5639007622825024,-0.5757749595041287,0.4804681433596728
1.6796901404100723e+18,0.15976518312271826,3.1108878248313645,1.2869349457955774,0.3412041859612399,-0.5613067790120501,-0.581180836753467,0.48035740684222306
1.679690140443785e+18,0.13062561642953097,3.1133822898006027,1.2905783217809792,0.3365603068823586,-0.5598297341436438,-0.5863990789913823,0.47901351625811944
1.6796901404774994e+18,0.10986774347330308,3.1152721085602977,1.302212080094154,0.33416892870621323,-0.5604627944450244,-0.5895539777452529,0.47606584676383373
1.6796901405112164e+18,0.08208715677284006,3.1178653181938385,1.3059707494250188,0.3309817408482799,-0.5613856381812043,-0.5913740899159776,0.4749462477428081
1.679690140544935e+18,0.05564562315699462,3.119946888435058,1.3084262345123687,0.3299986354472546,-0.5615357833447453,-0.5915628406813592,0.4752177081626422
1.6796901405786563e+18,0.03288077636675646,3.1183026518465367,1.309939922396037,0.32997681547201446,-0.5620231136816098,-0.5907488368106366,0.47566914209926997
1.6796901406123794e+18,0.008955581159376447,3.1206878273366363,1.3106657837578433,0.3310417666569576,-0.5641435631451877,-0.5884084683832056,0.47531974840671404
1.6796901406461046e+18,-0.013857042230446703,3.1231686962190217,1.3105380137161575,0.331618427918088,-0.5676139014396104,-0.5857015483717665,0.4741280137183998
1.6796901406798323e+18,-0.03285571747760829,3.115095364649946,1.3087482459742217,0.33028929204975654,-0.5714378752061745,-0.5846001917205623,0.4718160172963664
1.6796901407135619e+18,-0.056232814799721975,3.11669984106002,1.3061085560220589,0.328348215960283,-0.576766209236871,-0.5828853227891682,0.46879941279314447
1.6796901407472932e+18,-0.07994816837239815,3.116576648761545,1.3027933366118498,0.32720020319889326,-0.5812386560896831,-0.5805939175676013,0.46691793130824166
1.679690140781027e+18,-0.10147967124585411,3.108150705961014,1.3010930173725523,0.3306645783949367,-0.5819055195829892,-0.5770243886953352,0.46807024870688385
1.6796901408149522e+18,-0.12561809496520415,3.1048814983983846,1.297847573055768,0.3383395903937674,-0.5787799641185523,-0.5712398250055688,0.4735241673185354
1.6796901408482437e+18,-0.1490525777240248,3.10097474115619,1.2949978021488329,0.34597199930792394,-0.5741464570646432,-0.5652948244076254,0.48072963610843417
1.6796901408815352e+18,-0.1718880342948894,3.0925251351398737,1.2947013553641948,0.35136858174869984,-0.5699622801678165,-0.5602375595583116,0.48766483962446827
1.6796901409148268e+18,-0.19587647377054118,3.0872241831444436,1.2918314438631966,0.3561599541398656,-0.5630615894376912,-0.5566643640244622,0.4962222479819202
1.6796901409481183e+18,-0.22014290483756738,3.0818362092305382,1.2889228844954,0.35987327614329545,-0.554893432905721,-0.5559087274687597,0.5035374762220378
1.6796901409814085e+18,-0.24302468186630066,3.074679867264504,1.2885429567070485,0.36517698783782393,-0.5461992815568967,-0.5552724273562332,0.5098868931423326
1.6796901410146995e+18,-0.2679890059616956,3.067743439124453,1.2861072750374403,0.371894260208177,-0.5342114675312357,-0.5548369628011931,0.5181396644649816
1.6796901410479895e+18,-0.29352526409508295,3.060876260285498,1.2845102098761019,0.37892099892004283,-0.522094754853085,-0.5534835987280834,0.5267749514463881
1.6796901410812795e+18,-0.32056880471712046,3.0554750109295172,1.2826378181303444,0.38536621484268707,-0.5120809684184412,-0.5502172453354246,0.5352821173707828
1.6796901411145695e+18,-0.3477536903039429,3.049253868825632,1.2834459149826651,0.3926369407672735,-0.5018716067839829,-0.5464364594027062,0.5434779838083725
1.679690141147859e+18,-0.3756062362327164,3.0437614493354186,1.2850197916644897,0.3997585324014561,-0.4934658020723187,-0.5417860016151177,0.5505929044323589
1.679690141214437e+18,-0.4331316336373823,3.036083175108873,1.2886998632821711,0.4186986424252627,-0.4769946644431494,-0.5279887692930404,0.564265359936644
1.6796901412477258e+18,-0.4621122232499706,3.0324477844245004,1.291033868662369,0.4308419379307808,-0.46804530892089347,-0.5185090377586917,0.5713643242973353
1.6796901412810143e+18,-0.4886885354546888,3.033863975699746,1.290790160592093,0.4398445034163952,-0.4628969196308047,-0.5097849481550377,0.5765262884251359
1.679690141314302e+18,-0.5159903178757872,3.033947945460249,1.2928893512787325,0.44613660145720885,-0.46303170008854877,-0.5019134348065014,0.5784865439351724
1.6796901413475896e+18,-0.5424504019972922,3.0348731661623303,1.2947317219889274,0.4501851143202672,-0.46593842057261003,-0.49511507473135935,0.5788746097839407
1.6796901413808778e+18,-0.5681320557590033,3.0382436764093517,1.2946041854365982,0.45272948473791336,-0.46954314011582343,-0.48954108430935095,0.5787182215831299
1.6796901414141647e+18,-0.5921864118834048,3.0398635165213514,1.2956962357033068,0.45576196277291986,-0.4744537723605067,-0.4840252584744138,0.5769698435282709
1.6796901414474522e+18,-0.6147284006669849,3.0415148205518436,1.295868153514705,0.45933092932409386,-0.47753095428884484,-0.47953104216745734,0.5753514270948168
1.6796901414807386e+18,-0.6393702944345845,3.0448351509765175,1.2957044943122724,0.4633211607787221,-0.47845703518634153,-0.47663009401261397,0.5737910080655503
1.6796901415140252e+18,-0.6613286882066474,3.0457516026374236,1.2958739272731399,0.4671535599157313,-0.4787738187425632,-0.47477571890307513,0.5719538431419016
1.6796901415473116e+18,-0.6829163498074293,3.046710105237606,1.2961388382818972,0.4701061854685489,-0.47930582121348064,-0.47299966684662553,0.5705588657606355
1.6796901415805978e+18,-0.7057904694647499,3.048918862826101,1.2956607220145895,0.4709932717878728,-0.4808185795346891,-0.47128704039707403,0.5699713651215869
1.6796901416138831e+18,-0.7266875644284194,3.05062171675313,1.2958243871010793,0.46956291234279934,-0.48396564627553307,-0.4703801160354474,0.5692367442600077
1.6796901416471685e+18,-0.7481620395569462,3.053188588890616,1.2956898477661416,0.4672984902330245,-0.4871629138914866,-0.4703718865626138,0.5683790149945891
1.679690141680454e+18,-0.7726137285874701,3.055673146750326,1.2940671074483003,0.4638013880343999,-0.4896851315208912,-0.4720370319834575,0.567695151345315
1.6796901417137388e+18,-0.7942967197421322,3.0587154195758997,1.2940777953246236,0.4603854671281723,-0.49109435692844794,-0.4746548110536257,0.5670752724232082
1.679690141747023e+18,-0.817023365881014,3.0618298004747686,1.2936703053253442,0.4575661068657878,-0.49088104019854484,-0.47886244105742776,0.5660033787582924
1.6796901417803075e+18,-0.8418705374419517,3.0640989422750255,1.2921233593436268,0.45335852348183675,-0.49023749425340823,-0.48507687003275324,0.5646535916592903
1.6796901418135918e+18,-0.8657324446496795,3.0665168821135396,1.2916859481143148,0.4495623084500316,-0.4894945372451135,-0.49115355936088223,0.563078156169645
1.6796901418469043e+18,-0.890579004650714,3.0687909910230156,1.2912290256425853,0.44646950624863063,-0.4888223922053616,-0.4955175456650621,0.5622988625337998
1.6796901418802463e+18,-0.9167944331871096,3.069411015460825,1.2896403554160278,0.4421218898313017,-0.4902641026266178,-0.4992731337764894,0.5611556665460291
1.6796901419135875e+18,-0.9427348295866228,3.070963652803251,1.2900864872734419,0.43700240457505685,-0.49257293015063486,-0.5025182134417939,0.5602465993093614
1.6796901419469297e+18,-0.9692485144277511,3.0720766595324642,1.2911954975974604,0.43174757329313457,-0.4943668111733499,-0.5068459089871322,0.5588405081137108
1.6796901419802719e+18,-0.9972217133669229,3.0718175456880283,1.2911297908407986,0.42702620029139743,-0.4945168355257249,-0.5124100581896045,0.5572590563754349
1.6796901420136136e+18,-1.0243277120000847,3.0729892585497813,1.2934318966767808,0.42211629193063194,-0.4934098374880238,-0.519570358572603,0.5553478287069401
1.679690142046955e+18,-1.0510164677959213,3.074304609488377,1.2962748933821409,0.41801329484443267,-0.49302977715205476,-0.5262608962772757,0.5524816677720037
1.6796901420802972e+18,-1.0769506684311763,3.0739075741788655,1.2989875764753056,0.4150516213078549,-0.4956960287961466,-0.5303153554507739,0.5484370724691854
1.6796901421134733e+18,-1.1018522340145436,3.0758616968687194,1.302152200760141,0.4130400973813098,-0.49939920802687376,-0.5325870282853428,0.5443797996615574
1.6796901421471242e+18,-1.1257434747541368,3.0777055421795803,1.3044572245861665,0.4123259495484696,-0.5033763489075006,-0.533913950565147,0.539940233805025
1.6796901421807775e+18,-1.1482279232234278,3.078627339215976,1.3061285100662159,0.41231897540809515,-0.507332204394263,-0.5337312147176285,0.5364122363806789
1.679690142214433e+18,-1.1696550419822427,3.0813753782058337,1.3063932095735502,0.41195443852611746,-0.5134059088914531,-0.5322627822097289,0.5323572521984944
1.6796901422817477e+18,-1.2090787943233345,3.0843362053996124,1.3063187991496494,0.4100549130805249,-0.5254442232232432,-0.5290572963769081,0.525225393226758
1.6796901423154081e+18,-1.2280980947935092,3.085582180428169,1.3043179199310946,0.4104438208626403,-0.5293870480496554,-0.5272416298937317,0.5227824470847785
1.6796901423490706e+18,-1.246752887876665,3.0854876916774105,1.3017689371695644,0.4112890874827958,-0.5321467052900579,-0.525274393647445,0.5212945251437179
1.6796901423827346e+18,-1.2658119115970736,3.085280427103324,1.3033166261447158,0.41348825794773103,-0.5328056890308747,-0.522800385496704,0.5213686941121258
1.6796901424164e+18,-1.2844306127618093,3.0836746630333773,1.3020325809682762,0.41610450801711424,-0.5323130257348505,-0.5195399640914509,0.5230469450753902
1.6796901424500672e+18,-1.303122386477353,3.0814186880985783,1.3014634617633054,0.41875743114645847,-0.530391613524592,-0.5161435067580497,0.5262345775354399
1.679690142483737e+18,-1.3224239259677169,3.0798593150567926,1.3033274535818948,0.4204515140690259,-0.5273230409684679,-0.513019085780843,0.5310012734499034
1.679690142517408e+18,-1.3422656100713395,3.0762515494370914,1.302998288747254,0.42174037623656213,-0.5226500042668576,-0.5104223875413296,0.5370670483173452
1.6796901425510804e+18,-1.362994746806918,3.0726321812115778,1.3032272492565253,0.42252552230287804,-0.5168177919497104,-0.5085970640806446,0.543783577662524
1.6796901425847555e+18,-1.3835604998548972,3.071492047147648,1.3040534311007252,0.4229470724754531,-0.5105639602058603,-0.5077577986530809,0.5501111108951807
1.6796901426184315e+18,-1.4063613305103746,3.067452989147151,1.3047176373037506,0.42431416781567716,-0.5019647965532681,-0.5077471869321452,0.5569395157237615
1.6796901426521098e+18,-1.4301790412252693,3.063156065049786,1.3057020008231863,0.42775481642294283,-0.4915112420928488,-0.5070207460840757,0.5642450522279012
1.6796901426857897e+18,-1.452221970808112,3.0616468167539024,1.3066023227092647,0.43147115136462927,-0.48193655297949833,-0.5055338326397999,0.5709687806691669
1.6796901427194714e+18,-1.4770548197150777,3.0573781361408154,1.3088311557193044,0.4363521927075908,-0.4722310662004401,-0.5027033873851017,0.5778268671029562
1.6796901427531553e+18,-1.502050161619267,3.0529095336957597,1.3112906877136679,0.4428440668060919,-0.46196544239225257,-0.49798937517441616,0.585221022130414
1.6796901427868403e+18,-1.5245429320824122,3.0508209072000754,1.3118635216133525,0.4487243692219394,-0.45248136128854577,-0.49324962370862846,0.5921248743838863
1.6796901428205276e+18,-1.5495643994878565,3.0460103787968023,1.3138548255968476,0.45520507347460576,-0.4420961969112217,-0.48798940491627296,0.5993376631324574
1.6796901428542164e+18,-1.5739899275949707,3.0412533450512096,1.3155102135210783,0.46206060034753027,-0.4318983732477575,-0.4817881553346592,0.6065014181118192
1.6796901428879073e+18,-1.589119089865862,3.042334179725362,1.3155882958080947,0.46754883795102986,-0.4248922828780408,-0.47461209809720983,0.6128686551138782
1.6796901429215997e+18,-1.6119693644870035,3.038220023577826,1.3183169346539232,0.4717157863662304,-0.42126787195351356,-0.46547526209758444,0.6191529514811606
1.6796901429552937e+18,-1.6340335992168382,3.0343831173222777,1.321208730918207,0.4750036064346427,-0.4182961621379365,-0.4568400149264303,0.6250576736404215
1.67969014298899e+18,-1.6520303530738851,3.0325580544057695,1.3215180661133616,0.4773481190652333,-0.41439279032032783,-0.4503072546359199,0.6305876346533269
1.6796901430226875e+18,-1.672218620603346,3.02790538321187,1.323258382603707,0.4805453581464243,-0.41139831038968644,-0.4452258956549892,0.6337203569482753
1.679690143056387e+18,-1.6910768323972813,3.0222740124509087,1.3250133146206062,0.48691104376114186,-0.4073092530422727,-0.439752508520873,0.6353223898928637
1.6796901430900887e+18,-1.7044719613318824,3.0174334004363286,1.3263823177805556,0.4954469695110617,-0.4024481553540834,-0.4349721972924745,0.635111777750151
1.6796901431237914e+18,-1.7202545819052741,3.010887097376955,1.3280735370887846,0.5058316742706622,-0.39703189753017776,-0.4299577836035205,0.6337478157491933
1.6796901431573325e+18,-1.7342523263160143,3.0047370399488074,1.328438315787606,0.5156878891204398,-0.3905045567993579,-0.42601681138435543,0.6325202514950398
1.6796901431907013e+18,-1.7455800441318243,2.998583852712298,1.3278116950713248,0.5237658253172394,-0.3842984772533954,-0.4233074862159696,0.6315020290735329
1.67969014322407e+18,-1.7584612406777316,2.9924353423436227,1.3269168299945848,0.5296465213351789,-0.3790082241887268,-0.42123251765814523,0.6311818236469046
1.679690143257438e+18,-1.7713138460091027,2.9862586741007884,1.3256124648889929,0.5331761374327981,-0.3761814747708274,-0.41924061063792145,0.6312273876373156
1.6796901432908065e+18,-1.7731150150131254,2.9825883160928557,1.3150767470156552,0.5346965704417643,-0.37439886565544434,-0.4182107432811705,0.6316841308422607
1.6796901433239393e+18,-1.7861294354808606,2.9756740536309145,1.3128467786238778,0.5359540376724437,-0.37386158196786534,-0.41501780532119975,0.6330410794707284
1.6796901433913157e+18,-1.8168882476509098,2.958127746211887,1.3096198072766418,0.5389058689537451,-0.3714848159421229,-0.40765536110678047,0.6367076271669412
1.679690143425007e+18,-1.8315962394755754,2.948462445693808,1.3067603150961489,0.5407697831681237,-0.36863729536571577,-0.4048131831678692,0.638592885030242
1.6796901434587005e+18,-1.846822443877405,2.9371792662810408,1.3041068305069015,0.5429889431255591,-0.36557510799358206,-0.40198153069400894,0.6402567430646634
1.6796901434923968e+18,-1.8574431670203893,2.9248233426104147,1.2967357199529874,0.5461039732304368,-0.36135338493374825,-0.4000535548167508,0.6412108349812358
1.6796901435260946e+18,-1.8733980071228815,2.911301240056382,1.2953335200701044,0.548690468701744,-0.3588981945657401,-0.3958967458259701,0.6429592694235922
1.679690143559795e+18,-1.8942490867572193,2.89625630398484,1.2996036260100514,0.5511934736375296,-0.35796322543104664,-0.38895229157258393,0.6455727679656498
1.6796901435934973e+18,-1.9039531739348485,2.8816079687618945,1.293640382716602,0.5570895180180583,-0.3524159141105434,-0.38380983551286046,0.6466407832480324
1.6796901436272015e+18,-1.9197130882671052,2.865092890276271,1.294352512436306,0.5611766610564495,-0.34833759404817644,-0.37859159540395165,0.6483903758907537
1.6796901436609088e+18,-1.9349793526880816,2.8480963694245576,1.2948137579300694,0.5646567936507214,-0.34326003966048635,-0.37577281556262426,0.6497153543210333
1.6796901436946176e+18,-1.9494257609211003,2.830832202369073,1.2945602566805303,0.5683982564542166,-0.3353676701031909,-0.375204996594481,0.6509018039918919
1.6796901437283284e+18,-1.9650532142846777,2.8133757349756467,1.295822727734505,0.5718050763468222,-0.32744726339160046,-0.3747669552236704,0.6522016357183839
1.6796901437620419e+18,-1.980255673820367,2.7960274231471534,1.2977047339246426,0.5749055888550619,-0.32153064310843726,-0.37275353594718175,0.6535720395521543
1.6796901437957568e+18,-1.9941958792612275,2.7811366060853073,1.2991451876890716,0.5782104054918498,-0.316625456054905,-0.3686159588947612,0.6553955465267289
1.6796901438294748e+18,-2.0080882812002283,2.7653311122305597,1.300052142395544,0.5814733041053733,-0.3114123422595966,-0.3649061120723284,0.6570804205524843
1.679690143863194e+18,-2.0205297805817177,2.749935430364586,1.300217304367879,0.5858445939191774,-0.3043650853731754,-0.360409467008273,0.6589787725505781
1.6796901438969165e+18,-2.033156421729665,2.7360872586923377,1.2957516963792624,0.5901146692207856,-0.29729633497936625,-0.35538688146368463,0.6611200578274694
1.6796901439306404e+18,-2.0433699956798477,2.72249542165119,1.295160797660441,0.5936607619437239,-0.2920703192685439,-0.3482541455949305,0.6640639113870841
1.6796901439643666e+18,-2.0525757925398205,2.7101748861722395,1.2941809064849172,0.5954221931211022,-0.2886251436023296,-0.34097176340929836,0.6677620796188902
1.6796901439980956e+18,-2.0620694646588675,2.694030738426611,1.291737662201219,0.5963467537917355,-0.2850607688854606,-0.3344009017896552,0.6717789399547696
1.6796901440318257e+18,-2.0702182353152123,2.6815278771040356,1.2898542345973514,0.5970016421431484,-0.28072287508549687,-0.32706785396369353,0.6766168233096932
1.6796901440655588e+18,-2.078035254605906,2.6680528201191946,1.287431628845093,0.5987433293139782,-0.2744011638791555,-0.31896188349712434,0.6815231058003425
1.6796901440992934e+18,-2.0864088622090797,2.6496405587021625,1.2842434371444964,0.6034644431804554,-0.263960077689675,-0.31012983456794896,0.6855473936306818
1.6796901441330307e+18,-2.094041359911039,2.6347661283028105,1.2817415618074253,0.6075371221745056,-0.25375409658388814,-0.29951133268492497,0.6905073969481531
1.67969014416677e+18,-2.1011437304472382,2.61741900498047,1.2795364933744093,0.6118852476707456,-0.24236812623204806,-0.2886890182883261,0.6953508364770972
1.6796901442005117e+18,-2.1090156941154494,2.601669274570038,1.2769309992442763,0.6158660656234569,-0.23069104566158183,-0.27773228844809267,0.7002538158542481
1.6796901442342556e+18,-2.116212837279402,2.585042261579738,1.2745747370623848,0.6200084145999282,-0.21838130423615354,-0.2671127141677999,0.7046630185523513
1.6796901442680013e+18,-2.1244082210770507,2.5688012437844083,1.271901259819348,0.6252399838084143,-0.20516158804540552,-0.25631754953121616,0.7080148298166168
1.6796901443017495e+18,-2.1314991714204967,2.551149735267059,1.2700992911711662,0.6309881393163564,-0.19079207070445825,-0.2445226307093884,0.7110984719919933
1.6796901443358495e+18,-2.1392234287439806,2.5344592239951695,1.2683667588367,0.6387803471114866,-0.1755961103017717,-0.23190859193217428,0.712280899069358
1.6796901443690511e+18,-2.145903033666918,2.5147561095695203,1.2676972055407123,0.6478505968935214,-0.15893865975207278,-0.21702253538638025,0.7126916062894177
1.679690144402252e+18,-2.152951203104706,2.497614029020281,1.2672260292272874,0.65708274130765,-0.14170059353660625,-0.20096046172680207,0.7125855076336788
1.6796901444354514e+18,-2.162520489080174,2.4809008125563343,1.2676480356387447,0.6650620225055647,-0.12136247305635162,-0.1829189771793363,0.7137957019638878
1.6796901444686497e+18,-2.1685100207091725,2.463921005367898,1.2678775746552622,0.6734361228285599,-0.10007316616548989,-0.16638114616203648,0.71329269173675
1.6796901445018465e+18,-2.1740640099232884,2.4475499186617533,1.2678068368807034,0.6794903789216791,-0.07731630340045315,-0.15144632562189972,0.7137079407131374
1.6796901445350428e+18,-2.179006254224094,2.43176150480638,1.2674401868508383,0.6847611365733772,-0.05448026457688959,-0.13710537689221206,0.7136779401365952
1.6796901445682373e+18,-2.183535213522195,2.4179379037586584,1.268167715612966,0.6877806226657021,-0.035598769076089054,-0.12020611739444964,0.7150112111476283
1.6796901446014308e+18,-2.187130268622382,2.4034683990553707,1.2690025968998881,0.6884250487025024,-0.02215534259332652,-0.10241553381735974,0.7176985102021843
1.6796901446346235e+18,-2.1907392993105086,2.391200806415856,1.2704758642251994,0.6874956993232498,-0.011560013846041994,-0.08528700060713443,0.7210701470865046
1.679690144667815e+18,-2.193045600404024,2.379452262902363,1.2708200762981154,0.6871229025388074,0.0008709919891766171,-0.07114097476686398,0.7230493205092028
1.6796901447010058e+18,-2.193396832876348,2.367912851615626,1.270101457094289,0.6885775244539594,0.014819230863168054,-0.058283254054868325,0.7226648223832793
1.6796901447341944e+18,-2.195895476311443,2.3635675994216876,1.2706905287882952,0.6903003006851179,0.02851116498298456,-0.043536864678417046,0.7216489103153432
1.6796901447673825e+18,-2.195299280403146,2.3561683243230593,1.268633285418764,0.6933806993540996,0.04227572314972783,-0.028168144763599436,0.7187784948201807
1.6796901448005696e+18,-2.190200940573852,2.3459429792664945,1.2683566229991798,0.6976696112640788,0.051218804021099906,-0.012464203034394217,0.7144777052336868
1.6796901448337551e+18,-2.186913733540438,2.3357055770244046,1.2670905243785706,0.7010058954834764,0.059344123165345986,0.0023706005570529897,0.7106781196829859
1.67969014486694e+18,-2.1841975176987147,2.330691846796601,1.2658677806173315,0.7042095698916235,0.06702437463661348,0.016105002223972906,0.7066379863699599
1.6796901449001236e+18,-2.1810083607464223,2.3261126450847884,1.2647756767567313,0.7067658315940579,0.07467881760736905,0.028257534497819915,0.7029271976784152
1.6796901449333059e+18,-2.178763858936959,2.32217854560797,1.2626923791054858,0.7089925622656607,0.08140373611410179,0.04012785318945748,0.6993516524589359
1.6796901449664873e+18,-2.1570441258172792,2.300308258644508,1.2497323062185983,0.7105537961179105,0.08681906783884064,0.047963523979689414,0.6966170057136641
1.6796901449996667e+18,-2.1537213609693024,2.2967733224217732,1.2483160024449793,0.7117064150306435,0.09152483970235203,0.05851994992697993,0.6940263669214821
1.679690145032846e+18,-2.1482191952864564,2.291229929321381,1.24671088632228,0.7129921670733411,0.09620247145535077,0.06839926217336546,0.6911648103832274
1.6796901450660237e+18,-2.142310212751437,2.283874764160954,1.2458343691186975,0.714289017219248,0.1006371758568293,0.0773763086324698,0.6882414297162988
1.6796901450992003e+18,-2.1370695680036436,2.279646306263977,1.2450584845255548,0.7155865853708544,0.10585821502338544,0.08570732789870215,0.6851161442367331
1.6796901451323758e+18,-2.128800458946167,2.272677078011422,1.2436537820483435,0.7163534038981128,0.11137638758496227,0.09202382432376247,0.6826160829990318
1.6796901451655503e+18,-2.1212089331607933,2.26710575254793,1.242918254322288,0.7163999840670627,0.11694496272347066,0.09741360893470682,0.6808858401498994
1.679690145198723e+18,-2.0915958680920053,2.2374809249666874,1.2467833088365605,0.7155659886946836,0.12257437183286946,0.10224963976720844,0.6800631223354592
1.6796901452318956e+18,-2.0816998339755437,2.2313185040174335,1.2463946121609863,0.7137184645967597,0.1285828473113545,0.10686725182822679,0.6801851183006221
1.6796901452650665e+18,-2.0620298498063905,2.2153634094273915,1.2475140907036446,0.7109972198597123,0.1352098009950481,0.11179583840328047,0.6809573801511716
1.6796901452982364e+18,-2.048476662511728,2.2088645793453927,1.247331191534449,0.7079876939777414,0.1426083966118774,0.11679030902310902,0.6817450359996441
1.6796901453314048e+18,-2.026243108247253,2.1920293383623246,1.2489433464132391,0.705599689114515,0.15177624978071969,0.12295984375266797,0.6811563150616166
1.679690145364656e+18,-2.006212731846195,2.180138089947769,1.2496626960284702,0.703527629004686,0.161451179581785,0.128837629064369,0.6799876889883871
1.6796901453980408e+18,-1.9887595822611355,2.1735140185583917,1.2494648630118945,0.7019590952862925,0.17068411781049064,0.13402999386680894,0.6783482300530956
1.6796901454314245e+18,-1.9698469066557367,2.1661900723196883,1.2497858194537723,0.7019197783149294,0.18085287349398216,0.13963825576529384,0.6746124965386545
1.6796901454648087e+18,-1.9505683621055998,2.15980470588815,1.2500968316334542,0.7036458828540465,0.19018375885918037,0.14304021533262778,0.6695163225839517
1.679690145498193e+18,-1.9300921986105832,2.142289494491715,1.2519652971174822,0.7072374556669702,0.19939398359559246,0.14409415725253494,0.662792648158738
1.6796901455315766e+18,-1.9105976527158333,2.1357718547759497,1.2537600057774412,0.712205961394848,0.2079199766281976,0.14456759596384475,0.6547000550403248
1.6796901455983447e+18,-1.8752022700461504,2.119211710002184,1.2613774476508175,0.7173588003581386,0.2209773106096221,0.15291994377456686,0.6427914673830498
1.679690145665113e+18,-1.8429327385090362,2.105595772948075,1.2694368968208132,0.7205757270351237,0.23468813756989726,0.15932957464353756,0.632697547281231
1.679690145698497e+18,-1.7860071337605383,2.072482983653091,1.2847568387948798,0.721534728882048,0.24214221707415218,0.16324636890687247,0.6277781493220719
1.6796901457318815e+18,-1.7724172474892486,2.07034379364589,1.287509991893986,0.7208663404721098,0.24801576145281956,0.16657502736924967,0.6253740172906608
1.6796901457652652e+18,-1.7516701489598354,2.057300852727694,1.2904326961091808,0.7180517124594549,0.2521617946733795,0.17009817432410976,0.6260054142199966
1.6796901457986493e+18,-1.739960127717615,2.0568668758619344,1.2922783341523396,0.715064308314916,0.25681003980794825,0.1742293777122946,0.626399044036577
1.6796901458320333e+18,-1.7194971514558315,2.0454785010456487,1.2943018126332049,0.7122270270662403,0.26213923602786227,0.1802445285906978,0.6257216575796545
1.6796901458654172e+18,-1.7080864106300304,2.0448598461765863,1.2953665693110863,0.7092350281856814,0.267325520027034,0.1878622387306718,0.6246843366019605
1.6796901458988017e+18,-1.6878466472507003,2.0358629732736997,1.2966134786286543,0.706756319949204,0.2719656827050737,0.19690272399544378,0.6227033715388055
1.6796901459321853e+18,-1.6765504915210527,2.0361399774013202,1.2974136184597862,0.7040634634127072,0.27579768224071066,0.20631416202801278,0.6210191176643711
1.6796901459655695e+18,-1.6564906143329325,2.0265843369418888,1.2982921224855029,0.7007850509019916,0.27959079214530247,0.21467621526638123,0.6201962785915099
1.6796901459989535e+18,-1.6463519226815255,2.0267980099138905,1.299220452731559,0.6966735293754334,0.28480193367507967,0.2224212939523586,0.6197278596602475
1.6796901460323377e+18,-1.6325352808815132,2.0236053450953095,1.2988775356451696,0.6927521753816257,0.291485059779244,0.22883450773509792,0.6186805730739823
1.679690146065722e+18,-1.6226577824408792,2.024418336467373,1.2993888564458387,0.6890140736347822,0.29887359250896417,0.23478335257271304,0.6170988246534795
1.6796901460991603e+18,-1.5918861207171742,2.0083549546852293,1.3005285631434245,0.6861853906529662,0.3068351011934958,0.24064681919665992,0.6140773068112378
1.6796901461323953e+18,-1.579450553260309,2.00888172715763,1.3010422241851147,0.6837439524731213,0.3153528115866726,0.2466417355514928,0.6100939812561356
1.67969014616563e+18,-1.5593598355401723,2.004499969866201,1.3021795300581023,0.6816730906343567,0.32473787923310826,0.2532853056104426,0.604742640515792
1.6796901461988636e+18,-1.5444020029851102,2.0042101603099347,1.3017663723716317,0.6798984098593994,0.33441040606245864,0.2594115001098992,0.5988434738715397
1.679690146232096e+18,-1.5116110932866391,1.988088552136233,1.2982555604242179,0.67756066167991,0.3446282423863162,0.2659243555671088,0.5928129227756581
1.679690146265327e+18,-1.493679170380236,1.9862343452817346,1.2965549923601374,0.6754104350622449,0.3536644095337935,0.27200741803742395,0.5871577251222677
1.6796901462985574e+18,-1.4641471427755226,1.9740544496538297,1.2930207441322008,0.6730036305026885,0.3631259909354053,0.2782563194835033,0.5811876191944172
1.679690146331787e+18,-1.4427922401697801,1.9712129233732305,1.290313816519285,0.6708919962437783,0.3732235622198746,0.2852700751647158,0.5737848779773328
1.6796901463650158e+18,-1.4114110471328574,1.9578403890085438,1.2859776966349594,0.6684566935446296,0.3837254103611015,0.29242923975305257,0.5660438128237395
1.679690146398243e+18,-1.3886922157882804,1.9541308334750656,1.283410037219712,0.6664299738574813,0.3933723017612142,0.29957197220037063,0.5580196731508504
1.6796901464314696e+18,-1.3566370056105792,1.939453559708645,1.2787269551023839,0.6635022297179421,0.4033781258114374,0.3068067060068841,0.5503821617070971
1.6796901464646956e+18,-1.3349847564051724,1.9349694076618753,1.2770522784597305,0.6610288884952555,0.4128744105156632,0.31312443128545814,0.5427049108385049
1.67969014649792e+18,-1.3114453607974048,1.9276629765578548,1.2772893038949966,0.6580575920486401,0.4214665008797652,0.3189275837224947,0.5362941268783796
1.679690146531144e+18,-1.2920434842898252,1.9218691146001812,1.277677980839207,0.6542538279644611,0.4293476279384042,0.32453833207465294,0.5313072689054019
1.6796901465643658e+18,-1.270243379579163,1.9138528455814443,1.280306635114719,0.6494196519222122,0.435839639769398,0.33002388057043613,0.5285661381096457
1.6796901465975877e+18,-1.2519347704907302,1.9072618009185704,1.2829635714985492,0.6441365561458177,0.4400042264671479,0.33370789999060474,0.5292668657789887
1.6796901466308083e+18,-1.2349824734496906,1.8999125475952412,1.2862955259857043,0.6380232720742312,0.4440303575994231,0.33785023671766373,0.5306793413838893
1.679690146664028e+18,-1.2193411694119631,1.8944987868522176,1.2894613657122949,0.6327934844229047,0.44685192997964185,0.342056337125626,0.531877073182882
1.6796901466972465e+18,-1.1694450500667224,1.8639913201233471,1.2830933665386195,0.6275969237831751,0.4485162663759309,0.3442884431445312,0.5351828920763492
1.6796901467304648e+18,-1.1551325334377216,1.860044348638113,1.2853730012563946,0.6245889914561649,0.4481377271554503,0.347634945992085,0.5368529720293984
1.6796901467636813e+18,-1.1428921248816146,1.856012863373516,1.2870956772478708,0.6213890955742464,0.4486673216117013,0.3524682204079475,0.5369724201685379
1.679690146796897e+18,-1.130264245152699,1.853912964761554,1.2891028707908527,0.6183822514483176,0.44861202973912506,0.3586452648841147,0.5363993026125735
1.6796901468301112e+18,-1.1190643431167362,1.8512314402685708,1.2906807616966132,0.6153191801861012,0.44765302897972803,0.36400931485458343,0.537109198245083
1.6796901468633254e+18,-1.1073921245275313,1.8501840797453701,1.2925152639123672,0.6123460586169255,0.4460568818012125,0.3697260690049944,0.537929546123105
1.679690146896538e+18,-1.078924062147168,1.8420649434316654,1.2941230634638408,0.609579710256855,0.44471147384011445,0.37461848130340886,0.538799847201212
1.67969014692975e+18,-1.067186267866291,1.841687993177076,1.2956996121405209,0.607110798218131,0.44330796165942765,0.37942249330698263,0.5393821478219504
1.6796901469629604e+18,-1.0502346324678888,1.8387850118213693,1.2966831538073795,0.6052850266110932,0.44243609406521167,0.38307582849205335,0.5395676499326605
1.6796901469961702e+18,-1.0375183958962666,1.838110234658662,1.2973121125504719,0.6044918058812533,0.4413535033122018,0.3842267808928201,0.540524303414017
1.679690147029379e+18,-0.9827752566649381,1.8239201837454826,1.2946459416625062,0.6053486453543755,0.4406298830660428,0.3833210380684512,0.5407987661699621
1.6796901470625871e+18,-0.9683908465903175,1.8233489310328248,1.2944358057749712,0.605972816153879,0.4404919024788878,0.38252340720408434,0.5407769159959078
1.6796901470957937e+18,-0.9512537540237119,1.822656416499857,1.2940657177909116,0.6072231501807152,0.4408241693598971,0.3819928424536889,0.5394771226909596
1.6796901471291075e+18,-0.9199882831456573,1.8172873052615812,1.288362037286845,0.61046070233561,0.441716215683704,0.3808025806876257,0.5359234182675968
1.6796901471624765e+18,-0.901017813194916,1.8171822446170471,1.2880731560973848,0.6146285330152443,0.4426862410696656,0.3792703690840656,0.5314269898170165
1.6796901471958461e+18,-0.8758552499851358,1.815901120165964,1.2881483504243896,0.6193327140698611,0.44399969544333096,0.37745588733676494,0.5261352609775398
1.6796901472292157e+18,-0.853348066384974,1.8160758287611642,1.288714348469214,0.6241291917175642,0.4459694221628736,0.375583188760343,0.5201070032813497
1.6796901472625843e+18,-0.8262347572011013,1.8147391737112584,1.2900711377524534,0.6285105475315703,0.44850687292126357,0.3743307637195405,0.5135100348747831
1.6796901472959537e+18,-0.800729075086974,1.8161339688462559,1.2918905702860775,0.6329587578832999,0.45090749232064065,0.37318668376256986,0.5067320231150161
1.679690147329323e+18,-0.7722717713498186,1.8163680598876721,1.2924576135045913,0.636835778882388,0.4535090253688159,0.3722674036577885,0.5001866999613024
1.6796901473626924e+18,-0.7445783071659724,1.8184333429136803,1.2956498325527792,0.6402450458665424,0.455667766211334,0.37176296687124816,0.4942119631720888
1.679690147396062e+18,-0.695219645656227,1.8264639049213063,1.2786571844716672,0.6406775309284843,0.4571773708250284,0.37048673365808016,0.4932146927578923
1.6796901474294313e+18,-0.6697876091303909,1.827652538533058,1.2836318492191217,0.6400502158778284,0.45690244338111374,0.3701510248605742,0.49453422245763773
1.6796901474628004e+18,-0.6716784443471802,1.818480597619482,1.3002906042603541,0.6400504486370353,0.45783199939544983,0.37102848186871207,0.49301434986346376
1.6796901474961695e+18,-0.6484080555143603,1.8194768838344024,1.304874037040299,0.6400876872180018,0.45968185156803587,0.3725815991269998,0.4900645875829632
1.6796901475295388e+18,-0.602692664462412,1.8307963823969486,1.2913021722306974,0.6403292401002901,0.4615120761525098,0.37223849935874515,0.4882863580248113
1.6796901475629082e+18,-0.5818675857133755,1.8314650585638534,1.2940292660846793,0.6407244720802991,0.4617715297131936,0.3702861975872961,0.4890064796095251
1.679690147629647e+18,-0.5454351728401363,1.8336683415654644,1.2947439489091115,0.6383959296266564,0.4619239807655431,0.36552828273627164,0.49544520135904385
1.6796901476630162e+18,-0.5282918846552078,1.8344188885652253,1.2935536423617604,0.6357909162071926,0.4617901804068356,0.36452038781333285,0.4996445006368603
1.679690147696385e+18,-0.5030148336922595,1.841687586732724,1.2928375021015355,0.6319975684796898,0.4614284639500107,0.3669236280549965,0.5030207722027504
1.6796901477297546e+18,-0.48615149609064234,1.8442393144032199,1.2917196338574664,0.6270889559043191,0.46265009898634224,0.37191805264304634,0.5043721735077805
1.679690147763124e+18,-0.46530955375493654,1.8530757734767493,1.2902687126509906,0.6213750565534729,0.46612546088484885,0.380020743590809,0.5021994904903273
1.679690147796493e+18,-0.4491395522077626,1.8574579702232805,1.2881912686187627,0.6154101757567286,0.4701936408257025,0.38773941291582176,0.49984637977466245
1.679690147829863e+18,-0.42448156644187196,1.864783416368886,1.2875294037096277,0.6096341004807598,0.4752537478198602,0.39353129282707044,0.4976075363979593
1.6796901478632323e+18,-0.4074893615024433,1.8697851383169384,1.2851046167809432,0.6036529798294737,0.481935140979565,0.3989282024818435,0.4941638281952753
1.679690147896601e+18,-0.3848340682998377,1.8787002231439682,1.283441539067872,0.5975335731298695,0.4885105987043685,0.40334244763938426,0.49155456855614793
1.6796901479299704e+18,-0.36660887152170996,1.884211564903316,1.2805891741930677,0.5911466537966389,0.49481826509130045,0.4074607700194968,0.4895673999892057
1.6796901479633395e+18,-0.3432715479292763,1.8916645881293725,1.27851498238616,0.5845131091497894,0.5016586175385421,0.4120688617666389,0.4867055679193653
1.6796901479967089e+18,-0.32212629524446323,1.8969623705992567,1.2760707966491387,0.5783570664912229,0.508632375576914,0.4170562941967746,0.4825559632058292
1.6796901480300787e+18,-0.31585526933783337,1.8904987089206724,1.2715399046824252,0.5730203292450685,0.515857945121635,0.42230014072359284,0.4766559281825741
1.6796901480634478e+18,-0.2922154404062425,1.8952977900219277,1.270318369866478,0.5685566244840661,0.5231006276869563,0.4273162953608074,0.4695847972282666
1.679690148096817e+18,-0.24029914416149833,1.8929259937861824,1.275644724058192,0.5640724629870884,0.5303543533792924,0.43291881143308486,0.46165768601711565
1.6796901481301862e+18,-0.21479422050364438,1.8969452871257608,1.2763311621026856,0.5609333218016048,0.5371406563069256,0.43766001940089705,0.453086560441588
1.6796901481635553e+18,-0.19059484877514543,1.893197167846918,1.2757622135961357,0.5578546055905551,0.5442181269215748,0.4417632384333199,0.4443760913013705
1.6796901481969247e+18,-0.16432248591875642,1.8968313299895976,1.2776576350992896,0.5558280416340481,0.551148213096944,0.44477363771167494,0.43527835522804104
1.6796901482302945e+18,-0.14106836220318186,1.8909953094075056,1.277588362150529,0.5527829001606964,0.5587051763919193,0.44856143732793596,0.4255258254267308
1.6796901482636636e+18,-0.11437480191577265,1.8936326639505061,1.2806618565211159,0.550603589859293,0.5654059528946521,0.4519605687593559,0.41579254388705605
1.679690148297033e+18,-0.0922013122420331,1.8870097807541777,1.281107652258781,0.5471521537161614,0.5714207741352193,0.4548200521761417,0.4089517571902152
1.6796901483304018e+18,-0.0658726698779426,1.8872083614349868,1.2846543097181164,0.544793799789376,0.5751392164615035,0.45592540819190625,0.4056434636033777
1.6796901483971407e+18,-0.024065565260764643,1.882852594415583,1.2882126377316918,0.5438892171391918,0.5767371368075721,0.4550666320552585,0.4055529002443521
1.67969014843051e+18,-0.00759623544041399,1.8803424842612357,1.2890532423598557,0.5439075726964977,0.5762454523433014,0.45651057291377817,0.4046032968662046
1.6796901484638794e+18,0.015507364900047893,1.880619051230898,1.290006754268405,0.5438671243388262,0.5748011077178353,0.4598486350407712,0.40292861710345756
1.6796901484972488e+18,0.03515749757846809,1.8686038650078167,1.2892352859746314,0.5424438046637426,0.5732813988075847,0.46554080075537596,0.40046837502502647
1.6796901485306176e+18,0.056459018923911364,1.8698574884355292,1.2891606449242374,0.5400291046344737,0.5718394099259808,0.4717771373736543,0.3984903864018744
1.679690148563987e+18,0.07169309894949505,1.8681198016801115,1.2858234819901209,0.5369579160264117,0.5713543497286273,0.4765838975916024,0.39761563351954304
1.6796901485971505e+18,0.09183782706877497,1.8694824485112949,1.28474474733148,0.5333400231367361,0.5710574975712923,0.47991487868151844,0.3989028245177299
1.6796901486308477e+18,0.1099279499051844,1.8673235773272778,1.280321601425044,0.530006975726219,0.5716672735841294,0.4807433030412601,0.4014660764939107
1.6796901486645466e+18,0.12960269537668023,1.867842986710039,1.2783954134394662,0.5270012506866545,0.5726557864700255,0.4800701342324353,0.404805753683356
1.6796901486982464e+18,0.148053593033594,1.8668575214202319,1.275132713593149,0.5245932856066337,0.5742378145178119,0.4789012980697797,0.407070465375865
1.679690148731949e+18,0.17020826912698372,1.8657294606348018,1.2763289892892744,0.5223052084929655,0.5756047027933778,0.477455263376716,0.40977184722371757
1.6796901487656532e+18,0.1912602275323374,1.8652479782509708,1.2741353455106057,0.5211766842026516,0.5763795350111707,0.4753643636700164,0.4125411703290194
1.6796901487993592e+18,0.23196776603722635,1.8550380085825324,1.2862205726403573,0.5196599539876524,0.5771133237973047,0.4741550795166705,0.4148140598939699
1.6796901488330675e+18,0.2551506766412921,1.8542140368610176,1.2846211215924517,0.5197439054169123,0.5775837345120336,0.4726265957378799,0.41579731048953505
1.679690148866777e+18,0.28250954869707257,1.8544922567222817,1.2841731719632354,0.5203048839684901,0.5780214676892818,0.4712149062247865,0.416089560984687
1.679690148900489e+18,0.3078081180584069,1.8538754632758438,1.2841499091033437,0.5223116660436165,0.5782593281602905,0.46915849625106815,0.41556825950232024
1.6796901489342019e+18,0.33903967393645273,1.8546359959172891,1.2852741324462298,0.5254671700019519,0.5786719804967659,0.4673464889973194,0.4130499382156702
1.6796901489679176e+18,0.36588985100873317,1.8542316013035738,1.2864493053028028,0.5294269570883958,0.5799341227468738,0.46544243957779263,0.4083464776654845
1.6796901490016343e+18,0.39328636907486536,1.8526949908283472,1.2897688250355304,0.5346772449903553,0.5810653818940668,0.46213950200490206,0.403621538499232
1.679690149035353e+18,0.419915130733173,1.8517243788100823,1.29220170785357,0.541382550600448,0.5821443770801527,0.4579579288784955,0.39785348247392993
1.679690149069074e+18,0.4485806590940882,1.8521039791476723,1.2879428987517472,0.548441937389547,0.5814348008348441,0.45228582967174213,0.3957051199677476
1.6796901491027965e+18,0.4743254636472629,1.848644042639642,1.2912138437690028,0.5553295345948664,0.579262376293646,0.4461294546009283,0.39627353829743195
1.6796901491365212e+18,0.4968013899993837,1.8445381273514685,1.2934106093244404,0.5616420862168314,0.5760961574103414,0.44034221404658225,0.398459682948725
1.6796901491702477e+18,0.5207681846977039,1.8388003947423146,1.2965199550850337,0.5667658719531607,0.5728648854127999,0.43589169210405576,0.4007501743041621
1.6796901492039754e+18,0.5462412519190851,1.836436339847231,1.2914005861536866,0.5708732977283366,0.5693365060017189,0.4335588280789722,0.4024752954770221
1.6796901492377052e+18,0.5681455177348871,1.8278261020761843,1.294032654007566,0.5742148111868661,0.5653355813817106,0.43111949415751677,0.40596676316516594
1.679690149271437e+18,0.5887406197785621,1.8233273605744742,1.2922988461425196,0.5789095571527674,0.5587440314177701,0.4265641973007876,0.4131728664534242
1.6796901493051704e+18,0.6095103912712798,1.8126439617507835,1.2932893370013703,0.5825471279744602,0.5519763822661903,0.42196969386153554,0.42178489135036423
1.6796901493389066e+18,0.6265181826292079,1.8045121279580538,1.2918524755314973,0.5856864592708313,0.5449977952987541,0.417613168422327,0.4307528480539152
1.6796901493726436e+18,0.6465362808419475,1.7929916894474265,1.291338334971399,0.5878078080515822,0.5372420967483454,0.41469063063194006,0.4403232802624897
1.6796901494063828e+18,0.6682105385436621,1.7885707445529704,1.286470654821065,0.5903191558345657,0.528696077009042,0.41296495727458915,0.448847074707201
1.679690149440124e+18,0.6878802419798766,1.7771112500062891,1.2850032627900347,0.5916167201864606,0.5207473463300368,0.4134210105001459,0.455954960235195
1.6796901494738668e+18,0.7087339305391473,1.7691618195308867,1.28002775647572,0.5942470327191749,0.5126659685404632,0.41314234026263,0.4619063492605855
1.6796901495076114e+18,0.728468090171879,1.7582688533550872,1.2776734701417927,0.5971532433196454,0.5047837155973888,0.41285560186652664,0.46706707919521706
1.679690149541358e+18,0.7474579167641966,1.7504578985035506,1.2738834231396114,0.6008490136583867,0.49790262190289936,0.4116918191558601,0.47072634080546294
1.6796901495751058e+18,0.7667895687475819,1.7410964938217357,1.2704192066349949,0.6045638330275404,0.49217853826685565,0.40976246858220594,0.47366399230463535
1.6796901496088563e+18,0.7940272289840247,1.735574956836945,1.263856422000172,0.6091381143148666,0.48721062152675276,0.4064792805166982,0.47576376750554555
1.6796901496424678e+18,0.8155154269881184,1.727443314032284,1.2598522516767463,0.612453495113345,0.48439036797592516,0.40346959963671813,0.4769475546688358
1.6796901496758646e+18,0.8412074540510084,1.721721235174405,1.255415690127078,0.615597703849352,0.4826810141524427,0.4001002174996702,0.47747075465298555
1.679690149709261e+18,0.8651306661891216,1.7143757656542462,1.2524236476855604,0.6174967367197889,0.4826884375474074,0.3981260776760628,0.4766605486850447
1.6796901497426578e+18,0.8950829537549609,1.7082979480106837,1.2449300778987697,0.6187843393747393,0.483936496298666,0.3965430177977459,0.47504214963579355
1.6796901497760548e+18,0.9212071324028319,1.701225073349148,1.2441614711384041,0.6187853771944889,0.4858374987442894,0.3951018315822406,0.47430066884258676
1.6796901498094515e+18,0.9502060171632942,1.6944426225595763,1.2404418741379748,0.6180576400519343,0.4888111524521245,0.3933250279168522,0.47367059569501146
1.6796901498428485e+18,0.9777905568754448,1.6875553382039787,1.241182423806689,0.6167636858248878,0.4930690849081619,0.3923424856489481,0.4717550289189637
1.6796901498762452e+18,1.0089192785632084,1.683302503453442,1.2399257319994694,0.6154271734587553,0.49693637906083576,0.39132014691963046,0.4702894554944555
1.679690149909642e+18,1.0364996922901024,1.6764981385037103,1.2422417727946906,0.612718698124857,0.4993238145086578,0.3909417945063605,0.4716100492364961
1.6796901499430395e+18,1.0655088127969645,1.6685178042568465,1.243300949574907,0.6093276513959555,0.5005904688515673,0.3917382213714231,0.4739938413692847
1.6796901499764362e+18,1.091059528776637,1.6623173189113558,1.2457043062171629,0.6062890273840877,0.5004384719459659,0.39324787056199867,0.47679247411058945
1.6796901500098332e+18,1.1151607823436713,1.6565371056205103,1.2463553829347818,0.6050892914926628,0.49940693256163626,0.3933574712900362,0.47930112122818225
1.6796901500432297e+18,1.1424430410269337,1.6506650004330918,1.2426486394883476,0.6048915978438618,0.4971753690874824,0.3940579115276412,0.48129114846743154
1.6796901500766264e+18,1.1633286282285689,1.6456980629489268,1.2420709955630347,0.6045703822154757,0.49468029954592874,0.39496498051669227,0.4835170300562671
1.6796901501100232e+18,1.188264127644098,1.6401117761530424,1.241664657704264,0.6034679265230808,0.49202919968376724,0.39772217240407304,0.48533576201910994
1.67969015014342e+18,1.2070640303169011,1.6362248826453198,1.2402228438128415,0.6023565619517597,0.4892112330048751,0.40091381361289946,0.48693639813621137
1.679690150176817e+18,1.225103066266138,1.6328994952055413,1.2376483546815342,0.6011400732214638,0.48649316213462,0.40242388781934774,0.48990818535304426
1.6796901502102136e+18,1.243164652375562,1.6297300925589302,1.2352425868299188,0.599650343596712,0.48411197863535815,0.4023263674428519,0.4941543803573357
1.6796901502436106e+18,1.275355884216373,1.6243365278319133,1.2367061015347505,0.5985265733169564,0.4820192898918826,0.4003179437400225,0.4991681972294982
1.6796901502770076e+18,1.2940362430814922,1.6215772726512179,1.2338875053805354,0.5972764238999341,0.4804281318764583,0.3993945624269511,0.5029251107856788
1.6796901503104046e+18,1.314336233858511,1.6184925228237863,1.230270821179175,0.5965989078625229,0.4788989167641401,0.39856198228018597,0.5058398135183378
1.6796901503438013e+18,1.3408549189037153,1.6168061025080622,1.2286713205014752,0.5967675657500029,0.4772483604668937,0.3986497312027072,0.5071300293933376
1.6796901504105948e+18,1.3969331845095934,1.6094233782113747,1.2277129473860544,0.5994785263261875,0.47401466708309825,0.39946594320897355,0.5063225770988757
1.6796901504441055e+18,1.4207556555301297,1.6072369638960808,1.2238820808585869,0.6018488484377075,0.4729895838964703,0.39885390106950025,0.5049498814350695
1.6796901504776172e+18,1.4483470141843526,1.6049919067076357,1.2196416564929107,0.6037385953344093,0.47210129377827803,0.3983631399088925,0.5039115851798192
1.6796901505111299e+18,1.4798165434825619,1.6022414377589151,1.2193260352360666,0.6046983619647197,0.47193555109418317,0.3990325462054195,0.5023840699300028
1.679690150544644e+18,1.5075311894468417,1.6001042349788501,1.2156906556980627,0.6057132792344564,0.4720601918524421,0.3991055023868197,0.5009844274943498
1.679690150578159e+18,1.53663600856188,1.5987168498105204,1.2127969395133968,0.6064220792007321,0.47199539482704544,0.39903710008476295,0.5002419433392857
1.6796901506116756e+18,1.5686382286993623,1.595301286289415,1.2142349855517625,0.6069650818763213,0.47295773306438627,0.39979106550193316,0.49806774244302976
1.6796901506451932e+18,1.5977266894705988,1.5932901593590412,1.213595191051106,0.6090578903238913,0.474325244425608,0.3994770055917474,0.4944513835942307
1.679690150678712e+18,1.6274498690029937,1.5911048082964059,1.2139275526383078,0.6116937078328958,0.4751175897408777,0.3982640530662763,0.49140597040704037
1.6796901507122324e+18,1.6564671811968197,1.5871765710624537,1.21471828173654,0.6137576601651075,0.474720536852669,0.39700721845185033,0.49023179718995324
1.6796901507457539e+18,1.6829199278167886,1.5838820957198834,1.2160827364794993,0.6144590057461251,0.47356394197139284,0.39646947257206233,0.4909065903412069
1.6796901508127995e+18,1.7324112213774063,1.5754179405337432,1.2209386335216916,0.6160478820118735,0.467575964211408,0.3996732703771037,0.4920558928684092
1.6796901508463245e+18,1.7539129564085145,1.572040882050315,1.2216778330523934,0.6175827063493198,0.4627771947502971,0.40350709202235524,0.4915393122884054
1.6796901508798505e+18,1.7799756634032307,1.5677715392767029,1.2168856251606877,0.6199751311739706,0.4597187522734767,0.40493848121906056,0.4902186572968601
1.6796901509133775e+18,1.7990636264955226,1.5642596507265047,1.216891412347027,0.6233377763148228,0.456679518123825,0.4037802887774617,0.48975025547708806
1.6796901509469059e+18,1.8175161913728417,1.5603220572166108,1.2164184830700524,0.6260489207786785,0.454689420303489,0.4010318203717331,0.4904016302024936
1.6796901509804357e+18,1.838168567636212,1.5567573663743286,1.2165767833089858,0.627420228192613,0.4540588351550785,0.39804396786341417,0.49166597514968635
1.679690151013966e+18,1.8571105891282194,1.553676909133799,1.2158789093959155,0.6274744937652841,0.4549783343321576,0.395571784207913,0.49274074166939336
1.679690151047498e+18,1.8773257931092389,1.5505485677433242,1.216293152243883,0.62611747052431,0.455740309963932,0.3933505893953649,0.4955330430965609
1.6796901510810314e+18,1.9012625380920831,1.5503625206950669,1.227962603896607,0.6236088305424711,0.45554308958600565,0.3915461785855508,0.5002840293622616
1.6796901511145654e+18,1.922843291178599,1.5474444266555418,1.2262863176812804,0.6218017305701823,0.45720678769842527,0.3891443887605731,0.5028828947563971
1.6796901511481009e+18,1.9446931021971017,1.5442072998174132,1.2224409686187017,0.6214844547455564,0.45991132518038447,0.3868511321109241,0.5025781999499553
1.679690151181638e+18,1.9734490786983228,1.5429653048005276,1.2207772741817235,0.6235291141172111,0.4611517993162306,0.383490358428531,0.501483406333615
1.6796901512151757e+18,1.9979074850869079,1.54037859219977,1.2156936672581409,0.6261560073309517,0.4612615788786465,0.38122431912410787,0.49983440141920876
1.6796901512487148e+18,2.0246670250684407,1.5391465207893853,1.2109382934168673,0.6276754563051852,0.46148776850948214,0.38208742418375047,0.49705307699363754
1.6796901512822546e+18,2.05527002671732,1.5390685280471081,1.2088768838272785,0.6288238987948878,0.46268066465224256,0.3822603175771614,0.49435225949434514
1.6796901513157965e+18,2.0826345001193527,1.5380767403068674,1.2060109156223326,0.6286431827904244,0.4652291250631233,0.3798272792946721,0.49406563109341356
1.6796901514164242e+18,2.169628554000134,1.5383573308320717,1.206380833754025,0.6204328127440882,0.4825448027502244,0.38206187242809414,0.4860476970894365
1.679690151449839e+18,2.196632279357483,1.5393707305793334,1.2067936784775912,0.617976608227504,0.4879286347436843,0.3856780304290196,0.48091892864097907
1.679690151483254e+18,2.225708648688272,1.53579356157863,1.2070692922140263,0.617136852571519,0.49244029646827936,0.39068473909253293,0.4732970465284479
1.679690151516753e+18,2.251475764225522,1.5348949104054475,1.207698560263793,0.6184806135908313,0.49376416172811544,0.3939419271913457,0.4674274715996147
1.6796901515500751e+18,2.2780622912129393,1.5310606174344366,1.208471174380461,0.6204704578541061,0.49162960818322843,0.3947486354546831,0.46635850383003336
1.6796901515833958e+18,2.3017656794607744,1.5283602365426492,1.2095684428416646,0.6224219981553659,0.48595344264761053,0.3947459506759805,0.469697500755682
1.6796901516167168e+18,2.3283998371021886,1.5259119150499254,1.2130736129944135,0.6219276406797372,0.48171587946200956,0.397422609584532,0.4724522098833905
1.679690151650037e+18,2.3484749417769173,1.5231702495712183,1.2137303140126265,0.6204984480350106,0.47747137067187406,0.4019943211439564,0.4747666078641959
1.679690151783314e+18,2.423253062160504,1.5162770203922502,1.2112272613791688,0.6135339404007312,0.46785571540927373,0.42177611877016424,0.4762268778328296
1.6796901518166323e+18,2.444782371956303,1.5158874137377263,1.2107523509107723,0.611443446028161,0.46706117982134365,0.4230975567408569,0.4785177364455987
1.67969015184995e+18,2.4609701566666944,1.5156748775945523,1.2077230212418564,0.6094034357664757,0.46689354526497373,0.42143648786777577,0.482730935987733
1.6796901518832668e+18,2.4802826720233897,1.5153633001080915,1.2052890631796056,0.6072367995811647,0.4669256405653991,0.4184667028654442,0.4879851780637814
1.6796901519165834e+18,2.4960817021018658,1.5156086046980388,1.2020501509357229,0.6049583279794167,0.4676374032134082,0.41484903505308757,0.493194645793819
1.6796901519499e+18,2.5159520837500153,1.5157375977067642,1.1999635680098666,0.6031550121432815,0.46883347504535244,0.4114903490535145,0.4970662899846998
1.6796901519832156e+18,2.5324110710303955,1.516561718889064,1.1974331224519692,0.6025288135251811,0.47076758997904244,0.4082341124105572,0.49868007235263184
1.6796901520165307e+18,2.553879517486675,1.5173826780753383,1.1961872180841826,0.6030800307685236,0.47154579977836675,0.4050172182347749,0.4999000781486055
1.6796901520498458e+18,2.5721915676240226,1.5191326041943962,1.1946224000279373,0.6049263479699888,0.47257701267927854,0.402001180406127,0.4991293735805394
1.6796901520831598e+18,2.5909649295053097,1.5207574093239227,1.1930903177877026,0.6076724329446809,0.47340691910923705,0.39931936922760497,0.49715605652376427
1.6796901521164736e+18,2.616443270846199,1.5223488346378158,1.1935957906448937,0.6110160823009457,0.47367008348940987,0.39622814656498906,0.495276947824561
1.6796901521497871e+18,2.6367098196532677,1.524372625484673,1.1930823064493925,0.61505714029984,0.472964104672671,0.3921606867312844,0.4941858614325269
1.6796901521831e+18,2.661349906654853,1.5263923719139805,1.1933343500897406,0.6188809599172829,0.4722651470661676,0.388754942133823,0.4927693002663231
1.6796901522164127e+18,2.6838914665976343,1.5287450167240406,1.1933198899750508,0.6226574883163709,0.47175545548306075,0.38659532895949367,0.4901923031752117
1.679690152249725e+18,2.7110002012902576,1.5309668627418398,1.1939269797927832,0.6259221490181327,0.4709671232964,0.38516516559565245,0.4879131350497851
1.6796901522830362e+18,2.7349910407104687,1.5331778016028896,1.1943316475063244,0.6288198525912939,0.4697425496598221,0.3834855487506808,0.486689186160471
1.6796901523163471e+18,2.7607015188223354,1.5353335305367497,1.1954471261228323,0.63105657131306,0.46759392280356515,0.3814711675834527,0.48744566411272516
1.679690152349658e+18,2.7912272027343032,1.535380190255156,1.1947315426057386,0.6325257572682559,0.4636704879829435,0.3783107637743322,0.4917334755519087
1.679690152382968e+18,2.815579460509971,1.5358328700421233,1.1958330072879924,0.6322054503651476,0.45852670376351745,0.3762941135037835,0.49846992949100377
1.6796901524162778e+18,2.843943086512038,1.5329441554873449,1.1994120515694096,0.6313266221046758,0.4538952942280331,0.37555624345253763,0.5043443923584016
1.6796901524495872e+18,2.8658027615660826,1.5321712044862712,1.2001842647733965,0.6314509215000728,0.4496645871238374,0.37554133485338526,0.5079765729243776
1.6796901524828956e+18,2.8867250162554576,1.5306167545331495,1.2003923926129736,0.6329110045331229,0.44569116020621313,0.37495013236360686,0.510093568176885
1.6796901525162038e+18,2.9096906699747,1.5277564902285907,1.200127295857684,0.6346603849487711,0.4413788591528963,0.37266330766325795,0.5133351318495999
1.6796901525495235e+18,2.9268174771398003,1.524526030770091,1.1994911975364118,0.6365769592791113,0.4363779325628464,0.3678354847117451,0.5186917495719517
1.6796901525829307e+18,2.945811685413144,1.5208048994078323,1.1982791834451627,0.6383991439836562,0.4321202722302988,0.3619397657675234,0.5241356782787244
1.6796901526163387e+18,2.9614680044037565,1.5172415893758855,1.197093369327983,0.640016098836648,0.4286455168861155,0.35659858453446275,0.5286585510434598
1.6796901526497464e+18,2.979975677541381,1.51279216571858,1.195646813905939,0.6415556955108939,0.4256361348803165,0.352396292496712,0.5320310360084749
1.679690152716562e+18,3.014280752450647,1.504912272037055,1.1922422361466305,0.6446307853253689,0.42123887484855016,0.3485188322044908,0.534362783627325
1.6796901527499692e+18,3.0302205601311636,1.5015814996656474,1.1909023009400148,0.6457127371058091,0.41962642256502913,0.34854620671792885,0.5343072790138109
1.679690152783377e+18,3.0469936035402565,1.4979307329469564,1.1893557305556786,0.6470331103314659,0.4172555564488134,0.3482789960856825,0.5347407742382552
1.679690152816785e+18,3.0683390005658575,1.490920583566858,1.1857484367026538,0.6480666874993981,0.4151951073155652,0.3470642597458358,0.5358815083783437
1.6796901528501926e+18,3.085055602086184,1.4863433234991423,1.1829647214580725,0.6485470296610378,0.41282099811484985,0.3459989785368087,0.5378199333278652
1.6796901528836e+18,3.1059644017412786,1.4792019435652304,1.180330586726132,0.6494362204278717,0.41006004672870344,0.34442041611755403,0.5398684382649402
1.679690152917008e+18,3.1237659037630143,1.4738729595847853,1.1772254604502805,0.6500385359353005,0.4085313486591373,0.3433598267290836,0.5409769573192662
1.6796901529504156e+18,3.142547734294755,1.467297432682094,1.1744095284842975,0.6507881798018703,0.4084923640045256,0.342048123947357,0.5409360539696504
1.6796901529838236e+18,3.1616666798965642,1.4608746136764286,1.171981250906358,0.6521626772725017,0.4085366617911427,0.3403367639312269,0.5403263138716577
1.679690153017231e+18,3.1798844848783077,1.4537689491408616,1.1716732233909464,0.6539836497478796,0.40884749401860554,0.33722878372474013,0.5398387351095524
1.6796901530506386e+18,3.200070525158327,1.4456591358501698,1.1705832734889672,0.6557911096192796,0.4099630284841549,0.3327518418491353,0.539578119984884
1.679690153084046e+18,3.2256234161825637,1.4299866817918911,1.1710161183614947,0.6574110002778907,0.41134009892766066,0.3274476414045622,0.5398037994182654
1.6796901531174538e+18,3.2461401816995137,1.42061159484737,1.1705220660707971,0.6604945622668804,0.41220207016704014,0.32141507104516276,0.5390071786821786
1.6796901531508618e+18,3.2730146016972625,1.407673549933882,1.1699791339243588,0.6644908630342851,0.4132152352043196,0.3160785326016703,0.5364694059938224
1.6796901531842693e+18,3.2934349554277755,1.3977836954137566,1.169420181728087,0.6698281792069061,0.41432389325370444,0.30993535658671995,0.5325467083335665
1.679690153217677e+18,3.3152436175140974,1.3846081855105552,1.1684460036207456,0.6733875591659058,0.4154073716871718,0.3057984419857878,0.5295972277000747
1.6796901532510848e+18,3.3344725410637306,1.3743793238176176,1.1682271715273695,0.6746030005071295,0.41490997847364663,0.3040148159903006,0.5294671785183289
1.6796901532844928e+18,3.35942656574077,1.3686872757747812,1.1688911209017796,0.6746635637184732,0.4105069010691791,0.30280323290425337,0.5335010422745221
1.6796901533179005e+18,3.3758810961430212,1.3574931534005228,1.1686970719914191,0.6733429057245692,0.40623762285708265,0.30126617008774964,0.5392763853966533
1.6796901533513078e+18,3.3949054310348687,1.3452132838640496,1.167698109638502,0.6723534305722011,0.4016447245413841,0.298812420756256,0.5452829695191794
1.6796901533847624e+18,3.4084695629796924,1.3337240375659292,1.1663179984908671,0.6710304143020984,0.3964952771085335,0.2966224633579164,0.5518376505310804
1.679690153418111e+18,3.4247337681516488,1.322139819511616,1.1653137606159103,0.6703343924150524,0.3904659995704226,0.29420917337478386,0.5582374654456108
1.67969015345146e+18,3.435452896712948,1.3108334708623015,1.1628257170852807,0.6702011411745064,0.38339650578063866,0.29136216363363887,0.5647527240539095
1.67969015348481e+18,3.4461302777788925,1.2993690283101926,1.1598584345021559,0.6717251322021494,0.3762772425618256,0.28812672399006245,0.5693713853196596
1.679690153518159e+18,3.4617815354912445,1.2893958541048693,1.1593034747458564,0.6742224275329709,0.36877015061941365,0.2850608915376577,0.5728638427579787
1.6796901535515087e+18,3.4711474673440463,1.278258940104123,1.1560901580471235,0.6768225331920763,0.3612880690248277,0.28134297145160214,0.5763925070284615
1.679690153584858e+18,3.484207360426246,1.2667629484115268,1.154143665371815,0.6796812556533925,0.3525489596305278,0.27614624185386705,0.5809353448421312
1.6796901536182083e+18,3.493375602941602,1.2549569106861107,1.1512257707753586,0.6830653244723357,0.34358792024413753,0.270018263722555,0.5852001715841066
1.679690153651558e+18,3.506177863913609,1.2425240251636425,1.14919081578353,0.6865841386641656,0.33434095553906396,0.26279801054011054,0.5897080223637554
1.679690153684908e+18,3.5157877873537373,1.229690200777948,1.146321839457583,0.690303108316841,0.3244957431258114,0.254501870465132,0.5944854323455571
1.6796901537182584e+18,3.5287691187167516,1.2155542539130568,1.1437417432212693,0.6936532042874118,0.3151970387724129,0.2464252283134248,0.5989746787482627
1.6796901537516083e+18,3.5388554737855378,1.201893025008344,1.1409681313908264,0.6968639409960613,0.3066278846276358,0.23904596364027775,0.6026748836441672
1.6796901537849587e+18,3.552338821999512,1.1863208046681801,1.13869263420449,0.7001678736953689,0.2977119344610972,0.23142832358107998,0.6062783880106467
1.6796901538183094e+18,3.562614208213554,1.171596586005998,1.136266403163713,0.703791333740348,0.28836017933465374,0.22339783471026808,0.6096060801639306
1.6796901538516598e+18,3.5761335021742378,1.1546458329598048,1.1343045312669353,0.7078329708790551,0.27750530192099576,0.21477322319663972,0.6130544472883256
1.6796901538850104e+18,3.5860035542887507,1.1392836497091172,1.132294455456519,0.711949025135545,0.26594521869736054,0.20544393796845667,0.6165991522963464
1.6796901539183613e+18,3.5987214440490884,1.1208930994775046,1.1310652859307444,0.715979831618881,0.2537117825494196,0.1961561745375847,0.6201015782122923
1.6796901539517123e+18,3.607904171487232,1.1049078145610445,1.1294565119451045,0.7201623731131394,0.2414270746533299,0.18713124630401134,0.6229454395315003
1.6796901539850637e+18,3.6200408768601555,1.0854151912652896,1.1284572049305053,0.7253219797701489,0.22881674261146467,0.17846484661332182,0.6242605405487952
1.6796901540184146e+18,3.6287187890800396,1.0689399112053262,1.1267871849938187,0.7317154337680905,0.2158471807043406,0.16893133924395815,0.6240710866470308
1.679690154051766e+18,3.6401221337182257,1.0484479343932056,1.1248446035168362,0.7390790904121759,0.20203574679044345,0.15726702715114743,0.6230655963101951
1.6796901540851172e+18,3.6476943351854043,1.0310746022556916,1.1222156801954117,0.7468483802715424,0.18759813373150946,0.14314358819471307,0.6217188675478421
1.6796901541184689e+18,3.658675384785763,1.009053774485533,1.1200743041190515,0.7538717830947976,0.1701461716292102,0.12628372322193934,0.6219164221843629
1.6796901541518205e+18,3.663564995679648,0.9919398617481361,1.1174010173461997,0.7595668621464279,0.15203799961166886,0.10958855188118109,0.622842659023687
1.679690154185172e+18,3.674020869392961,0.9690387201541437,1.1147116625139286,0.7633604548177507,0.13378033318604932,0.09545325621681414,0.6247177877655425
1.6796901542185236e+18,3.674898589132553,0.9538081173135755,1.1122413177382893,0.7662113229594162,0.11767562036471979,0.08265906479139368,0.6262907758768058
1.6796901542518756e+18,3.6829693016773346,0.9319274475159558,1.1095132311880123,0.7671529434844467,0.10160055405266688,0.06924992274787897,0.6295698030550334
1.6796901542852278e+18,3.6799509751487207,0.9185011918873456,1.1073768977919622,0.766201792718679,0.08607746720237952,0.055822444533810286,0.6343574206714818
1.6796901543185805e+18,3.684422711586026,0.8978508639841414,1.1043618968157363,0.7628464463548628,0.07022384875858045,0.041759552064114164,0.6413969520980701
1.6796901543519322e+18,3.6800260399980536,0.8838434375341195,1.1016383489352692,0.7585442399174728,0.056377439935218265,0.027414703786698833,0.6485989935011166
1.6796901543852849e+18,3.673380397721383,0.87145723763972,1.0985360762005316,0.7536319752662622,0.04273839619340436,0.01178581684437009,0.6557997940441874
1.6796901544186504e+18,3.665539620366835,0.8598039804726088,1.0950071534384231,0.7486514954372422,0.028788334206126365,-0.004111830427267217,0.6623256472791573
1.6796901544520596e+18,3.6613147362511027,0.844394631485395,1.0900206283741594,0.7442701513378851,0.014513256670060315,-0.019096446580200648,0.6674478503496136
1.6796901544854697e+18,3.6646526614694537,0.8257526206884964,1.0888643650996914,0.739945443334532,-0.001197331904761345,-0.032758318069156064,0.6718676952213528
1.679690154518879e+18,3.6589207515573268,0.8129547788590508,1.0853877211454495,0.736773895012157,-0.01616936800371216,-0.044127041739960925,0.6745039535497592
1.679690154552288e+18,3.650559089443063,0.8017061507595271,1.080758948993388,0.733953096718211,-0.030580889637499054,-0.05362539399487116,0.6763889251943901
1.6796901545856975e+18,3.642005899838903,0.7905631231856716,1.0762646260403477,0.7313801718659897,-0.04426301863887894,-0.06096114485277745,0.6777961110839221
1.679690154752745e+18,3.625668569116523,0.7179135447984215,1.066419869027616,0.7188594786025245,-0.09213046585585638,-0.08942697970051099,0.6831953180358701
1.679690154786154e+18,3.6151838559698355,0.7039232831877562,1.0619267316912062,0.7148358196448454,-0.09830331991636687,-0.09443646027856742,0.6858775132748974
1.6796901548195633e+18,3.6086998456956962,0.6871778777611655,1.0606217706323546,0.7101580850587978,-0.10483426022084896,-0.09977761837303921,0.6890063127296969
1.6796901548529733e+18,3.596242523163138,0.6721312217762476,1.0571863254118634,0.7053405782375849,-0.11032031017575605,-0.10544980364147076,0.6922459366194711
1.6796901548863823e+18,3.587533636348673,0.654259819643999,1.0565541192780674,0.7000623131836243,-0.11610066352806359,-0.11224923799582039,0.6955814130335098
1.6796901549197916e+18,3.5731134516033114,0.6376726630069003,1.0542693278893327,0.6948845883147025,-0.12067757157140468,-0.11925354829324225,0.69882109574755
1.6796901549532014e+18,3.5574768909055647,0.6205806401085334,1.0521306584235386,0.6891886156540573,-0.12516728441764757,-0.1268975327475717,0.7023170360648638
1.679690154986611e+18,3.5406962911758013,0.6035162906848603,1.0509259397080035,0.6836848339917232,-0.12867534591953667,-0.13522819547472092,0.7055005586609043
1.67969015502002e+18,3.524026691371545,0.5888228275077094,1.0489362022961939,0.6772667511107296,-0.134080980192691,-0.14555516589700068,0.7086224186907863
1.6796901550534292e+18,3.5053573745304965,0.5721271450638068,1.0483664958281136,0.6694134571501466,-0.14145444549725694,-0.1583775278666567,0.7118938276893533
1.6796901550868393e+18,3.496955632281698,0.5497885010055472,1.0602232161111826,0.6597105300058571,-0.15524992538371674,-0.1708294077826232,0.7151900381747357
1.6796901551202483e+18,3.477583545434344,0.5344195284294257,1.0606100706504447,0.6511360172668317,-0.16755191056773622,-0.1810349308718542,0.7177566426632445
1.6796901551536576e+18,3.4507692667237633,0.5297730132407839,1.0474983588291447,0.6456288148444742,-0.174204680565185,-0.1898053956975621,0.7188811268045594
1.6796901551870674e+18,3.4326397181177626,0.5179077431557595,1.0470291808772698,0.6409160050508682,-0.1814619143756977,-0.19858271801515895,0.7189319524172325
1.679690155220477e+18,3.4332381102856315,0.4910141983528107,1.065632402131194,0.6351343840411502,-0.1937175902554117,-0.20979298768536314,0.7176800901183997
1.679690155253886e+18,3.4157097072972986,0.48254470138053374,1.063806042364873,0.6281272173476008,-0.205796868246367,-0.22299361370758963,0.716503800473366
1.6796901552872952e+18,3.4034157691873803,0.46968861347528734,1.064970264525959,0.6218798213003537,-0.21971074881773556,-0.23369341469604932,0.7144088903709768
1.6796901553207053e+18,3.386992750359222,0.4631951343252645,1.0628872356052872,0.6176296818089977,-0.23131096667639728,-0.2406745862003794,0.7121127413556245
1.6796901553541143e+18,3.374013314874799,0.4539479974404894,1.0605228940064724,0.6143787431013049,-0.24075398945087656,-0.24741440082214336,0.7094803667858389
1.6796901553875236e+18,3.3585017455376,0.4489284769450308,1.0579207094461087,0.611885360738105,-0.25035727427098065,-0.2537894246170349,0.7060513214254033
1.679690155420933e+18,3.345217155134181,0.4401352633917004,1.0553381205546204,0.6085115929091239,-0.26167341428925717,-0.2612395295525841,0.702135723167927
1.679690155454343e+18,3.3296804191918516,0.43562964065832444,1.0527234430211896,0.6055033773986332,-0.27285808203271167,-0.26795032154727305,0.6979374987855228
1.679690155487752e+18,3.315637925263223,0.42763108564676333,1.0503415756610839,0.6039261218206268,-0.2831964280021241,-0.2743664087900685,0.6926731525598316
1.6796901555211612e+18,3.2993729942596834,0.4222185882587528,1.047593571514576,0.6033246610255035,-0.29234129909214934,-0.2806736785774115,0.6868465653968133
1.6796901555545713e+18,3.2853042210357835,0.41225153987759344,1.044456485257859,0.6019825761756634,-0.3015940785591338,-0.28865037757225787,0.6806900537589567
1.6796901555882307e+18,3.267790000962382,0.406700424138295,1.0419043609489194,0.5991885778847996,-0.31164940676456976,-0.29794268190338674,0.6745945846920957
1.6796901556213033e+18,3.25148304884989,0.39591277978919437,1.039723180575567,0.5955134023807006,-0.3221903462166723,-0.30791600828043664,0.6683897816651482
1.6796901557205125e+18,3.210349632010641,0.34572955318738385,1.0523015651854313,0.5867992361771935,-0.34861771888109006,-0.33734444819146464,0.6483294423195691
1.6796901557535795e+18,3.1933565914648794,0.33695498365880683,1.0516695436215928,0.5819709991630677,-0.35698354120575615,-0.34795633881652016,0.6424942752419991
1.6796901557866452e+18,3.1761274451118116,0.3285753847060797,1.0776096278555651,0.5779506563691063,-0.3660291172421558,-0.3571022934772844,0.6359824495429972
1.6796901558197092e+18,3.158641993801705,0.31993844694938645,1.0776075505587672,0.5732239082086972,-0.37362439401620695,-0.3671474231684017,0.6300967647233021
1.6796901558527718e+18,3.143016953691454,0.3041195514828243,1.0766964683695415,0.5681112135310652,-0.3817967012711718,-0.3776716319021124,0.6235744273261271
1.6796901558858322e+18,3.1260700811732374,0.29604489097156605,1.075891209337445,0.5629704054566493,-0.3887334368137866,-0.38857262507407087,0.6172211538224874
1.679690155918892e+18,3.1106677281472397,0.2843865197526618,1.0763529741598472,0.5563117246243234,-0.3964677818064266,-0.4006772532556371,0.6105639211077907
1.6796901559519496e+18,3.093752936767329,0.2776761635101437,1.0746725520523672,0.5480038760156044,-0.40479235961060633,-0.4138433408401672,0.6037951529409636
1.679690155985006e+18,3.0849574906259853,0.26970039471075236,1.073110087524952,0.5381522050278627,-0.41543847606061457,-0.42498245178629446,0.5976562494492914
1.6796901560180608e+18,3.068504641333268,0.2661696953656465,1.0724310980126714,0.5296068451643733,-0.42646291927982893,-0.43167329944797994,0.5927091450096418
1.6796901560511145e+18,3.0503035301608428,0.25902400880716403,1.0747772780627052,0.5226213265436942,-0.4355694015469719,-0.43602988153953126,0.5890875893127819
1.6796901560841664e+18,3.034809694350076,0.2583707001584892,1.0739891436037023,0.5169642231087628,-0.44201662611043624,-0.4404283404024627,0.5859967331289762
1.679690156117217e+18,3.014195873781273,0.24275069155908868,1.0691000301652334,0.5091684590756268,-0.44997599763582996,-0.44679650587873626,0.5819295182139707
1.6796901561502659e+18,2.9995662501405542,0.2450030605499185,1.068402533988081,0.5000945468958379,-0.4589441999919336,-0.45261571766787323,0.5782859825197277
1.6796901561833137e+18,2.9838297755695455,0.2390253242706346,1.067220541858339,0.488949992028441,-0.4693535782230692,-0.4590163529079113,0.5744032657181783
1.6796901562163597e+18,2.96976905431427,0.24347149154112468,1.066652783634268,0.4785307071736501,-0.47836248418623584,-0.4651041424915601,0.5708378339355673
1.679690156249404e+18,2.9551366811513633,0.24513938859942686,1.0678362324234014,0.46871889644746983,-0.4868855854010573,-0.47125189378726956,0.5667156918981928
1.679690156282447e+18,2.941592372193666,0.25089908152831697,1.0668655260387614,0.4598954769381974,-0.49401221849827504,-0.47751787331215295,0.5625164521448591
1.6796901563154885e+18,2.9231854914468496,0.24608823617675668,1.0660179471880924,0.4520550085417511,-0.501395098683091,-0.4838181840273033,0.5569283518311968
1.679690156348529e+18,2.9093979336261837,0.2528465349208511,1.0645669463514325,0.44461995232691326,-0.508770461876886,-0.4895868544325554,0.5511537236390854
1.6796901563815672e+18,2.8887381596576898,0.24770695327244674,1.0623951035751196,0.4385454962536049,-0.5151736424600317,-0.4949526146025045,0.5452484526601495
1.6796901564146045e+18,2.8743038707795066,0.2544582603109462,1.060946467161258,0.43299033079542737,-0.5209543742388781,-0.49983469025931426,0.5397139944567132
1.67969015644764e+18,2.85473177871768,0.2565767143785487,1.0617240499581544,0.42783509593676894,-0.527066102321967,-0.5042084012756811,0.533790541833525
1.6796901564806738e+18,2.839274345102588,0.26255838524143726,1.060447140958061,0.42391963477255545,-0.5318266614038514,-0.5082710939477316,0.5283114995260964
1.6796901565137068e+18,2.811461532731939,0.25500727518894895,1.0538066309000969,0.4216612968747464,-0.5352972008592397,-0.5118621903405774,0.5231211671973482
1.6796901565467374e+18,2.794887413672095,0.2604026754229345,1.0530409271135242,0.41922638260649736,-0.5379416351194829,-0.5144595892411662,0.5198070491725346
1.6796901565797676e+18,2.7695604897085717,0.25374577984435875,1.052573582484052,0.41488286379139333,-0.5412714311949853,-0.5170854193645101,0.5172234683239088
1.6796901566128965e+18,2.7516999100797106,0.2591212905031468,1.052727713010073,0.4102102966459562,-0.5437651725642706,-0.5187822209100292,0.5166352261503689
1.6796901566462833e+18,2.723509778194412,0.2530976652944421,1.0525212737611864,0.40531376029502464,-0.5458805433913416,-0.5209215045546514,0.5161162409329889
1.6796901566796703e+18,2.7011925404355255,0.25829166521722646,1.0535928377432333,0.3990261143447887,-0.5483565132288801,-0.523113883913662,0.5161735744176841
1.6796901567130578e+18,2.6738443990587886,0.25313325930967245,1.0522351867452815,0.39696942966510773,-0.5484096662330976,-0.5236401931725019,0.5171683072150945
1.6796901567464448e+18,2.6504439532901642,0.25807671542159616,1.0527160550894274,0.3979501017505548,-0.546848866412574,-0.5233198875747419,0.5183901321290422
1.6796901567798318e+18,2.6251897461031923,0.26226558668365385,1.052644221153633,0.3987505677448068,-0.5453770322520152,-0.5235115026473324,0.5191315671495145
1.6796901568132188e+18,2.6009018835494118,0.26802607403040035,1.0532609193850546,0.397579982771285,-0.5446334001115936,-0.5244854239641591,0.5198265641842532
1.6796901568466063e+18,2.573265173450295,0.2676567838340467,1.053306471664731,0.396172173640862,-0.5449232617381201,-0.5256448885853441,0.5194263169627275
1.679690156879993e+18,2.548971696025654,0.2730719789950986,1.0558186982702238,0.39608566381930227,-0.5461176848283353,-0.5248755397677759,0.5190156924294751
1.67969015691338e+18,2.5195857723001147,0.255599842953258,1.05311466641525,0.39550637607683464,-0.5489998128864535,-0.5230472634113398,0.518261972530415
1.679690156946767e+18,2.4972202381130213,0.2612330821299458,1.0552734273057138,0.3963894499504826,-0.5509217245974076,-0.5206297747851436,0.5179819446097926
1.6796901569801546e+18,2.4841689277040064,0.36005190858286173,1.049523212223092,0.3987512236557764,-0.5494785923617812,-0.5187681739224081,0.5195674353674857
1.6796901570135414e+18,2.464523750211674,0.3659105086525605,1.049872224525629,0.3950482736339321,-0.5539583939350703,-0.5181678585498559,0.5182364611387196
1.6796901570469284e+18,2.4476606623295982,0.36924917129312185,1.0520100726333066,0.39271396628213034,-0.5572002164389894,-0.5168453922242967,0.5178556748977596
1.679690157080316e+18,2.4302819897233006,0.3743340968829796,1.0517725649088117,0.39338182991426796,-0.5578447060812775,-0.5156579022336089,0.517838727457139
1.6796901571137027e+18,2.3947036335537097,0.26023805058571403,1.050694547712534,0.3900373238535503,-0.5617773820842196,-0.5170736317780528,0.5146959474287861
1.67969015714709e+18,2.3771981118819,0.2646830571976224,1.0506920510782425,0.39046251674827936,-0.5612111452784224,-0.5168968028386219,0.5151686797982689
1.6796901571804503e+18,2.358665886583501,0.26880517034675755,1.051180356861483,0.38964290859906753,-0.5613092434296482,-0.5171794478206064,0.5153986377270197
1.6796901572139105e+18,2.342301293457888,0.2724088270254561,1.0501720501342484,0.38862474706263544,-0.5612713263160728,-0.5175147433375085,0.5158718781385662
1.6796901572473718e+18,2.323924839147886,0.27656138024067145,1.0510610962140188,0.38795302285553723,-0.5603034938369074,-0.5182366182216346,0.5167042233092444
1.6796901572808323e+18,2.304933023291283,0.2809128990367342,1.0515213991015933,0.38633577302842254,-0.5595415930632511,-0.5197398938191143,0.5172313978130734
1.6796901573142935e+18,2.2817401736203253,0.27177985694072593,1.0460530218754567,0.38451793948731977,-0.5591347673547665,-0.5214304996755981,0.5173243664816228
1.679690157347755e+18,2.261738593535533,0.2763346605391286,1.0460615603998875,0.38368696199041796,-0.5584580332433777,-0.5221239549614485,0.5179725050231113
1.679690157381216e+18,2.240905966457462,0.28144319471889556,1.0457188782450755,0.38298988258533423,-0.5583015567618963,-0.5227754451392321,0.5179999570598369
1.6796901574146775e+18,2.2115824537673223,0.2604520547111653,1.0412960751319695,0.3811411773046198,-0.5597203988180092,-0.5238094008952267,0.5167864062101882
1.6796901574481398e+18,2.188158797943161,0.2660123233786291,1.039763511100921,0.3788185976615148,-0.5615957111085402,-0.5240164569526039,0.5162494360026909
1.6796901574816015e+18,2.164104705160664,0.2715047026146995,1.0368388005978895,0.37577661572870497,-0.5640573603387519,-0.5245277383808894,0.515268746372405
1.6796901575150638e+18,2.1381838162760207,0.2727588183924623,1.029133488611483,0.3723613565107277,-0.5673627922365201,-0.5247329784076363,0.5139083415693121
1.6796901575485256e+18,2.112213134753233,0.27876318030524105,1.026936085799202,0.36993622786045766,-0.5706211922125151,-0.5242293675356804,0.5125643496454705
1.679690157581988e+18,2.08666013896754,0.2850075463583326,1.0250053730969415,0.3676971367057175,-0.5731498306505003,-0.5245452049751704,0.5110287812063778
1.6796901576154506e+18,2.0492095391929492,0.2676245719018193,1.0253537131886237,0.36555640805072337,-0.5743553363272771,-0.5269056638028399,0.5087778312956672
1.6796901576489137e+18,2.0222515157505896,0.27421445074092254,1.0252487173669085,0.3634508534731737,-0.5722725340752755,-0.5318155579343223,0.5075232370952983
1.6796901576823764e+18,1.9949970683088172,0.2806694567611956,1.0265588240268666,0.3591276734405655,-0.5690715722802959,-0.540305109888732,0.5052279169045625
1.6796901577158397e+18,1.9635278118865587,0.2793299141691068,1.0243245602400137,0.3553153294024259,-0.5655714544274438,-0.5495370303084047,0.5018854440490291
1.6796901577493023e+18,1.9368634998307852,0.2855802525761617,1.0272495469051022,0.35427667392446793,-0.5642266337341326,-0.5550483902483857,0.49805384104606715
1.6796901577827658e+18,1.910794755445323,0.29220476881926727,1.0310291919605898,0.35500986625552455,-0.5645156785875396,-0.5571128425563425,0.4948892039122254
1.67969015781623e+18,1.8764399308574793,0.27734512970616176,1.0326239055400528,0.3581143813341162,-0.5653145909235581,-0.5569814667548443,0.491879201493859
1.6796901578496932e+18,1.8529885770454608,0.2828247646397961,1.0349561183395886,0.36410889693411447,-0.5652387864412958,-0.5540436600730365,0.4908823160480191
1.679690157883157e+18,1.8306724598348036,0.2881561385041813,1.0365316260725594,0.36887818457796906,-0.5661100889738084,-0.5503227485278707,0.4905029302229077
1.6796901579166216e+18,1.802178485458571,0.27914532115139945,1.0355180165838034,0.36877960245241714,-0.5707083964783907,-0.547045284738728,0.4889120446964106
1.679690157950085e+18,1.7817114864901684,0.2833991339277695,1.0354982365546306,0.36724544109084123,-0.5761332360945138,-0.5426364517551608,0.488617397860356
1.67969015798355e+18,1.7617127062017743,0.2876551874166844,1.035433611589864,0.3654866755208972,-0.580724069709948,-0.5384149495739233,0.4891711223605783
1.6796901580170143e+18,1.7361148885098971,0.2839175737733797,1.0361901891883538,0.36417932982812673,-0.5842963266810789,-0.5347148606702022,0.4899502384236394
1.6796901580504786e+18,1.7172102148267625,0.2879220354144074,1.0364699860366124,0.3645494291393891,-0.5858414393886053,-0.5308573508292029,0.4920203193769885
1.679690158083944e+18,1.6984656813278491,0.2913623745059275,1.0367549021433269,0.367222257322169,-0.585560849114733,-0.5272526607503828,0.4942377337303233
1.6796901581174085e+18,1.6738868649587129,0.2882655878464715,1.0378924019687168,0.37035769048328593,-0.5843026151839421,-0.523562773473317,0.4973003692156493
1.6796901581508736e+18,1.6547770164629363,0.29082250024584466,1.03774856258351,0.374127205476119,-0.581651962429616,-0.5200545815096831,0.5012514947361204
1.679690158184485e+18,1.6352155208540295,0.29296113904844523,1.0370640197675303,0.3775030967519212,-0.5776910607240879,-0.5176578824315863,0.505761571354165
1.6796901582175813e+18,1.6059581654389572,0.2841511217651571,1.0405168455812324,0.37977936790945177,-0.5735730960897689,-0.5157921812323301,0.5106270272242637
1.679690158250676e+18,1.5857608663438547,0.2844773958024187,1.0390074731291656,0.382280124306132,-0.5679037391517417,-0.5143543702372789,0.5165141154274205
1.6796901582837688e+18,1.5651942097547569,0.28497516891524155,1.037601643106424,0.3849944924149531,-0.5624450655247593,-0.5128581312941343,0.5219303844790888
1.6796901583168607e+18,1.5373775337843536,0.2827727051156925,1.0397881381252545,0.3862571266594177,-0.5597252218353292,-0.5110057502392664,0.5257244823751381
1.679690158349951e+18,1.5149672000981054,0.2840955099483873,1.040166187146164,0.38578851185658414,-0.5584199642840831,-0.5098775076188466,0.5285445060095106
1.67969015838304e+18,1.4918853103152003,0.2857560191927466,1.0410828940748167,0.38465197889005526,-0.5580247731761766,-0.5089967649319119,0.5306349978530339
1.6796901584161275e+18,1.4649173505161774,0.28492189378052224,1.0442592206394625,0.38589465058174266,-0.5556512089979466,-0.508352243527903,0.5328367940482934
1.6796901584492132e+18,1.440258437533944,0.28587244097805886,1.0455693634974372,0.38982576580949546,-0.5503006780262724,-0.5076594174746721,0.5361780972066481
1.679690158482298e+18,1.4154069594104233,0.2866475820755685,1.0466296569728204,0.39530532829703496,-0.5425240866710918,-0.5073498979357306,0.5403678320054544
1.6796901585153812e+18,1.3877118091507026,0.28529663627085355,1.0494072302835378,0.40082867962716784,-0.5340863342748939,-0.5080346807908684,0.5440486377548133
1.679690158548463e+18,1.362680071393595,0.286223507682009,1.0507540182760493,0.4082238593543868,-0.5239211773384582,-0.5087182575735288,0.5477824522576873
1.6796901585815437e+18,1.3381920214566205,0.28710273289010235,1.0523877059838678,0.4173195495559245,-0.5136681468478476,-0.5081969751865753,0.5511127497015057
1.6796901586146227e+18,1.3143809986611925,0.28697475656609894,1.0554424397906343,0.42424612829099073,-0.5059177753935099,-0.5063635359282161,0.5546696283854563
1.6796901586477002e+18,1.2920161326657105,0.28824225324453145,1.057645779493453,0.42955107185490304,-0.49906169387984134,-0.5039275575914673,0.5589993909388329
1.6796901586807767e+18,1.2706956079237048,0.289771475103358,1.0600041909210722,0.4305459360307348,-0.4959335546133228,-0.502288502732213,0.5624823254103589
1.6796901587138511e+18,1.244674918140275,0.28861912889662333,1.0613725646919066,0.4274352295699189,-0.4966895035951666,-0.5011622850701881,0.5651858327701823
1.6796901587469245e+18,1.22527020088964,0.29031320568481567,1.0647988162184725,0.4234411685647173,-0.49895081539081443,-0.5004257171816695,0.5668507406439544
1.679690158779997e+18,1.2067459241198695,0.2917843862519547,1.0686060921752603,0.4200497436447929,-0.4999442456120904,-0.49961493114915945,0.5692089991524399
1.6796901588130675e+18,1.1867359903299162,0.29259984024519925,1.0728647061522847,0.4191233201880557,-0.49872942235412765,-0.4990417359726064,0.5714559926278715
1.6796901588461363e+18,1.1688691766770278,0.29387583122876215,1.0771727047183925,0.41837418093759,-0.4976218302276284,-0.4989049019180568,0.5730876526743879
1.6796901588792044e+18,1.1510170796215584,0.29541583679557126,1.0816904393853533,0.41762012088416484,-0.4962971868066003,-0.49950182747924804,0.5742651489908136
1.6796901589122706e+18,1.1306140712613735,0.29167921847748524,1.082958133410625,0.41698930208192103,-0.4954068225582111,-0.501294985982766,0.5739297336264676
1.679690158945335e+18,1.1123198385071673,0.2940804217457629,1.0874348634455133,0.41404017470000476,-0.4955907028430657,-0.5044092648244092,0.5731770080430691
1.6796901589783987e+18,1.093774496879054,0.29678760949350913,1.0915791705283209,0.4094996343416561,-0.4959363420352799,-0.5085958932682288,0.5724398758589481
1.679690159011461e+18,1.0762777518368163,0.29907406180851615,1.0949880332211464,0.40732132584436265,-0.49405852825425733,-0.5123360631504215,0.5722825059069646
1.6796901590445215e+18,1.0571971615637972,0.3015841849448093,1.0984954133289024,0.4041355766386956,-0.4920397786184316,-0.5166684210411646,0.5723853899697853
1.679690159077581e+18,1.037436206414937,0.30411392711278085,1.1015743324114908,0.39988861299200196,-0.49090517936803235,-0.521663963143497,0.5718110803634295
1.6796901591106386e+18,1.0132295827368811,0.2991684464516813,1.0998860480557142,0.3964059147994282,-0.4898175999679826,-0.5262570243655903,0.5709593801484557
1.679690159143695e+18,0.9918196421850711,0.30095880147242227,1.1024131950803095,0.3941490443110243,-0.48872466487753696,-0.5294476284405151,0.5705084938436583
1.6796901591767498e+18,0.9696529264624638,0.3026521452095823,1.104489732297834,0.3923291100609985,-0.48843512567371405,-0.5319882147045281,0.569646852727492
1.679690159209997e+18,0.9473080005447947,0.30310291751604534,1.1045779026142355,0.39041212266552905,-0.4892537558602076,-0.5343735362941837,0.5680264611450113
1.679690159243366e+18,0.9234136520951324,0.30482049396020194,1.1061808384906855,0.3889610860572353,-0.49163492756686855,-0.5359111501169403,0.5655118130594925
1.679690159276734e+18,0.898901825317431,0.3061591113921014,1.1074979715293667,0.38872632691462977,-0.49407764974994717,-0.536719804947346,0.5627707968243482
1.6796901593101023e+18,0.8720419434570912,0.29873247180245865,1.1038993983261847,0.38863688648229294,-0.4963552486955084,-0.5375159710864481,0.5600619772710532
1.6796901593434708e+18,0.8472207345607103,0.29963389114869665,1.1046904517859277,0.38905199803775015,-0.4972147302654659,-0.5384397762847689,0.5581206519600245
1.679690159376839e+18,0.8226384322053131,0.30033578089920443,1.1054614063874517,0.3881781587387158,-0.4972912187096048,-0.5407504734101368,0.556424376154792
1.6796901594102072e+18,0.7989859096420389,0.2997690713540493,1.105104464027196,0.38713009275889215,-0.4980320767907369,-0.5432607327458153,0.5540416212023035
1.6796901594435756e+18,0.7767532932235228,0.30062706771319325,1.1064720654115685,0.38699516366015774,-0.49890985397175913,-0.5448967563285729,0.5517347422957214
1.6796901594769441e+18,0.7559738681700743,0.3016892797032944,1.1078230011400514,0.3876027993605602,-0.49888203658842944,-0.5457392319666311,0.5504992953580495
1.6796901595103122e+18,0.733544121100578,0.2976387377930694,1.1032314994902246,0.38800566057203095,-0.49919711779484865,-0.5459939741693846,0.5496766550619552
1.679690159543681e+18,0.7143385193135832,0.2987500688868452,1.1035427440298669,0.38996492539655414,-0.49986283638536977,-0.5445144215615517,0.5491525712156152
1.6796901595770493e+18,0.6957976658368501,0.3002378630427063,1.1030974035353132,0.39118804249166866,-0.502176274099072,-0.541949132239317,0.5487094342259496
1.6796901596104177e+18,0.6694594016571422,0.2919976115925582,1.1011193652942666,0.3905787075931484,-0.5063079989804228,-0.5396666795340679,0.5475950678594355
1.6796901596437862e+18,0.6511046142953358,0.29447563791363063,1.0994845139504383,0.39040532132086975,-0.5108474173523522,-0.536496629352784,0.5466168383446324
1.6796901596771543e+18,0.6328053146528207,0.2972931123707587,1.097567872480396,0.39043884246653293,-0.5157394913363826,-0.5333128253876287,0.5451125733704444
1.6796901597105224e+18,0.6108246113371913,0.2945381550477548,1.0949000157955524,0.3921240751570311,-0.5190720225095218,-0.5304617798660711,0.5435193144971365
1.6796901597438907e+18,0.5924514386319173,0.29738453133460885,1.0927955191456011,0.39633745843235474,-0.5203270811376477,-0.5273824451058743,0.5422583372086656
1.6796901597772593e+18,0.5740657917013785,0.3003066966397485,1.0905811966415349,0.4011264575981387,-0.5199601761833891,-0.5254777738000679,0.540936308117908
1.6796901598106276e+18,0.5525566907079178,0.29855375284986385,1.0876902972579727,0.404056423522134,-0.5204150337280233,-0.5248906427726939,0.5388844147032175
1.6796901598439962e+18,0.5341987749886183,0.30200045138634346,1.085392459428129,0.4076280211986886,-0.5197320321564811,-0.5237010296032982,0.538010448482723
1.6796901598773647e+18,0.5153695506577012,0.3055235717198008,1.0837500192044331,0.4103032230108595,-0.5194108859041343,-0.5224137304692139,0.5375383623597689
1.6796901599107333e+18,0.4921305452387539,0.3048847092546878,1.0848241882112064,0.4120345051206783,-0.5198465251642498,-0.5208557833270039,0.5373047643930077
1.6796901599441014e+18,0.4722960059247938,0.30840076297161456,1.0844448014018266,0.414133831581134,-0.5182987481424983,-0.5188336275961831,0.5391393549809111
1.6796901599774694e+18,0.4516167726676772,0.3121013792285181,1.0847796609450526,0.41552880422729116,-0.5160167352077177,-0.5168952871041708,0.5421086643953433
1.6796901600108378e+18,0.4275951565823768,0.31268858008091494,1.08560366499733,0.41565904677453647,-0.5149811224106179,-0.5149861809496059,0.5448038489457684
1.6796901600442063e+18,0.40549365304277196,0.31660956037863164,1.086894087574493,0.4156890263422257,-0.5127738761760807,-0.5142930451784913,0.5475109578547667
1.6796901600775747e+18,0.3826296783322707,0.3207923456030839,1.088391253795283,0.4155005907034859,-0.5104474266627326,-0.5145330770165237,0.5495983955529313
1.679690160110943e+18,0.3569316918305112,0.3238954434246968,1.0901564026017696,0.41590958483580737,-0.5078856164758617,-0.514982690308331,0.5512388289130533
1.6796901601443116e+18,0.33377184789952197,0.3285816980017997,1.0919549154696906,0.41737307561406495,-0.5034630752602862,-0.515745168466276,0.5534722836832972
1.6796901601776801e+18,0.310812458901361,0.33365057324148983,1.0938707424701821,0.41878251193578486,-0.4985484919142099,-0.5168288740895769,0.555840376199967
1.6796901602110484e+18,0.2854476132228403,0.33780772526079517,1.0961815231976035,0.42002156013049685,-0.4938507849718311,-0.5180584693240176,0.5579504579887951
1.6796901602444168e+18,0.2636518589982362,0.34309539628723984,1.09878017173821,0.4209610090350533,-0.4878532627468457,-0.5199169018566452,0.560782879609599
1.6796901602777848e+18,0.2428518079404547,0.34839287329948565,1.1016474733883068,0.42127405130101453,-0.4842835120172121,-0.5204409872204722,0.5631508079632707
1.6796901603111534e+18,0.2224519777531262,0.3519146903255237,1.1021886635494502,0.41977314692656703,-0.48607985539793175,-0.5190192694951437,0.5640353510095093
1.6796901603445174e+18,0.20457999208300426,0.3575281779106252,1.105952219037351,0.41723337372403135,-0.4908589692419947,-0.5159213339162386,0.564622848789914
1.6796901603778819e+18,0.18841765128328913,0.362819798482509,1.1092758924881245,0.41358910485668776,-0.4959484158996751,-0.5134086547907425,0.5651466838763252
1.679690160411245e+18,0.17394282517532944,0.3655622696382004,1.1098912405773873,0.41200107389784396,-0.49798941302464494,-0.5116958072003898,0.5660645374124188
1.679690160444609e+18,0.16136562074809224,0.36985724560034816,1.111888870106283,0.41072747615832617,-0.5001403580277455,-0.5100303922813288,0.5665964715296451
1.6796901604779717e+18,0.15113621074419403,0.3738021010260584,1.1140554499671058,0.4105769357655378,-0.5019610875344179,-0.5088157894334115,0.5661873707898297
1.6796901605113347e+18,0.14243474870670458,0.3754560039023942,1.1130145255042807,0.41115943700491286,-0.5035377769027656,-0.507613870887269,0.5654429968409429
1.6796901605446976e+18,0.13495215108687142,0.3785500385652809,1.1137414615344001,0.41245987424163016,-0.5055457594679661,-0.5057641172975514,0.5643606957246088
1.67969016057806e+18,0.1288794131341604,0.38144556682147757,1.1143677161571288,0.4127114155763021,-0.5082019642443266,-0.5040422211059394,0.5633307113355389
1.6796901606114217e+18,0.12431615318966815,0.38292054443197565,1.1121773128927868,0.4109287088604156,-0.5117003832617919,-0.5032872366112019,0.5621407932789683
1.6796901606447836e+18,0.12026531919456729,0.38630037403202744,1.1119673912060057,0.40850519606932156,-0.5160330243244939,-0.5022700376433076,0.5608549116096532
1.679690160678145e+18,0.11690422189642224,0.389632231582572,1.1119055701475422,0.4057947006710104,-0.5203821585411066,-0.5014009904950634,0.5595803040761825
1.6796901607115062e+18,0.11485516671363016,0.39229071615790123,1.1109120942290944,0.403864269814926,-0.5234771421780465,-0.5009682876740407,0.5584765956858906
1.6796901607448666e+18,0.112623992111619,0.3952189577500629,1.1111507226440818,0.40264906360715935,-0.5262209511786499,-0.5006418404432312,0.5570664140966753
1.6796901607782275e+18,0.11090865179422171,0.39800502375551483,1.1111616656423444,0.4015306666126397,-0.5281702921498748,-0.5012392034706427,0.5554894482922617
1.6796901608115876e+18,0.11079132673229064,0.4001914677012117,1.109984296712786,0.39998232907907866,-0.5294536595007137,-0.503294498013297,0.5535229057006775
1.6796901608449477e+18,0.10989739354791594,0.4024085934207464,1.1099305068671133,0.3996749570545457,-0.5297249636251579,-0.5062142790960443,0.5508162082356013
1.6796901608783076e+18,0.10907576166696331,0.4040543545410542,1.1100351649043552,0.40016139933815464,-0.5290085737035277,-0.5098047054960723,0.5478320414889519
1.6796901609116675e+18,0.10817755978170696,0.4041771138053909,1.109965854595615,0.39986894528568395,-0.5293356808026644,-0.5135920667224336,0.5441798899491548
1.679690160945026e+18,0.10792403125283179,0.4051558887571416,1.1101045482246275,0.40000933661476884,-0.5306007002081871,-0.5169471383117609,0.5396490375706005
1.679690160978385e+18,0.10762578691063696,0.40560534189371467,1.1101505218157681,0.4007342180515241,-0.5322049969114334,-0.5191121855239995,0.5354367064234867
1.6796901610117435e+18,0.10323193292571653,0.403058964297631,1.1099338861230548,0.40118141280997616,-0.5335634308349305,-0.5212480526374915,0.5316615529762073
1.679690161045102e+18,0.10248677680009766,0.402847727132992,1.1094770237725626,0.4014526112461203,-0.5345644933557936,-0.5235130236908695,0.5282146508693016
1.6796901610784602e+18,0.10150199740109556,0.40165071835198973,1.1089584686628662,0.4024748522071754,-0.534349671238667,-0.5256320668010458,0.5255429121759728
1.6796901611118177e+18,0.09963805446123142,0.3990621463818176,1.1077066201547627,0.40334116663949626,-0.5341704270689128,-0.5273481347141604,0.5233371790274428
1.6796901611451758e+18,0.099585556891163,0.3972944312018134,1.1073136638367163,0.4056711498618783,-0.5337081501064462,-0.5275583126563826,0.5217937863053245
1.6796901611785326e+18,0.0997193370204752,0.3955624230395032,1.107256967643806,0.4076344800112051,-0.5333162476462349,-0.5281390494666222,0.5200740861944838
1.6796901612118897e+18,0.09785688191579944,0.3926365508806995,1.107848629312013,0.40868224729912617,-0.5320164142332104,-0.5304158122137841,0.5182628887761161
1.6796901612452467e+18,0.09808564874931958,0.3906255472097473,1.1075082930745992,0.4094318563553781,-0.5289025259032234,-0.5350872154993443,0.5160516882093674
1.6796901612786025e+18,0.09801442274830108,0.3883281134404528,1.1070858494539637,0.4100003545520532,-0.5253648673591549,-0.5402167759009927,0.5138650605431592
1.679690161311959e+18,0.09631895663324319,0.3852795516009382,1.1069087936206277,0.41122157751685934,-0.5225554098643587,-0.543248031524628,0.5125565666837716
1.6796901613453363e+18,0.09624453832896407,0.3818933978156933,1.107192578914819,0.414886184373285,-0.5193578338434752,-0.5433547755358084,0.5127401704021455
1.6796901613784517e+18,0.09635161835605999,0.37814704425898116,1.1078133876587954,0.41853378077167247,-0.517223624157259,-0.5409684068100145,0.5144534768081896
1.6796901614115653e+18,0.09570150355343832,0.3746574804581311,1.1080994740523515,0.41887682308093305,-0.5170812849420942,-0.5385917874418195,0.5168056098268314
1.679690161444678e+18,0.0965075235725783,0.37145562141725885,1.1084339168098478,0.41734288987932255,-0.5183856934747127,-0.5352318527114021,0.5202192315851433
1.679690161477789e+18,0.09757543412731695,0.36857589479876407,1.1085592168443328,0.41461328258346825,-0.5198533797779549,-0.5321871481028834,0.5240468765605976
1.6796901615108987e+18,0.09842359427412384,0.3662297624862665,1.1079452937149703,0.41279248301777616,-0.5201732701851375,-0.5294930156959244,0.5278818819377629
