1713723160960220928.000000,-1.059327245,0.182249486,2.829040051,0.004962500,0.001379567,0.000356479,0.999986708
1713723160993574912.000000,-1.058847785,0.183200076,2.833892822,0.002550048,0.000905937,0.000227175,0.999996364
1713723161026928640.000000,-1.058293700,0.186236694,2.847563028,0.003003198,0.000219105,-0.000345992,0.999995410
1713723161060282368.000000,-1.057407737,0.190150902,2.865978479,0.006114952,0.000089173,0.000290523,0.999981284
1713723161093636608.000000,-1.074999094,0.188455284,2.868872166,0.006750504,0.002064213,0.001086022,0.999974549
1713723161126990592.000000,-1.078349352,0.187409773,2.879623413,0.003189161,0.001746983,0.000645171,0.999993265
1713723161160343808.000000,-1.063587189,0.182758644,2.894399643,0.002633324,-0.000402595,-0.000704970,0.999996245
1713723161193698048.000000,-1.058281898,0.185894847,2.914508581,0.005612398,-0.001613681,-0.000022879,0.999983013
1713723161227051776.000000,-1.590492606,0.283312857,4.378204346,0.005459399,-0.000835540,0.000412061,0.999984682
1713723161260404736.000000,-1.056119323,0.209067613,2.912278414,0.005230519,-0.002848798,-0.000277016,0.999982297
1713723161293758720.000000,0.027173622,0.022333963,0.248763666,0.007175220,-0.013699356,0.000720415,0.999880195
1713723161327111424.000000,0.022306697,0.017723253,0.265211374,0.008472292,-0.013672042,0.002713821,0.999866962
1713723161360465152.000000,0.011427709,0.013797365,0.270630538,0.005406619,-0.012995469,0.001373841,0.999900043
1713723161393818112.000000,0.004951690,0.014496541,0.288777202,0.004323500,-0.012959937,0.000279466,0.999906659
1713723161427171584.000000,-0.001090162,0.015911985,0.305569738,0.007385418,-0.012713369,0.001094359,0.999891341
1713723161460524544.000000,0.001405540,0.015705347,0.298839718,0.007030120,-0.012614151,0.002660905,0.999892235
1713723161493877760.000000,-0.851078272,0.114667416,2.440746069,0.001372322,-0.003479598,0.000961719,0.999992609
1713723161527230976.000000,-0.843368232,0.116540104,2.458411455,0.002933206,-0.005357702,0.000050806,0.999981344
1713723161560584192.000000,0.003893894,0.019314658,0.329669178,0.008160735,-0.014306787,0.000461027,0.999864340
1713723161593936896.000000,0.003748148,0.020561470,0.335689843,0.006028669,-0.015087162,-0.000144946,0.999868035
1713723161627290368.000000,0.000592823,0.020691637,0.348063707,0.005051299,-0.014983231,-0.000340509,0.999875009
1713723161660643072.000000,-0.001680980,0.020188160,0.356580049,0.004726547,-0.015281447,-0.000140161,0.999872088
1713723161693996288.000000,0.002460833,0.021332964,0.367223203,0.004485284,-0.016219733,-0.000093828,0.999858439
1713723161727348736.000000,-0.001739679,0.022393290,0.377587080,0.002758135,-0.016276257,-0.000083988,0.999863744
1713723161760701952.000000,-2.491619587,0.485304952,7.328988075,0.000001659,-0.004727324,0.001956190,0.999986947
1713723161794054656.000000,-2.484622955,0.481735826,7.341328144,0.000095228,-0.006436541,0.002263798,0.999976754
1713723161827407360.000000,-0.026370574,0.026505029,0.394812614,0.002584208,-0.013065498,-0.000881143,0.999910951
1713723161860760576.000000,-0.030132283,0.024012854,0.404675633,0.000486519,-0.013138893,-0.002269552,0.999911010
1713723161894112768.000000,-0.027112763,0.026509460,0.416096747,0.001407909,-0.013695454,-0.001823905,0.999903560
1713723161927465984.000000,-0.035395321,0.027707998,0.421294570,0.001886612,-0.012817772,-0.002109893,0.999913871
1713723161960818176.000000,-0.033761062,0.027680876,0.434452057,-0.000205068,-0.013341914,-0.002962807,0.999906600
1713723161994170880.000000,-0.038265709,0.027216021,0.443868935,0.000928616,-0.013043590,-0.003375868,0.999908805
1713723162027523840.000000,-2.860550404,0.584329545,8.732251167,-0.001923998,-0.006451315,0.001186253,0.999976695
1713723162060875776.000000,-2.861011744,0.583512962,8.739935875,-0.003907127,-0.006822699,-0.000209615,0.999969125
1713723162094228480.000000,-2.859150648,0.584301472,8.750486374,-0.004113397,-0.007529729,-0.000652261,0.999962986
1713723162127581184.000000,-2.859745264,0.580498576,8.756410599,-0.004045752,-0.007769278,-0.000377122,0.999961555
1713723162160933376.000000,-1.068053007,0.206298545,3.160965681,-0.004663636,-0.012799420,-0.006524370,0.999885917
1713723162194285568.000000,-2.864379644,0.585825920,8.777860641,-0.005272960,-0.008222247,-0.000241521,0.999952316
1713723162227638528.000000,-2.858624458,0.583687246,8.792968750,-0.005072142,-0.009936521,0.000136696,0.999937832
1713723162260996864.000000,-1.062804103,0.205588564,3.189871311,-0.004732264,-0.015542922,-0.005716211,0.999851704
1713723162294355456.000000,-3.176952124,0.679244578,10.087375641,-0.005123890,-0.008872791,0.001909639,0.999945700
1713723162327714048.000000,-3.180613995,0.678925216,10.094362259,-0.006056107,-0.008734705,0.001783496,0.999941945
1713723162361072640.000000,-3.178131819,0.678246856,10.107126236,-0.004669196,-0.010092760,0.000712118,0.999937952
1713723162394430976.000000,-3.184180021,0.683328927,10.110602379,-0.003699363,-0.009122499,0.001603637,0.999950349
1713723162427789312.000000,-3.179158211,0.680964112,10.122503281,-0.007165886,-0.010635875,0.001750339,0.999916255
1713723162461147904.000000,-3.181473732,0.681210518,10.132458687,-0.007988373,-0.010850550,0.000969563,0.999908805
1713723162494506240.000000,-3.179451704,0.679178596,10.140548706,-0.006031733,-0.011474318,0.001100661,0.999915421
1713723162527864576.000000,-3.184648275,0.683072686,10.143699646,-0.006980649,-0.010521411,0.002877771,0.999916196
1713723162561222912.000000,-3.438965797,0.769361019,11.394670486,-0.009305545,-0.010893165,0.002638258,0.999893904
1713723162594581504.000000,-3.438638210,0.770117819,11.403837204,-0.008378433,-0.010938602,0.002637289,0.999901652
1713723162627939840.000000,-3.438992500,0.772918701,11.410102844,-0.005288335,-0.011498139,0.003621669,0.999913394
1713723162661298432.000000,-3.438237667,0.775390983,11.416839600,-0.009030039,-0.012270550,0.003756068,0.999876916
1713723162694657024.000000,-3.437890768,0.777365386,11.429414749,-0.010502744,-0.013553121,0.003496727,0.999846876
1713723162728015360.000000,-3.426165581,0.766646028,11.437879562,-0.009294113,-0.016200224,0.003551002,0.999819279
1713723162761373696.000000,-3.432899714,0.775844932,11.439094543,-0.007194883,-0.015339915,0.006352031,0.999836326
1713723162794732032.000000,-3.436379194,0.770821571,11.455064774,-0.012008717,-0.015952174,0.004123957,0.999792218
1713723162828090880.000000,-3.644951582,0.849686027,12.656453133,-0.010225056,-0.008834476,0.004825515,0.999897122
1713723162861449216.000000,-3.650452137,0.849566281,12.671273232,-0.007867918,-0.008448191,0.005231861,0.999919713
1713723162894807552.000000,-3.646723032,0.853074133,12.675971031,-0.009471521,-0.009403151,0.005749750,0.999894500
1713723162928165888.000000,-3.651179314,0.853910685,12.688137054,-0.010431156,-0.009651017,0.005175787,0.999885619
1713723162961524480.000000,-3.653378010,0.852252781,12.701329231,-0.009868193,-0.009696568,0.005167942,0.999891043
1713723162994882816.000000,-3.657780409,0.852610290,12.706600189,-0.007295342,-0.009278470,0.005756583,0.999913812
1713723163028241152.000000,-3.648042917,0.855531573,12.712635040,-0.010352819,-0.011157321,0.005698670,0.999867916
1713723163061600256.000000,-3.644525051,0.855509400,12.721008301,-0.010861553,-0.012179195,0.005634214,0.999851048
1713723163094958592.000000,-1.584259868,0.340264738,5.680491447,-0.009182975,-0.007203202,0.004145537,0.999923348
1713723163128316928.000000,-1.583858967,0.343528599,5.688048363,-0.007552274,-0.006852071,0.004089675,0.999939680
1713723163161675264.000000,-3.829951763,0.934655547,14.168884277,-0.010788635,-0.009312341,0.004745168,0.999887228
1713723163195033856.000000,-3.835837126,0.934630930,14.183984756,-0.010526639,-0.009495894,0.004365887,0.999889970
1713723163228391936.000000,-3.857730150,0.947029054,14.463394165,-0.007063417,-0.009587053,0.004339823,0.999919713
1713723163261772032.000000,-3.869982481,0.955607057,14.608949661,-0.008787613,-0.009166566,0.004089618,0.999911070
1713723163295151872.000000,-3.876710415,0.957949996,14.624400139,-0.010771037,-0.010098871,0.004004072,0.999883056
1713723163328532736.000000,-2.134034872,0.485029519,7.728023052,-0.009688981,-0.009345002,0.002827720,0.999905407
1713723163361913344.000000,-2.140638351,0.482318640,7.744359016,-0.005897214,-0.009047968,0.002419217,0.999938846
1713723163395294720.000000,-1.168600440,0.310328245,4.519546032,-0.010446097,-0.018180382,-0.005053187,0.999767423
1713723163428676096.000000,-1.176605344,0.311060280,4.535691261,-0.010548902,-0.018695140,-0.005171857,0.999756217
1713723163462057472.000000,-1.129842997,0.305040509,4.567952633,-0.008730801,-0.024597166,-0.004505944,0.999649167
1713723163495440128.000000,-1.137731671,0.304673970,4.584945679,-0.007503098,-0.024734210,-0.004946835,0.999653697
1713723163528822016.000000,-1.129038215,0.317984879,4.702748299,-0.010809082,-0.023249036,-0.005526992,0.999656022
1713723163562204672.000000,-1.136869311,0.317056328,4.720986843,-0.009317757,-0.022728808,-0.005953638,0.999680519
1713723163595587584.000000,-1.172312737,0.317660958,4.749340057,-0.007867048,-0.022756396,-0.006796500,0.999687016
1713723163628970496.000000,-1.180778742,0.317999035,4.767835140,-0.008217245,-0.023005810,-0.007082317,0.999676466
1713723163662353664.000000,-1.140394926,0.315672189,4.706125736,-0.009385331,-0.020805433,-0.006703965,0.999717057
1713723163695737600.000000,-1.148750305,0.315251231,4.726220608,-0.008635766,-0.020687407,-0.007249694,0.999722421
1713723163729121792.000000,-3.966625929,1.046731114,16.576917648,-0.006704452,-0.009559618,0.001625702,0.999930561
1713723163762505472.000000,-3.975420713,1.048359632,16.597314835,-0.008552958,-0.010083770,0.001269089,0.999911785
1713723163795890432.000000,-1.185760140,0.296163857,4.520393372,-0.009122092,-0.018479900,-0.008407232,0.999752283
1713723163829275136.000000,-1.194775820,0.295103401,4.542803288,-0.007378677,-0.018712260,-0.009017047,0.999757051
1713723163862660096.000000,-1.180806756,0.304379225,4.669794083,-0.006117840,-0.020017665,-0.009941410,0.999731481
1713723163896045568.000000,-1.190844536,0.307583898,4.691652775,-0.009121873,-0.021281619,-0.010281817,0.999679029
1713723163929431552.000000,-1.193050623,0.294613212,4.575656891,-0.008654147,-0.019242615,-0.010266105,0.999724686
1713723163962817536.000000,-1.198125482,0.292040914,4.598926067,-0.005523874,-0.019042404,-0.010792158,0.999745190
1713723163996203776.000000,-2.291254997,0.503457010,8.990460396,-0.008329768,-0.010147953,-0.002721000,0.999910176
1713723164029590016.000000,-2.299008369,0.504574895,9.013852119,-0.009299102,-0.011025554,-0.003044766,0.999891400
1713723164062976768.000000,-1.235963941,0.297379255,4.818175316,-0.007166293,-0.015663892,-0.011229248,0.999788642
1713723164096364032.000000,-1.239759922,0.295869738,4.842072964,-0.005184743,-0.015605239,-0.011776751,0.999795437
1713723164129751552.000000,-1.205334425,0.293054521,4.741912365,-0.008350433,-0.019058701,-0.012727836,0.999702513
1713723164163138816.000000,-1.210562587,0.293274492,4.764203072,-0.008215137,-0.019022884,-0.013274562,0.999697208
1713723164196527104.000000,-3.921496153,1.048289299,16.855749130,-0.005266849,-0.015910456,-0.004707993,0.999848545
1713723164229914112.000000,-3.924252987,1.048765540,16.878015518,-0.006066298,-0.015688526,-0.005182049,0.999845147
1713723164263271424.000000,-3.801311731,0.957323551,15.057600021,-0.008268805,-0.020741699,-0.006991578,0.999726236
1713723164296627456.000000,-3.804795027,0.957005024,15.078472137,-0.007796990,-0.020470873,-0.007623698,0.999731004
1713723164329984256.000000,-1.195963621,0.288725674,4.830702782,-0.005175360,-0.021932520,-0.015214453,0.999630332
1713723164363340544.000000,-1.198855996,0.289868742,4.849181175,-0.007288757,-0.021759987,-0.015851725,0.999611020
1713723164396697344.000000,-2.231923342,0.523583829,9.606496811,-0.009773230,-0.013078779,-0.006708665,0.999844253
1713723164430053376.000000,-2.233816862,0.521769404,9.626250267,-0.008164112,-0.012878573,-0.007406569,0.999856293
1713723164463410176.000000,-1.178594828,0.302355111,5.239151478,-0.005114474,-0.016974734,-0.016877310,0.999700367
1713723164496766208.000000,-1.181084991,0.304406703,5.257479668,-0.008661947,-0.018251281,-0.017483743,0.999643087
1713723164530122752.000000,-1.189422727,0.291247845,5.044675350,-0.007615922,-0.022677708,-0.018311558,0.999546111
1713723164563479552.000000,-1.191100478,0.288932234,5.064389706,-0.006151813,-0.022928875,-0.018866431,0.999540210
1713723164596835840.000000,-3.863719702,1.044560432,17.123405457,-0.006518325,-0.021526316,-0.010929647,0.999687314
1713723164630192640.000000,-3.865165949,1.044208646,17.142425537,-0.007055693,-0.022340570,-0.011362274,0.999660969
1713723164663548928.000000,-3.832702875,1.043509364,17.170864105,-0.007005950,-0.022474987,-0.012076472,0.999649942
1713723164696905728.000000,-3.833805561,1.041011333,17.190462112,-0.005116303,-0.023392642,-0.012421541,0.999636114
1713723164730261760.000000,-3.827901840,1.041584253,17.212318420,-0.006711813,-0.023063175,-0.013095471,0.999625742
1713723164763618560.000000,-3.829213142,1.041050792,17.231754303,-0.007070534,-0.024614951,-0.013391406,0.999582350
1713723164796974336.000000,-3.848581076,1.089482784,18.175376892,-0.006734412,-0.016033011,-0.010780703,0.999790668
1713723164830331136.000000,-3.847918749,1.086405039,18.195878983,-0.004073066,-0.016071454,-0.011271316,0.999799073
1713723164863687168.000000,-3.841833830,1.088052511,18.217323303,-0.007228825,-0.016315216,-0.011610540,0.999773383
1713723164897043712.000000,-3.841644287,1.086846590,18.237337112,-0.007077191,-0.017035499,-0.011643597,0.999762118
1713723164930400256.000000,-3.835118532,1.084316611,18.260440826,-0.006023505,-0.016832335,-0.012057229,0.999767482
1713723164963756544.000000,-3.833829641,1.081554770,18.280908585,-0.004070136,-0.016724544,-0.012510073,0.999773562
1713723164997113088.000000,-3.815200567,1.084333420,18.309375763,-0.007097278,-0.017275644,-0.012930119,0.999741971
1713723165030469120.000000,-3.814710140,1.083062768,18.329883575,-0.007277716,-0.018079450,-0.013251713,0.999722242
1713723165063825920.000000,-3.809682369,1.079606652,18.353305817,-0.004607615,-0.017607119,-0.013763473,0.999739707
1713723165097181696.000000,-3.808909655,1.078303099,18.373882294,-0.004650787,-0.018332021,-0.014272045,0.999719322
1713723165130538496.000000,-3.795961857,1.081474900,18.400465012,-0.007437850,-0.019269757,-0.014642684,0.999679446
1713723165163894784.000000,-3.795028448,1.078921676,18.422155380,-0.006399104,-0.019328082,-0.015016342,0.999679923
1713723165197251072.000000,-3.802239418,1.073909283,18.439302444,-0.004093972,-0.018712137,-0.015414928,0.999697685
1713723165230607872.000000,-3.322096586,1.161193609,21.933454514,-0.006177231,-0.016830491,-0.013737612,0.999744952
1713723165263965952.000000,-3.321238756,1.160851955,21.954418182,-0.007287710,-0.017348027,-0.014168786,0.999722600
1713723165297324288.000000,-3.770688295,1.073117375,18.520845413,-0.005529983,-0.020350622,-0.016749671,0.999637306
1713723165330682368.000000,-3.769117117,1.070423722,18.542362213,-0.003710931,-0.020275813,-0.017320612,0.999637544
1713723165364040960.000000,-3.632750750,1.069202662,18.867322922,-0.006956358,-0.016607199,-0.016035033,0.999709308
1713723165397399040.000000,-3.631289959,1.066958785,18.889459610,-0.006101631,-0.016877064,-0.016448276,0.999703646
1713723165430757376.000000,-3.624355555,1.064267039,18.914640427,-0.004353172,-0.015850432,-0.017124549,0.999718249
1713723165464115456.000000,-3.623512268,1.064011931,18.936481476,-0.005906535,-0.017584180,-0.017611874,0.999672830
1713723165497473792.000000,-3.597000360,1.061134577,18.984321594,-0.005859446,-0.017252095,-0.017967103,0.999672592
1713723165530832128.000000,-3.594552279,1.058636546,19.007650375,-0.004858668,-0.016931357,-0.018563941,0.999672532
1713723165564190208.000000,-3.591915369,1.056937218,19.031269073,-0.004630991,-0.018034130,-0.019077551,0.999644637
1713723165597548544.000000,-3.589742899,1.056203365,19.054452896,-0.005642909,-0.018451609,-0.019753721,0.999618769
1713723165630906880.000000,-3.587823153,1.053747892,19.077772141,-0.004576114,-0.018538009,-0.020364570,0.999610305
1713723165664265216.000000,-2.883566618,1.139317393,23.206190109,-0.004718608,-0.018555269,-0.019490145,0.999626756
1713723165697623296.000000,-2.868040562,1.136125922,23.238967896,-0.003901300,-0.017915012,-0.020145325,0.999628961
1713723165730981632.000000,-3.105412960,1.134475350,22.463636398,-0.005179507,-0.018787097,-0.020724550,0.999595284
1713723165764339968.000000,-3.089702845,1.131638885,22.495950699,-0.004747431,-0.018359229,-0.021315351,0.999592960
1713723165797698304.000000,-3.072629452,1.127633452,22.528610229,-0.002841448,-0.019040743,-0.021622417,0.999580860
1713723165831056640.000000,-3.055953264,1.125968575,22.559782028,-0.004195641,-0.018702189,-0.022191970,0.999570072
1713723165864414464.000000,-3.039381266,1.127316117,22.590501785,-0.004199940,-0.020205176,-0.022193098,0.999540687
1713723165897773312.000000,-3.021093130,1.123546243,22.622142792,-0.003197139,-0.018591918,-0.022805426,0.999561965
1713723165931131136.000000,-3.012898922,1.127176642,22.655534744,-0.002781849,-0.019849725,-0.023032948,0.999533772
1713723165964489472.000000,-2.995151520,1.125136971,22.685764313,-0.003776235,-0.019835699,-0.023573602,0.999518156
1713723165997847552.000000,-2.978511572,1.121502519,22.716800690,-0.001963743,-0.020592604,-0.023771223,0.999503434
1713723166031206400.000000,-2.959856272,1.118503094,22.746753693,-0.002101837,-0.019704809,-0.024444483,0.999504805
1713723166064564224.000000,-2.335530996,1.094820142,24.380212784,-0.002467050,-0.021577545,-0.024293998,0.999468982
1713723166097922560.000000,-2.316200972,1.092373610,24.409345627,-0.002685194,-0.020652829,-0.024879262,0.999473572
1713723166131280896.000000,-2.299199343,1.087943316,24.438913345,-0.000533736,-0.021784160,-0.024953501,0.999451160
1713723166164639232.000000,-2.279519320,1.085486412,24.467123032,-0.001003412,-0.020907847,-0.025530364,0.999454916
1713723166197997568.000000,-2.261985302,1.085487604,24.494993210,-0.002793896,-0.021672893,-0.025822286,0.999427736
1713723166231355904.000000,-2.242878675,1.082202435,24.523498535,-0.002322197,-0.021871710,-0.026120298,0.999416828
1713723166264713984.000000,-2.224004030,1.077414751,24.551628113,0.001396734,-0.021521671,-0.026504794,0.999415994
1713723166298072576.000000,-2.204143286,1.076944590,24.578151703,-0.001645995,-0.021234594,-0.026910258,0.999410927
1713723166331430656.000000,-2.192591190,1.077838302,24.602987289,-0.002569628,-0.022266813,-0.026953796,0.999385357
1713723166364788992.000000,-2.172353268,1.073025346,24.630363464,-0.000454875,-0.021145890,-0.027321545,0.999402940
1713723166398147072.000000,-2.154869795,1.070053339,24.655939102,0.000854775,-0.021838265,-0.027537879,0.999381840
1713723166431505664.000000,-2.134406805,1.069550276,24.681234360,-0.001910112,-0.021286737,-0.027982447,0.999379992
1713723166464864000.000000,-2.117569208,1.066992640,24.705938339,-0.001763553,-0.021266684,-0.028124209,0.999376655
1713723166498222080.000000,-2.097631931,1.062353969,24.731742859,0.000290360,-0.021331681,-0.028314035,0.999371409
1713723166531580416.000000,-1.707016587,1.025351286,25.378200531,-0.000231725,-0.020988630,-0.028511001,0.999373138
1713723166564939008.000000,-1.687332392,1.023740292,25.401926041,-0.001655635,-0.021734407,-0.028830187,0.999346733
1713723166598297088.000000,-1.669467092,1.021122098,25.425880432,-0.001297588,-0.021499092,-0.029151674,0.999342978
1713723166631655424.000000,-1.649858713,1.015647054,25.449817657,0.001692567,-0.021808002,-0.029506205,0.999325275
1713723166665014016.000000,-1.632418990,1.015821099,25.472084045,-0.000928187,-0.021451090,-0.030071817,0.999317110
1713723166698372352.000000,-1.613030195,1.013527632,25.494503021,-0.001829762,-0.022346366,-0.030184563,0.999292850
1713723166731730432.000000,-1.596330881,1.009840369,25.519273758,-0.000262598,-0.021255845,-0.030626696,0.999304831
1713723166765088768.000000,-1.576287746,1.006054997,25.541534424,0.000687146,-0.021603236,-0.030929409,0.999287903
1713723166798447360.000000,-1.562819719,1.006555200,25.563932419,-0.001642932,-0.021276360,-0.031342238,0.999280870
1713723166831805696.000000,-1.542759538,1.003691435,25.585472107,-0.001806117,-0.021253806,-0.031473920,0.999276996
1713723166865163776.000000,-1.532385588,0.999928653,25.609693527,0.000565779,-0.021084147,-0.031552978,0.999279499
1713723166898522112.000000,-1.512085319,0.997659862,25.630367279,-0.000535440,-0.020640032,-0.031930316,0.999276817
1713723166931880704.000000,-1.492349029,0.995612621,25.652490616,-0.001613600,-0.021449625,-0.032063074,0.999254405
1713723166965239040.000000,-1.471873403,0.991751075,25.673395157,-0.000735070,-0.020557187,-0.032397524,0.999263406
1713723166998597376.000000,-0.921132386,0.926609159,26.340284348,0.000917853,-0.021022942,-0.032470115,0.999251187
1713723167031955712.000000,-0.900893927,0.924681783,26.359817505,-0.000664505,-0.020716986,-0.033035502,0.999239266
1713723167065314304.000000,-0.884263337,0.921980619,26.379991531,-0.000556115,-0.021024987,-0.033212904,0.999226987
1713723167098672640.000000,-0.864401042,0.918405533,26.399581909,-0.000008042,-0.020710371,-0.033424616,0.999226689
1713723167132030720.000000,-1.396902323,0.977977812,25.774185181,0.000902205,-0.020537155,-0.033938613,0.999212503
1713723167165389056.000000,-1.377030849,0.975853026,25.792552948,-0.000228865,-0.020265030,-0.034367602,0.999203801
1713723167198747904.000000,-0.553499639,0.878927231,26.708011627,-0.000792206,-0.020834876,-0.034363631,0.999191880
1713723167232106240.000000,-0.533812284,0.874325097,26.726320267,0.001206520,-0.020524977,-0.034557465,0.999191225
1713723167265465088.000000,-0.426487774,0.860756278,26.824998856,0.000577403,-0.020253988,-0.035009887,0.999181569
1713723167298824192.000000,-0.406687617,0.859178126,26.841873169,-0.000770906,-0.020630723,-0.035944477,0.999140561
1713723167332182784.000000,-0.469463676,0.867369115,26.784006119,0.000275713,-0.020684445,-0.037395410,0.999086499
1713723167365541632.000000,-0.448134035,0.862847745,26.801017761,0.002394103,-0.019922180,-0.039240263,0.999028325
1713723167398900736.000000,-0.162319437,0.826689124,27.048852921,-0.000080043,-0.020258063,-0.041171376,0.998946786
1713723167432259840.000000,-0.140805528,0.824407399,27.064502716,-0.000614728,-0.020259056,-0.043247964,0.998858750
1713723167465618944.000000,-0.118815012,0.818749189,27.081230164,0.002388550,-0.020127237,-0.045208268,0.998771966
1713723167498977536.000000,-0.349019319,0.852775335,26.870803833,0.001750091,-0.019924546,-0.047711279,0.998660922
1713723167532336640.000000,-0.326182872,0.852400839,26.884975433,-0.001373378,-0.020050727,-0.050227948,0.998535573
1713723167565695488.000000,0.183096558,0.780283272,27.311866760,-0.000068419,-0.019884696,-0.052421108,0.998427093
1713723167599054336.000000,0.206069738,0.774481118,27.327163696,0.003306857,-0.019868853,-0.054772995,0.998295665
1713723167632413952.000000,0.325098246,0.760545433,27.411415100,-0.000269821,-0.019527253,-0.057321262,0.998164773
1713723167665772800.000000,0.348912179,0.757953644,27.425691605,-0.001146328,-0.019792376,-0.059753228,0.998016357
1713723167699131392.000000,0.468919277,0.738672078,27.509220123,0.001974065,-0.019111736,-0.062162217,0.997881114
1713723167732490496.000000,0.493031919,0.735883296,27.522836685,0.000981272,-0.019998336,-0.064664915,0.997706175
1713723167765849600.000000,0.519184530,0.734629035,27.536266327,-0.001320308,-0.019507945,-0.067271493,0.997543156
1713723167799208704.000000,0.687810302,0.708897293,27.649179459,0.000026258,-0.019482791,-0.069480330,0.997393072
1713723167832567808.000000,0.713127255,0.703646421,27.662332535,0.002054295,-0.019305451,-0.071855426,0.997226179
1713723167865926656.000000,0.191403374,0.781022847,27.260507584,-0.000932653,-0.019274283,-0.074148938,0.997060537
1713723167899285504.000000,0.216299385,0.778159797,27.272937775,-0.001518167,-0.019674933,-0.075749986,0.996931612
1713723167932645120.000000,0.241574600,0.772040188,27.285753250,0.001708664,-0.019400567,-0.077066399,0.996835768
1713723167966004224.000000,0.286304206,0.767877817,27.303003311,-0.000177440,-0.017082317,-0.077757798,0.996825933
1713723167999363072.000000,0.311364383,0.766934156,27.313625336,-0.002978206,-0.018031131,-0.078881063,0.996716499
1713723168032721920.000000,0.337590784,0.761897445,27.325485229,-0.000982450,-0.017039347,-0.080185689,0.996633887
1713723168066081024.000000,0.350068867,0.760829508,27.330743790,0.000702345,-0.019300062,-0.081969753,0.996447682
1713723168099440384.000000,0.376597881,0.760399938,27.340604782,-0.002835541,-0.019341066,-0.083132990,0.996346772
1713723168132799488.000000,0.623359859,0.723621011,27.530426025,-0.002615073,-0.019153364,-0.083974719,0.996280372
1713723168166158080.000000,0.649684191,0.718209028,27.540552139,-0.000183837,-0.018938325,-0.084788390,0.996218979
1713723168199517184.000000,0.676485717,0.716667533,27.549776077,-0.002612132,-0.018961268,-0.085802086,0.996128380
1713723168232877568.000000,1.664664626,0.566651940,28.175739288,-0.003122971,-0.019645954,-0.086392246,0.996062636
1713723168266233088.000000,1.692463160,0.562502384,28.185190201,-0.002542513,-0.018691076,-0.087346457,0.995999396
1713723168299589376.000000,1.718974471,0.558041751,28.193264008,-0.001225945,-0.019282712,-0.087998047,0.995933294
1713723168332945920.000000,0.971305072,0.679276764,27.720134735,-0.004156687,-0.018630415,-0.088850491,0.995862067
1713723168366301696.000000,0.998582780,0.676061273,27.727649689,-0.004389300,-0.018641170,-0.089354537,0.995815814
1713723168399657728.000000,2.054348230,0.506670654,28.345497131,-0.002270497,-0.019067170,-0.089564689,0.995795906
1713723168433014272.000000,2.082953453,0.503676772,28.352308273,-0.003471202,-0.018260820,-0.090278134,0.995743155
1713723168466370048.000000,2.110275745,0.501067936,28.358312607,-0.004618688,-0.019336585,-0.090655141,0.995683908
1713723168499726336.000000,1.109771013,0.661820292,27.755197525,-0.004457494,-0.018702153,-0.091789834,0.995592833
1713723168533082368.000000,1.136334181,0.655537963,27.760934830,-0.001561380,-0.019224636,-0.092215858,0.995552242
1713723168566438144.000000,1.164591312,0.654359937,27.766742706,-0.004631656,-0.018502921,-0.092649430,0.995516121
1713723168599794432.000000,1.193257332,0.650511503,27.771797180,-0.005257359,-0.019233130,-0.092907973,0.995475113
1713723168633150464.000000,1.216742635,0.643625855,27.776853561,-0.003663710,-0.019393435,-0.093314029,0.995441079
1713723168666506240.000000,1.244487643,0.638152599,27.781169891,-0.002375920,-0.018946448,-0.093812980,0.995406747
1713723168699862528.000000,1.272747874,0.638182878,27.784605026,-0.005679511,-0.019361241,-0.094056219,0.995362401
1713723168733218304.000000,1.300628781,0.633597314,27.788789749,-0.005466555,-0.019269893,-0.094624385,0.995311499
1713723168766574080.000000,1.315997362,0.623948574,27.796426773,-0.001125154,-0.019227179,-0.094955251,0.995295227
1713723168799930368.000000,1.344423056,0.621296108,27.799360275,-0.004081298,-0.018850150,-0.095526665,0.995240033
1713723168833286400.000000,3.090978861,0.334438145,28.696453094,-0.006034115,-0.020361615,-0.095195927,0.995232046
1713723168866641920.000000,3.118847132,0.327925026,28.700109482,-0.004284897,-0.020166360,-0.095654406,0.995201170
1713723168899997952.000000,1.437678218,0.603311419,27.803737640,-0.001107136,-0.019467644,-0.096685626,0.995124042
1713723168933354240.000000,1.465722561,0.601614654,27.805139542,-0.005538717,-0.019965416,-0.097092681,0.995059729
1713723168966709760.000000,3.417406559,0.273479581,28.779981613,-0.005373255,-0.020302445,-0.096818358,0.995080471
1713723169000065792.000000,3.445258856,0.266087204,28.782157898,-0.003004997,-0.020494584,-0.097136967,0.995055497
1713723169033422336.000000,3.473470926,0.260448605,28.782716751,-0.002560062,-0.020556124,-0.097547717,0.995015264
1713723169066777600.000000,3.498675823,0.257322967,28.783182144,-0.005224480,-0.020798158,-0.097799323,0.994975090
1713723169100133632.000000,3.527160883,0.251343518,28.783733368,-0.004489702,-0.020694986,-0.098266855,0.994934797
1713723169133489664.000000,3.554673910,0.242625505,28.783903122,-0.000585609,-0.021180989,-0.098464847,0.994914949
1713723169166845440.000000,3.360346079,0.278744221,28.709375381,-0.002983549,-0.020734604,-0.098928943,0.994874001
1713723169200200960.000000,3.388492584,0.273545206,28.707588196,-0.003538456,-0.021312805,-0.099089637,0.994844019
1713723169233556992.000000,3.416191101,0.266015232,28.707738876,-0.001776563,-0.021291072,-0.099501923,0.994808018
1713723169266912768.000000,3.660430431,0.217387140,28.780639648,0.001350997,-0.021351365,-0.099859409,0.994771540
1713723169300268032.000000,3.689471483,0.214578167,28.778263092,-0.002561851,-0.021165850,-0.100118779,0.994747043
1713723169333623296.000000,3.717731953,0.208527774,28.775722504,-0.002219692,-0.021181803,-0.100414306,0.994717777
1713723169366978048.000000,3.744010925,0.198717207,28.774621964,0.001347024,-0.021413825,-0.100749090,0.994680524
1713723169400333568.000000,3.772174835,0.192514509,28.771530151,0.001276364,-0.020998247,-0.101291224,0.994634390
1713723169433688832.000000,4.590032578,0.039668232,28.979066849,-0.001411767,-0.021792661,-0.101443596,0.994601607
1713723169467044096.000000,4.618369102,0.032390922,28.976156235,-0.000091073,-0.021081766,-0.102328323,0.994527280
1713723169500399360.000000,3.856341839,0.171582907,28.761901855,0.003463475,-0.021660324,-0.102966443,0.994442940
1713723169533754880.000000,3.884886026,0.166887820,28.757331848,0.001136769,-0.021273809,-0.103626363,0.994388103
1713723169567110144.000000,3.911989450,0.161338270,28.752311707,0.000391091,-0.022334820,-0.104182839,0.994307339
1713723169600465408.000000,3.940518856,0.153603941,28.748443604,0.001716477,-0.021843445,-0.105089270,0.994221449
1713723169633820416.000000,3.968764305,0.144057497,28.744064331,0.004978198,-0.022235237,-0.105730221,0.994133770
1713723169667175424.000000,3.997143507,0.140136361,28.737989426,0.001594164,-0.022355605,-0.106602274,0.994049132
1713723169700530688.000000,4.024399281,0.134064227,28.731880188,0.001309268,-0.022989564,-0.107198581,0.993970931
1713723169733885696.000000,4.052480221,0.124971636,28.726816177,0.004039635,-0.022780126,-0.107905187,0.993892014
1713723169767240960.000000,4.222859383,0.101997197,28.886699677,0.005454796,-0.022943828,-0.108638868,0.993801534
1713723169800595968.000000,4.250919342,0.098551512,28.879257202,0.001602769,-0.023683937,-0.109235093,0.993732452
1713723169833951232.000000,4.136684895,0.106195524,28.705570221,0.002638749,-0.023390450,-0.109830514,0.993671596
1713723169867306240.000000,4.164300442,0.097278126,28.698507309,0.005145363,-0.023782488,-0.110400736,0.993589282
1713723169900661504.000000,4.193306446,0.091383681,28.690238953,0.003435703,-0.023805274,-0.111079067,0.993520498
1713723169934016512.000000,4.221370697,0.085281849,28.681432724,0.002763063,-0.024273952,-0.111547843,0.993458748
1713723169967371264.000000,5.980590343,-0.258269876,29.028430939,0.003231948,-0.023777101,-0.111690499,0.993453324
1713723170000726272.000000,6.007801533,-0.266601384,29.019359589,0.005268122,-0.024615152,-0.112198770,0.993366957
1713723170034081280.000000,6.037150860,-0.272015810,29.009916306,0.003165569,-0.024164077,-0.112966180,0.993299961
1713723170067436288.000000,6.065001011,-0.278739393,28.999959946,0.002961918,-0.024683390,-0.113342509,0.993244886
1713723170100791296.000000,6.092634678,-0.287021935,28.990810394,0.004428081,-0.024819219,-0.113878921,0.993174672
1713723170134146304.000000,6.121476650,-0.294672459,28.980422974,0.005243656,-0.024505876,-0.114389747,0.993119836
1713723170167501056.000000,4.569272041,0.018954612,28.783973694,0.002822630,-0.024362493,-0.115435325,0.993012190
1713723170200856064.000000,4.598222733,0.012074567,28.773153305,0.002894254,-0.024244502,-0.116074674,0.992940307
1713723170234211072.000000,4.635083675,0.001187794,28.766094208,0.005521574,-0.024668336,-0.116462417,0.992873371
1713723170267566336.000000,4.664734840,-0.004735328,28.754165649,0.003971486,-0.023718113,-0.117132604,0.992825091
1713723170300922368.000000,6.275975704,-0.329544604,28.929052353,0.002079660,-0.024969351,-0.117072560,0.992807329
1713723170334278400.000000,6.304713249,-0.338201880,28.917493820,0.004131165,-0.024500066,-0.117715970,0.992736459
1713723170367634176.000000,6.333239555,-0.346656770,28.904897690,0.005716424,-0.024357239,-0.118247196,0.992668986
1713723170400989696.000000,7.142729282,-0.514380336,28.925256729,0.002709578,-0.025080970,-0.118643917,0.992616355
1713723170434345472.000000,7.171498299,-0.522089422,28.912134171,0.003275192,-0.025003130,-0.119239017,0.992545366
1713723170467701760.000000,7.199439049,-0.532218516,28.898977280,0.006392551,-0.025198074,-0.119698450,0.992469907
1713723170501057024.000000,7.413294315,-0.577858329,28.884006500,0.004240805,-0.025492731,-0.120315678,0.992399275
1713723170534412800.000000,7.441606998,-0.584655404,28.869129181,0.003710785,-0.026231762,-0.120815240,0.992321491
1713723170567768576.000000,7.470754623,-0.593386114,28.855255127,0.005026022,-0.025717689,-0.121454157,0.992251158
1713723170601124608.000000,6.545517445,-0.403329432,28.811185837,0.007444920,-0.026644299,-0.122229338,0.992116332
1713723170634480128.000000,6.575782776,-0.408857346,28.795648575,0.004564418,-0.025934571,-0.122949392,0.992063522
1713723170667835648.000000,6.605009079,-0.416007429,28.779769897,0.004004834,-0.026463788,-0.123430066,0.991992235
1713723170701191424.000000,6.651560307,-0.425649971,28.782678604,0.006055987,-0.026661068,-0.124158591,0.991885662
1713723170734547456.000000,6.681443691,-0.434241593,28.766637802,0.006908458,-0.026695598,-0.124900512,0.991786063
1713723170767902976.000000,6.711839676,-0.439770281,28.749710083,0.004109417,-0.027017135,-0.125576705,0.991707444
1713723170801258240.000000,6.774337292,-0.448057592,28.755842209,0.003926565,-0.026901202,-0.126377642,0.991609633
1713723170834614016.000000,6.803601265,-0.458430052,28.739509583,0.006990646,-0.027490282,-0.126872540,0.991513431
1713723170867969792.000000,6.834509850,-0.465008557,28.722053528,0.005196855,-0.026899582,-0.127571121,0.991451025
1713723170901325568.000000,8.510392189,-0.831767082,28.646831512,0.003433728,-0.027442057,-0.127556667,0.991445661
1713723170934680576.000000,8.541431427,-0.840709209,28.629697800,0.004821400,-0.026515493,-0.128068358,0.991399169
1713723170968036352.000000,7.856029510,-0.687214553,28.680347443,0.006534831,-0.027195666,-0.128572345,0.991305649
1713723171001391872.000000,7.887634754,-0.693508923,28.661933899,0.004460852,-0.026740152,-0.129190519,0.991249144
1713723171034747648.000000,7.923329830,-0.702792883,28.646760941,0.004444156,-0.026841955,-0.129588157,0.991194606
1713723171068103168.000000,7.954257965,-0.712074101,28.628849030,0.005954951,-0.026877642,-0.130058974,0.991124034
1713723171101458432.000000,7.820239067,-0.683971524,28.619733810,0.005907603,-0.026801329,-0.130644560,0.991049349
1713723171134813952.000000,7.852494717,-0.691140354,28.600873947,0.004859221,-0.026937235,-0.131243348,0.990972281
1713723171168169472.000000,7.876888275,-0.698714972,28.584398270,0.004922084,-0.026563134,-0.131942704,0.990889132
1713723171201525248.000000,7.908343315,-0.708042264,28.565614700,0.006566802,-0.026999999,-0.132439911,0.990801513
1713723171234880768.000000,8.128405571,-0.751703024,28.543622971,0.005617570,-0.026448302,-0.133064345,0.990738511
1713723171268017664.000000,8.160614967,-0.758575499,28.523530960,0.004506136,-0.027037194,-0.133571237,0.990660131
1713723171301744640.000000,9.624895096,-1.098990321,28.301544189,0.005308066,-0.026812293,-0.133775994,0.990634620
1713723171335473664.000000,9.657637596,-1.107675433,28.280961990,0.006020078,-0.026623143,-0.134385958,0.990553141
1713723171369204992.000000,8.091519356,-0.746701360,28.467811584,0.004713253,-0.026734844,-0.135329410,0.990428686
1713723171402939392.000000,8.124433517,-0.754683316,28.446445465,0.004667731,-0.026673160,-0.135761991,0.990371406
1713723171436675584.000000,8.158139229,-0.760245562,28.429119110,0.005635728,-0.026155332,-0.136379391,0.990295351
1713723171470413824.000000,8.191452980,-0.767804921,28.406791687,0.004803862,-0.026241936,-0.136905015,0.990224898
1713723171504154624.000000,10.192814827,-1.235072136,28.082641602,0.003993785,-0.026577041,-0.136963233,0.990211487
1713723171537898240.000000,10.226248741,-1.243272901,28.059854507,0.004300425,-0.026653973,-0.137426317,0.990143955
1713723171571644160.000000,8.297631264,-0.793051958,28.348127365,0.004663147,-0.026043816,-0.138638780,0.989989579
1713723171605391616.000000,8.331199646,-0.800611973,28.324344635,0.003992752,-0.026298711,-0.139288470,0.989894569
1713723171639142400.000000,8.543510437,-0.847024322,28.331617355,0.003644348,-0.026419241,-0.139907062,0.989805460
1713723171672895232.000000,8.577042580,-0.855882764,28.307592392,0.004468840,-0.026008237,-0.140672833,0.989704430
1713723171706650624.000000,8.619063377,-0.864014745,28.259403229,0.004078594,-0.026954355,-0.141326934,0.989587545
1713723171740408064.000000,8.653285980,-0.872574866,28.234422684,0.004447861,-0.026091492,-0.142244309,0.989477694
1713723171774168064.000000,8.519593239,-0.842104197,28.267116547,0.003961116,-0.026917852,-0.142818749,0.989374876
1713723171807930112.000000,8.553483963,-0.850054801,28.241876602,0.003708086,-0.026665764,-0.143842727,0.989234269
1713723171841694720.000000,11.142487526,-1.471449733,27.655609131,0.005691072,-0.027809586,-0.143892840,0.989186108
1713723171875461888.000000,11.177424431,-1.479173779,27.629610062,0.004485903,-0.026876189,-0.144961640,0.989062071
1713723171909230848.000000,10.247343063,-1.244241595,27.912727356,0.003546591,-0.027927747,-0.145820245,0.988910496
1713723171943002880.000000,10.281388283,-1.253311276,27.886842728,0.004310966,-0.027530639,-0.146836489,0.988768160
1713723171976776960.000000,11.523807526,-1.568727136,27.462623596,0.006641218,-0.028175073,-0.147353098,0.988660276
1713723172010553344.000000,11.558804512,-1.574574828,27.435321808,0.003433098,-0.027931748,-0.148321167,0.988538802
1713723172044332544.000000,10.393233299,-1.281564593,27.812963486,0.003478378,-0.028531352,-0.149204582,0.988388598
1713723172078113536.000000,10.427175522,-1.290836453,27.786788940,0.004275703,-0.028009156,-0.149936512,0.988289535
1713723172111897344.000000,8.895627975,-0.941773415,28.026391983,0.005310450,-0.028543238,-0.150936827,0.988116980
1713723172145682944.000000,8.930733681,-0.948094964,27.998483658,0.002720458,-0.028028041,-0.151781887,0.988012850
1713723172179471616.000000,10.529597282,-1.314518690,27.704906464,0.002423950,-0.028822234,-0.151903525,0.987972081
1713723172213262592.000000,10.682409286,-1.346606374,27.724748611,0.005259496,-0.028604036,-0.152477309,0.987878978
1713723172247055616.000000,10.716333389,-1.354469419,27.695804596,0.004357237,-0.028928669,-0.153154105,0.987769186
1713723172281127680.000000,10.639410973,-1.342007160,27.621459961,0.001067089,-0.029304193,-0.153666958,0.987687588
1713723172314449664.000000,10.673455238,-1.352191210,27.593732834,0.003010032,-0.028426304,-0.154412657,0.987592876
1713723172347770112.000000,11.907235146,-1.662550330,27.162382126,0.003580309,-0.028304085,-0.154673517,0.987553656
1713723172381091328.000000,11.941134453,-1.669197202,27.132900238,0.001322991,-0.029230190,-0.155061245,0.987471461
1713723172414411776.000000,10.776404381,-1.377872705,27.505935669,0.002429264,-0.028464081,-0.155916572,0.987357080
1713723172447731968.000000,12.845194817,-1.907176971,26.683839798,0.002011524,-0.028954478,-0.155862033,0.987352371
1713723172481051904.000000,12.879303932,-1.916277885,26.653444290,0.002630267,-0.028742470,-0.156357050,0.987278879
1713723172514371584.000000,12.083679199,-1.705363989,27.014959335,0.001804221,-0.028555436,-0.157144383,0.987161100
1713723172547690752.000000,12.117591858,-1.713523507,26.984146118,0.001209176,-0.029101575,-0.157829821,0.987036705
1713723172581010176.000000,12.151176453,-1.724878788,26.953563690,0.004006277,-0.028909221,-0.158371881,0.986948192
1713723172614328320.000000,12.210991859,-1.736513257,26.931299210,0.003411752,-0.028474584,-0.159074888,0.986849904
1713723172647646720.000000,12.244607925,-1.743277788,26.898838043,0.000780543,-0.029607870,-0.159592390,0.986738622
1713723172680964608.000000,12.256400108,-1.749724030,26.857698441,0.002834435,-0.028976355,-0.160422176,0.986619055
1713723172714282240.000000,12.289577484,-1.760415912,26.825168610,0.004830430,-0.029394241,-0.161011621,0.986502886
1713723172747599872.000000,12.323656082,-1.766920447,26.791957855,0.001604453,-0.029735759,-0.161706790,0.986389458
1713723172780916736.000000,12.395259857,-1.786276340,26.776893616,0.002908685,-0.029639022,-0.162186101,0.986310720
1713723172814233344.000000,12.428750992,-1.796137094,26.744058609,0.003489521,-0.029479150,-0.162712395,0.986226916
1713723172847549952.000000,12.462341309,-1.805554032,26.710048676,0.003699730,-0.029995376,-0.163340524,0.986106753
1713723172880865792.000000,12.510513306,-1.813742161,26.677253723,0.002640410,-0.030222505,-0.163969159,0.985998869
1713723172914181376.000000,12.544249535,-1.823462248,26.642900467,0.003064028,-0.030002587,-0.164847463,0.985857964
1713723172947497216.000000,14.238637924,-2.292087078,25.700321198,0.003970482,-0.031398065,-0.165146485,0.985761166
1713723172980811776.000000,14.272855759,-2.301176310,25.665138245,0.003266801,-0.030746575,-0.166087210,0.985626280
1713723173014126848.000000,12.682997704,-1.855925679,26.549005508,0.003940495,-0.031503074,-0.166965112,0.985451519
1713723173047440896.000000,12.717883110,-1.865644097,26.514028549,0.003680377,-0.030790521,-0.167837277,0.985326886
1713723173080755200.000000,12.708287239,-1.874611974,26.468740463,0.005331032,-0.032203663,-0.168265179,0.985201180
1713723173114068736.000000,11.677903175,-1.603604555,26.885604858,0.003632558,-0.030921655,-0.169344053,0.985065162
1713723173147382528.000000,11.712462425,-1.613809943,26.848827362,0.004397280,-0.031204393,-0.169859707,0.984964311
1713723173180695808.000000,14.879155159,-2.476692677,25.180126190,0.004127688,-0.032002505,-0.169586271,0.984986961
1713723173214008320.000000,14.913503647,-2.487297297,25.142892838,0.005245993,-0.032435983,-0.170153603,0.984869599
1713723173247320832.000000,15.060447693,-2.529070377,25.024171829,0.003576153,-0.032797888,-0.170410424,0.984820724
1713723173280632320.000000,15.095384598,-2.539744854,24.986484528,0.004612183,-0.032607231,-0.170902103,0.984737515
1713723173313953536.000000,13.057327271,-1.958010197,26.239664078,0.004881653,-0.032536354,-0.171871707,0.984569788
1713723173347274496.000000,13.093235970,-1.967438340,26.201461792,0.004003837,-0.032628883,-0.172377571,0.984482288
1713723173380595456.000000,15.525358200,-2.668923140,24.613899231,0.005036166,-0.033898715,-0.171953976,0.984508693
1713723173413916416.000000,15.562128067,-2.679076195,24.575298309,0.004633686,-0.032921501,-0.172545537,0.984440386
1713723173447236608.000000,15.601631165,-2.689725399,24.537387848,0.004287690,-0.033938125,-0.172875032,0.984349608
1713723173480556544.000000,15.639408112,-2.700065136,24.498794556,0.003837158,-0.033625815,-0.173403174,0.984269261
1713723173513875712.000000,15.675853729,-2.712622404,24.459297180,0.006496600,-0.034195911,-0.173648655,0.984192431
1713723173547194624.000000,15.715576172,-2.722332478,24.420211792,0.004198815,-0.033572678,-0.174045131,0.984156311
1713723173580514048.000000,15.752185822,-2.733022690,24.379613876,0.004347596,-0.034094125,-0.174300209,0.984092593
1713723173613832192.000000,15.789182663,-2.744708776,24.339725494,0.005450769,-0.034126133,-0.174707204,0.984013796
1713723173647150592.000000,15.828781128,-2.756899118,24.299947739,0.005804263,-0.033813290,-0.175083011,0.983955741
1713723173680468480.000000,15.865324020,-2.767266989,24.258726120,0.005286925,-0.034656849,-0.175368935,0.983878493
1713723173713785856.000000,15.903114319,-2.778260708,24.217277527,0.005338894,-0.033640604,-0.175933287,0.983812630
1713723173747103488.000000,15.939653397,-2.791062593,24.176841736,0.006388593,-0.034550142,-0.175994828,0.983763874
1713723173780420352.000000,15.977322578,-2.801222324,24.134952545,0.005285683,-0.033898018,-0.176469848,0.983708024
1713723173813737216.000000,16.012977600,-2.813065290,24.092166901,0.006845008,-0.035033789,-0.176532701,0.983647346
1713723173847053056.000000,15.635227203,-2.693578482,24.393243790,0.005614318,-0.033862669,-0.177090541,0.983595848
1713723173880369152.000000,15.671761513,-2.705146074,24.349788666,0.006496030,-0.034595482,-0.177196622,0.983545780
1713723173913684480.000000,16.844482422,-3.074896574,23.293548584,0.005831318,-0.034496222,-0.177259102,0.983542264
1713723173947000320.000000,16.881282806,-3.086965322,23.249616623,0.007172017,-0.034729745,-0.177467734,0.983487546
1713723173980314880.000000,15.782396317,-2.736005068,24.217657089,0.005417240,-0.034248129,-0.178002000,0.983419061
1713723174013629952.000000,15.819200516,-2.746919870,24.173097610,0.005646273,-0.034177870,-0.178370476,0.983353496
1713723174046944256.000000,15.857800484,-2.761556149,24.135396957,0.006505401,-0.035008922,-0.178726122,0.983254313
1713723174080258048.000000,15.895833015,-2.772428274,24.090549469,0.005989465,-0.034109220,-0.179271966,0.983189881
1713723174113571584.000000,15.925239563,-2.780437708,24.037788391,0.005760871,-0.035155747,-0.179565176,0.983100832
1713723174146884864.000000,15.963029861,-2.791366577,23.992584229,0.005577567,-0.034366474,-0.180206031,0.983012617
1713723174180197888.000000,16.434152603,-2.941623688,23.608812332,0.007213816,-0.035422601,-0.180139780,0.982976556
1713723174213510656.000000,16.471794128,-2.951551437,23.562444687,0.005426746,-0.034478202,-0.180613697,0.982934713
1713723174246823424.000000,16.074817657,-2.826135159,23.853668213,0.005786898,-0.034996547,-0.180897623,0.982862115
1713723174280135424.000000,16.111839294,-2.837579250,23.807434082,0.005970237,-0.034786228,-0.181218475,0.982809365
1713723174313470976.000000,17.885051727,-3.407349586,22.105916977,0.007027559,-0.035331219,-0.181079343,0.982808530
1713723174346854656.000000,17.922111511,-3.417174578,22.058280945,0.005534349,-0.035523370,-0.181385800,0.982754648
1713723174380056320.000000,16.666532516,-3.014806986,23.331165314,0.006681268,-0.034806911,-0.182252750,0.982612729
1713723174413748992.000000,16.703254700,-3.026188612,23.282243729,0.007144596,-0.035236046,-0.182659984,0.982518613
1713723174447443968.000000,14.172481537,-2.328763247,24.972938538,0.006525605,-0.034975957,-0.183901206,0.982300580
1713723174481140736.000000,14.208451271,-2.340856791,24.923116684,0.007989896,-0.035779152,-0.184134975,0.982217073
1713723174514839552.000000,16.403169632,-2.941093206,23.499883652,0.006717310,-0.034922455,-0.184208512,0.982243598
1713723174548540928.000000,16.438663483,-2.952829838,23.449113846,0.007246844,-0.036008466,-0.184416175,0.982161701
1713723174582243328.000000,16.485345840,-2.970767736,23.417570114,0.006854013,-0.035264827,-0.184743285,0.982129991
1713723174615948800.000000,16.521297455,-2.983624935,23.366415024,0.008510006,-0.035935126,-0.185035110,0.982037842
1713723174649655552.000000,16.537914276,-2.998258352,23.344699860,0.006787721,-0.036564033,-0.185210407,0.981994987
1713723174683364352.000000,16.574825287,-3.010045290,23.292934418,0.006992478,-0.036628596,-0.185540408,0.981928885
1713723174717075712.000000,16.638980865,-3.011664867,23.210569382,0.007638335,-0.036937099,-0.185957715,0.981833577
1713723174750788864.000000,16.675046921,-3.024773598,23.158578873,0.008975437,-0.037056241,-0.186358511,0.981741786
1713723174784504064.000000,19.074888229,-3.801526308,20.562675476,0.006056932,-0.036577426,-0.185907096,0.981867671
1713723174818221312.000000,19.111671448,-3.813256264,20.510231018,0.005933501,-0.036650494,-0.186147466,0.981820107
1713723174851940608.000000,5.530664921,-1.015590668,16.463647842,0.009592795,-0.033200126,-0.190174595,0.981141865
1713723174885661952.000000,5.566897392,-1.027158856,16.409723282,0.008849873,-0.033028487,-0.190674603,0.981057584
1713723174919385344.000000,14.692752838,-2.506487370,24.265710831,0.005174663,-0.036907848,-0.188571081,0.981352150
1713723174953111296.000000,14.729538918,-2.519183874,24.212608337,0.006092049,-0.036681082,-0.188965946,0.981279433
1713723174986838528.000000,16.896854401,-3.126916647,22.798131943,0.007646970,-0.037154261,-0.188745841,0.981293082
1713723175020568064.000000,16.933525085,-3.137134790,22.743713379,0.005236670,-0.037521333,-0.189064339,0.981233597
1713723175054300160.000000,5.726496220,-1.080237985,16.159795761,0.005739722,-0.032580435,-0.192370713,0.980764508
1713723175088033792.000000,5.760906696,-1.093904853,16.105167389,0.007551925,-0.033785459,-0.192284688,0.980728388
1713723175121769472.000000,14.867654800,-2.569380760,23.930837631,0.007115415,-0.036841683,-0.190238521,0.981020570
1713723175155507200.000000,14.903488159,-2.579478502,23.874799728,0.004618176,-0.037862476,-0.190359116,0.980973244
1713723175189247232.000000,5.850273132,-1.124069571,15.896621704,0.005409304,-0.032099370,-0.193345323,0.980590641
1713723175222988544.000000,5.883809090,-1.138171315,15.840629578,0.007484925,-0.033294968,-0.193443820,0.980517745
1713723175256732672.000000,20.222948074,-4.197648525,18.856407166,0.004613814,-0.037381068,-0.189794138,0.981101215
1713723175290478592.000000,20.257862091,-4.208761215,18.799585342,0.003372152,-0.037376940,-0.190178305,0.981032073
1713723175324226560.000000,20.332828522,-4.222055912,18.546424866,0.003686842,-0.037358221,-0.190510601,0.980967164
1713723175357976576.000000,20.367839813,-4.236082554,18.488574982,0.005114562,-0.037167005,-0.190698206,0.980931520
1713723175392006912.000000,20.463178635,-4.293005943,18.288438797,0.002815686,-0.037226979,-0.190713838,0.980935514
1713723175425286656.000000,20.497909546,-4.305255890,18.230495453,0.002628729,-0.036611855,-0.190980524,0.980907321
1713723175458565632.000000,20.646631241,-4.334472179,18.024188995,0.004373293,-0.037264500,-0.190998271,0.980873048
1713723175491844096.000000,20.682283401,-4.345780373,17.965736389,0.002901549,-0.036376130,-0.191248924,0.980863035
1713723175525122048.000000,20.801086426,-4.388525009,17.760496140,0.002457472,-0.036902707,-0.191309676,0.980832756
1713723175558399744.000000,20.835214615,-4.401021957,17.701652527,0.002392141,-0.035766859,-0.191755325,0.980787873
1713723175591675648.000000,21.009490967,-4.480460167,17.549856186,0.003131522,-0.036115129,-0.191708088,0.980782330
1713723175624951552.000000,21.085298538,-4.507736206,17.415487289,0.002196858,-0.035973612,-0.191938192,0.980745077
1713723175658226688.000000,21.161157608,-4.536048412,17.280185699,0.002651486,-0.035564318,-0.192313597,0.980685294
1713723175691501312.000000,21.235605240,-4.563930988,17.144210815,0.002677835,-0.036273383,-0.192503199,0.980622053
1713723175724775424.000000,21.311031342,-4.592026234,17.007629395,0.002652941,-0.035409950,-0.192876637,0.980580330
1713723175758048256.000000,21.384365082,-4.620888710,16.870033264,0.003814936,-0.036607035,-0.193105087,0.980487585
1713723175791321088.000000,21.456895828,-4.650333405,16.731487274,0.002782430,-0.035436701,-0.193793803,0.980398178
1713723175824592896.000000,21.532367706,-4.676645756,16.592088699,0.003238281,-0.036283523,-0.193792462,0.980366051
1713723175857863936.000000,21.604291916,-4.706718445,16.452781677,0.002850131,-0.035629299,-0.194301814,0.980290413
1713723175891134208.000000,20.889282227,-4.436020851,17.525154114,0.004553562,-0.036256265,-0.195199907,0.980082512
1713723175924404480.000000,21.760259628,-4.766201496,16.174556732,0.002589536,-0.035972252,-0.195432812,0.980053723
1713723175957672960.000000,21.791484833,-4.775811672,16.111141205,0.003138693,-0.036179923,-0.195779189,0.979975402
1713723175990941440.000000,21.822517395,-4.784786224,16.048181534,0.004326042,-0.036811396,-0.196313709,0.979840457
1713723176024209152.000000,21.975585938,-4.852139950,15.745498657,0.004469166,-0.036426462,-0.196993649,0.979717672
1713723176057476608.000000,22.033931732,-4.878586769,15.596426010,0.003461042,-0.036981046,-0.197258636,0.979647696
1713723176090742528.000000,22.105072021,-4.907356739,15.451408386,0.004013623,-0.036283765,-0.197707355,0.979581177
1713723176124008960.000000,22.192602158,-4.941427708,15.312407494,0.005852648,-0.037337717,-0.197911859,0.979490995
1713723176157273856.000000,22.263788223,-4.968538284,15.165349960,0.004160729,-0.036662880,-0.198422655,0.979421794
1713723176190538240.000000,22.334190369,-4.997404099,15.018032074,0.004234348,-0.037692364,-0.198499188,0.979366839
1713723176223801856.000000,22.403829575,-5.026256561,14.870205879,0.004456200,-0.037140273,-0.199033841,0.979278505
1713723176257064704.000000,22.471830368,-5.056323528,14.720792770,0.006149982,-0.038319629,-0.199436948,0.979141831
1713723176290327040.000000,22.541072845,-5.083355427,14.570849419,0.003998362,-0.037787840,-0.199890226,0.979081213
1713723176323589120.000000,22.612730026,-5.113109112,14.421728134,0.004884006,-0.038063291,-0.199999005,0.979044318
1713723176356849920.000000,22.680549622,-5.141848564,14.270399094,0.005037979,-0.037960298,-0.200250760,0.978996038
1713723176390098432.000000,22.747436523,-5.170312881,14.117626190,0.004962075,-0.038030230,-0.200662255,0.978909492
1713723176423380224.000000,22.817115784,-5.198490620,13.964951515,0.004219978,-0.038728714,-0.200937688,0.978829086
1713723176456661504.000000,22.884048462,-5.226907730,13.811162949,0.004223485,-0.038309604,-0.201325864,0.978765786
1713723176489941248.000000,22.951360703,-5.257185459,13.657223701,0.006072751,-0.039353881,-0.201301262,0.978719711
1713723176523221248.000000,23.018688202,-5.284386635,13.501426697,0.004415571,-0.038432635,-0.201817811,0.978658795
1713723176556500736.000000,23.085268021,-5.312481880,13.345303535,0.003725271,-0.039630402,-0.201962799,0.978583992
1713723176589779200.000000,23.150722504,-5.341949940,13.188919067,0.004364493,-0.039265152,-0.202263042,0.978534102
1713723176623056640.000000,23.217365265,-5.372666836,13.031542778,0.006409803,-0.039709657,-0.202642947,0.978426218
1713723176656333568.000000,23.282878876,-5.398714542,12.872673035,0.003102157,-0.039673280,-0.203022033,0.978365183
1713723176689610240.000000,23.347774506,-5.428646564,12.713328362,0.004249777,-0.039639611,-0.203037322,0.978359103
1713723176722886656.000000,23.411632538,-5.458046913,12.553511620,0.004631982,-0.039581664,-0.203102723,0.978346169
1713723176756161792.000000,23.474374771,-5.483886242,12.391782761,0.004377146,-0.039426494,-0.203178152,0.978337884
1713723176789436160.000000,23.537569046,-5.512183189,12.230065346,0.003847057,-0.039932642,-0.203168839,0.978321552
1713723176822709760.000000,23.601175308,-5.544370651,12.068223000,0.004120872,-0.039341066,-0.203613475,0.978251994
1713723176855983360.000000,23.663053513,-5.574049950,11.905050278,0.005030959,-0.040192470,-0.203814045,0.978171408
1713723176889255424.000000,23.726184845,-5.602394104,11.741012573,0.004268426,-0.039186377,-0.204197705,0.978135765
1713723176922527232.000000,23.787273407,-5.630804062,11.575806618,0.004104436,-0.040113974,-0.204107314,0.978117764
1713723176955798528.000000,23.848144531,-5.659339428,11.410769463,0.004071603,-0.040152978,-0.204303101,0.978075385
1713723176989069568.000000,23.908601761,-5.690216541,11.244515419,0.006609688,-0.040197663,-0.204253346,0.978070080
1713723177022339072.000000,23.969482422,-5.716722965,11.077267647,0.003899049,-0.039923664,-0.203917086,0.978166044
1713723177055608832.000000,24.027196884,-5.743861198,10.908740044,0.003953303,-0.040075615,-0.203305945,0.978286803
1713723177088877312.000000,24.085565567,-5.773571968,10.740320206,0.005464644,-0.040422332,-0.202588558,0.978414118
1713723177122145280.000000,24.143690109,-5.801322937,10.570285797,0.004737556,-0.040135596,-0.202066109,0.978537738
1713723177155412736.000000,24.200742722,-5.828851700,10.399860382,0.003748804,-0.041300118,-0.201158360,0.978680491
1713723177188679168.000000,24.258623123,-5.858091831,10.228864670,0.004776516,-0.039671492,-0.200688541,0.978839934
1713723177221945344.000000,24.315160751,-5.886291504,10.056665421,0.004685854,-0.040311117,-0.199893638,0.978976846
1713723177255210752.000000,24.371360779,-5.912888050,9.883613586,0.003201195,-0.040358596,-0.199237198,0.979114652
1713723177288475392.000000,24.425916672,-5.942279816,9.710237503,0.004826037,-0.041409500,-0.198171064,0.979280531
1713723177321739520.000000,24.482547760,-5.970743179,9.535948753,0.004523128,-0.039774369,-0.197465926,0.979492068
1713723177355002368.000000,24.535236359,-5.997392178,9.360207558,0.003395684,-0.041594122,-0.196433514,0.979628682
1713723177388265472.000000,24.590066910,-6.025188446,9.184303284,0.003116920,-0.040863719,-0.195811674,0.979784846
1713723177421591808.000000,24.641372681,-6.054343224,9.007349014,0.004763090,-0.042590883,-0.194689199,0.979928315
1713723177454961664.000000,24.695472717,-6.081974506,8.828968048,0.003726684,-0.041510671,-0.193957984,0.980124116
1713723177488628224.000000,24.747653961,-6.108437061,8.647592545,0.002251365,-0.042734254,-0.192835093,0.980297625
1713723177522296576.000000,24.801099777,-6.136681557,8.466632843,0.002382341,-0.042197373,-0.191990435,0.980486393
1713723177555966976.000000,24.850799561,-6.167106628,8.284739494,0.005493884,-0.043901153,-0.190874159,0.980616927
1713723177589639424.000000,24.903547287,-6.194376945,8.101603508,0.003683532,-0.042956203,-0.189893156,0.980857670
1713723177623313152.000000,24.954133987,-6.220675945,7.916952133,0.002229953,-0.043826271,-0.188831300,0.981028616
1713723177656989696.000000,25.004928589,-6.249824524,7.733281136,0.003291945,-0.043864377,-0.187795639,0.981222689
1713723177690667008.000000,25.054121017,-6.280517578,7.548075199,0.006562429,-0.044763368,-0.186766505,0.981362045
1713723177724346112.000000,25.104682922,-6.306013107,7.361311436,0.003335605,-0.044220664,-0.185877889,0.981571674
1713723177758027008.000000,25.154104233,-6.333471775,7.173509598,0.002938144,-0.044737276,-0.184714451,0.981769085
1713723177791710464.000000,25.202684402,-6.361393929,6.985954762,0.003682673,-0.044139788,-0.183700681,0.981983840
1713723177825395200.000000,25.250122070,-6.390768051,6.797116280,0.005523881,-0.045224339,-0.182699502,0.982112646
1713723177859081216.000000,25.298923492,-6.416079044,6.606822014,0.002748266,-0.044407096,-0.181904405,0.982309103
1713723177892769536.000000,25.346252441,-6.443300247,6.415809631,0.002058009,-0.044940401,-0.180701286,0.982508600
1713723177926459904.000000,25.393262863,-6.471811295,6.224801064,0.003343238,-0.044501152,-0.179823279,0.982686162
1713723177960151552.000000,25.439731598,-6.500191689,6.032370567,0.003696712,-0.044666804,-0.178947538,0.982837260
1713723177993844992.000000,25.486291885,-6.525784016,5.838521481,0.001655093,-0.044353429,-0.177937314,0.983040333
1713723178027540736.000000,25.532478333,-6.553206921,5.644760609,0.001284267,-0.044295669,-0.176995799,0.983213484
1713723178061237760.000000,25.576023102,-6.583215714,5.450636387,0.004441184,-0.044970017,-0.175840616,0.983380914
1713723178094936576.000000,25.621824265,-6.610820770,5.254763126,0.003598000,-0.043774594,-0.174862549,0.983612716
1713723178128637440.000000,25.665563583,-6.635186672,5.057487965,0.000261574,-0.044575341,-0.173585281,0.983809531
1713723178162339840.000000,25.709436417,-6.664340973,4.861160278,0.001791938,-0.043780833,-0.172399372,0.984052062
1713723178196044544.000000,25.750350952,-6.694570065,4.663325787,0.005252678,-0.044577565,-0.171078652,0.984234393
1713723178229750272.000000,25.793863297,-6.719712257,4.463541508,0.001374584,-0.043830041,-0.169941515,0.984477997
1713723178263458560.000000,25.834911346,-6.745514870,4.262839794,0.000283946,-0.044587523,-0.168629006,0.984670579
1713723178297168128.000000,25.877351761,-6.774636745,4.063101768,0.001542256,-0.043286327,-0.167837575,0.984862685
1713723178330879744.000000,25.916505814,-6.803064346,3.861136198,0.003051193,-0.044333212,-0.166774526,0.984993219
1713723178364592896.000000,25.957729340,-6.828698635,3.658562899,0.000124816,-0.043983668,-0.166055679,0.985135019
1713723178398307840.000000,25.996414185,-6.856276512,3.454856396,0.000582442,-0.044310935,-0.165067613,0.985286236
1713723178432024832.000000,26.035736084,-6.884987831,3.251505852,0.001289471,-0.044358108,-0.164218247,0.985425353
1713723178465787648.000000,26.073480606,-6.912857533,3.046048164,0.001909332,-0.044807661,-0.163551301,0.985514939
1713723178499033344.000000,26.112133026,-6.938893318,2.842919827,0.000041049,-0.044494856,-0.162781164,0.985658407
1713723178532278528.000000,26.148767471,-6.965651512,2.639026165,-0.000175279,-0.044507608,-0.161891192,0.985804379
1713723178565522432.000000,26.184303284,-6.994665146,2.435166359,0.001750377,-0.045648854,-0.160954997,0.985903919
1713723178598765568.000000,26.220554352,-7.021648407,2.229686260,0.001470667,-0.044789691,-0.160225734,0.986062586
1713723178632008192.000000,26.256158829,-7.047314167,2.023123980,-0.000555393,-0.045681283,-0.159096912,0.986205459
1713723178665248768.000000,26.291183472,-7.074261665,1.816471219,-0.000341975,-0.045292016,-0.158274397,0.986355841
1713723178698488832.000000,26.324773788,-7.104058266,1.609166741,0.002398053,-0.046027642,-0.157186344,0.986492932
1713723178731728640.000000,26.359621048,-7.129961014,1.400618911,0.000475150,-0.044991191,-0.156384140,0.986670971
1713723178764966400.000000,26.393287659,-7.156224728,1.190837860,-0.000452968,-0.045535937,-0.155176193,0.986836731
1713723178798204160.000000,26.426389694,-7.183948517,0.981728792,0.000538983,-0.045410767,-0.154163271,0.987001181
1713723178831440384.000000,26.459396362,-7.213325500,0.771289170,0.003142871,-0.045049645,-0.153313980,0.987145126
1713723178864676096.000000,26.492115021,-7.237953186,0.559428275,0.000359214,-0.045198634,-0.152431339,0.987279952
1713723178897910272.000000,26.523729324,-7.264321804,0.346866935,-0.000176624,-0.045833077,-0.151494443,0.987394929
1713723178931143936.000000,26.554948807,-7.293787479,0.135186166,0.002762178,-0.045912251,-0.150679082,0.987512171
1713723178964376576.000000,26.586515427,-7.322799683,-0.078691237,0.004862925,-0.045306928,-0.149982214,0.987638056
1713723178997608192.000000,26.617279053,-7.345528126,-0.294189632,0.000287566,-0.046140518,-0.149137333,0.987739384
1713723179030839296.000000,26.646486282,-7.373566151,-0.508917630,0.001678861,-0.046731044,-0.148319095,0.987833500
1713723179064068864.000000,26.677146912,-7.403417110,-0.724150777,0.004693736,-0.045327302,-0.147974625,0.987940788
1713723179097297408.000000,26.706398010,-7.429172516,-0.941494823,0.002718163,-0.046231840,-0.147486493,0.987979293
1713723179130525696.000000,26.735137939,-7.454945087,-1.159593105,0.001938545,-0.046646532,-0.147111341,0.988017499
1713723179163752192.000000,26.764030457,-7.483249187,-1.377342939,0.003300802,-0.046400320,-0.146899745,0.988057017
1713723179196978688.000000,26.792627335,-7.511490345,-1.596584558,0.004971578,-0.046371229,-0.146741599,0.988074899
1713723179230203136.000000,26.821212769,-7.536634922,-1.817114353,0.002863577,-0.046448581,-0.146758452,0.988077164
1713723179263427584.000000,26.848745346,-7.562684059,-2.038382292,0.002476330,-0.046736415,-0.146773845,0.988062322
1713723179296650752.000000,26.876121521,-7.590677261,-2.259374857,0.004018267,-0.046733160,-0.146877915,0.988041878
1713723179329872640.000000,26.903963089,-7.617777824,-2.482080460,0.004876475,-0.046160057,-0.147183076,0.988019586
1713723179363093504.000000,26.930744171,-7.641699314,-2.706211329,0.001963537,-0.046891391,-0.147362724,0.987968445
1713723179396313856.000000,26.956674576,-7.668111801,-2.930112362,0.002061708,-0.047297467,-0.147525862,0.987924516
1713723179429533184.000000,26.982612610,-7.696771622,-3.154491901,0.004545434,-0.046624877,-0.147752032,0.987914383
1713723179462750208.000000,27.007577896,-7.722315311,-3.380848646,0.003624159,-0.047517411,-0.148003802,0.987837970
1713723179495997952.000000,27.032609940,-7.746106625,-3.608503103,0.001076693,-0.048024826,-0.148303151,0.987774611
1713723179529243904.000000,27.056831360,-7.773624420,-3.835311651,0.002310112,-0.048136402,-0.148426190,0.987748623
1713723179562489600.000000,27.081369400,-7.801636219,-4.063725471,0.004339635,-0.047414303,-0.148888424,0.987707138
1713723179595733760.000000,27.104469299,-7.825517178,-4.293720245,0.001639105,-0.048796538,-0.149242997,0.987594426
1713723179628977408.000000,27.127288818,-7.850656033,-4.524209976,0.000976704,-0.049474087,-0.149539307,0.987516820
1713723179662220032.000000,27.150188446,-7.878233910,-4.754473209,0.002643023,-0.049165051,-0.150011256,0.987457573
1713723179695461632.000000,27.172472000,-7.904187202,-4.986585140,0.002606242,-0.049718816,-0.150399059,0.987370968
1713723179728701952.000000,27.194900513,-7.928040981,-5.219614029,0.000449626,-0.049919024,-0.150765926,0.987308204
1713723179761942016.000000,27.215805054,-7.954150677,-5.452631474,0.000596777,-0.050324362,-0.150927186,0.987262964
1713723179795180288.000000,27.236892700,-7.981665611,-5.686400890,0.002278206,-0.049975783,-0.151123405,0.987248242
1713723179828418560.000000,27.257272720,-8.006645203,-5.921568871,0.000805135,-0.050454281,-0.151354894,0.987190664
1713723179861655296.000000,27.276826859,-8.031730652,-6.157532692,-0.000146353,-0.051098648,-0.151628047,0.987115920
1713723179894891008.000000,27.295782089,-8.059161186,-6.393007278,0.001198888,-0.051490553,-0.151889667,0.987054646
1713723179928126208.000000,27.315523148,-8.086664200,-6.630002022,0.003115616,-0.050787464,-0.152227700,0.987034798
1713723179961360128.000000,27.333997726,-8.109960556,-6.868648529,-0.000091663,-0.051697318,-0.152415991,0.986963451
1713723179994593024.000000,27.351953506,-8.135331154,-7.107484341,-0.000326759,-0.052034479,-0.152581900,0.986919999
1713723180027825664.000000,27.369447708,-8.163411140,-7.346126556,0.002040034,-0.051864456,-0.152892351,0.986878872
1713723180061056768.000000,27.386829376,-8.189084053,-7.587036610,0.002015923,-0.052289855,-0.153367534,0.986782730
1713723180094287104.000000,27.403703690,-8.211567879,-7.828885078,-0.001499993,-0.053015236,-0.153670341,0.986697853
1713723180127516416.000000,27.419982910,-8.237543106,-8.070814133,-0.000489302,-0.052900858,-0.153838187,0.986678839
1713723180160745216.000000,27.435958862,-8.263182640,-8.313664436,-0.000161435,-0.052966557,-0.154178366,0.986622334
1713723180193972224.000000,27.451320648,-8.286701202,-8.557971001,-0.002083955,-0.053983025,-0.154440299,0.986524045
1713723180227198976.000000,27.466918945,-8.311444283,-8.802770615,-0.002324003,-0.053541563,-0.154600516,0.986522496
1713723180260424960.000000,27.481775284,-8.336363792,-9.047494888,-0.002822192,-0.053598993,-0.154643089,0.986511409
1713723180293649408.000000,27.495874405,-8.362480164,-9.293766022,-0.001720223,-0.053671815,-0.154809907,0.986483812
1713723180326873344.000000,27.509849548,-8.386255264,-9.541088104,-0.003514088,-0.053985395,-0.155213743,0.986398518
1713723180360096256.000000,27.522951126,-8.410417557,-9.788917542,-0.004578777,-0.054367598,-0.155315042,0.986357212
1713723180393317632.000000,27.536523819,-8.436637878,-10.036677361,-0.003259842,-0.053471658,-0.155448139,0.986390412
1713723180426538752.000000,27.548936844,-8.461778641,-10.286351204,-0.003342327,-0.053556509,-0.155527726,0.986373067
1713723180459769088.000000,27.561119080,-8.484580040,-10.537027359,-0.005920774,-0.053911723,-0.155581355,0.986333072
1713723180493016064.000000,27.572429657,-8.510244370,-10.787877083,-0.005432578,-0.053556524,-0.155531079,0.986363173
1713723180526262016.000000,27.583301544,-8.536434174,-11.039674759,-0.004124779,-0.053440634,-0.155536652,0.986374974
1713723180559507712.000000,27.594045639,-8.560112953,-11.292734146,-0.006280950,-0.053436570,-0.155776009,0.986326039
1713723180592751616.000000,27.603906631,-8.585165977,-11.546358109,-0.006357096,-0.053555232,-0.155803546,0.986314774
1713723180625995008.000000,27.613281250,-8.611536980,-11.800037384,-0.005307708,-0.053352926,-0.156032175,0.986295760
1713723180659237120.000000,27.622200012,-8.636664391,-12.055257797,-0.005482767,-0.053613510,-0.156361103,0.986228585
1713723180692478464.000000,27.630914688,-8.661137581,-12.311533928,-0.006601242,-0.053555764,-0.156659767,0.986177444
1713723180725719040.000000,27.638935089,-8.686190605,-12.568012238,-0.006536892,-0.053517584,-0.156957284,0.986132622
1713723180758958336.000000,27.645359039,-8.712639809,-12.825272560,-0.005172993,-0.054042641,-0.157021433,0.986101866
1713723180792196864.000000,27.652980804,-8.736960411,-13.083733559,-0.006178293,-0.053520795,-0.157423809,0.986060441
1713723180825433856.000000,27.658498764,-8.761343956,-13.342965126,-0.007173344,-0.054479748,-0.157574490,0.985977173
1713723180858670592.000000,27.663990021,-8.787799835,-13.601897240,-0.005611120,-0.054613687,-0.157944068,0.985920668
1713723180891906560.000000,27.668907166,-8.813872337,-13.862477303,-0.004863938,-0.054766607,-0.158395797,0.985843718
1713723180925140736.000000,27.673910141,-8.836831093,-14.124168396,-0.007647400,-0.055504616,-0.158866569,0.985709012
1713723180958374400.000000,27.677934647,-8.862923622,-14.386035919,-0.006891597,-0.055097766,-0.159240201,0.985677123
1713723180991607552.000000,27.681030273,-8.889243126,-14.648448944,-0.005671883,-0.055734254,-0.159427017,0.985618889
1713723181024838912.000000,27.684093475,-8.913767815,-14.912341118,-0.007161971,-0.055756789,-0.159845769,0.985540092
1713723181058070016.000000,27.686649323,-8.939323425,-15.176743507,-0.006732035,-0.056143705,-0.160073236,0.985484242
1713723181091299840.000000,27.688556671,-8.965239525,-15.441500664,-0.006330654,-0.055834457,-0.160612762,0.985416710
1713723181124528384.000000,27.689298630,-8.990738869,-15.707658768,-0.006071369,-0.057034004,-0.160832137,0.985313833
1713723181157756672.000000,27.690631866,-9.015775681,-15.974416733,-0.006732662,-0.056567159,-0.161415771,0.985240996
1713723181190983168.000000,27.690998077,-9.041704178,-16.242115021,-0.005916609,-0.056649178,-0.161495835,0.985228419
1713723181224209664.000000,27.690071106,-9.066644669,-16.510124207,-0.006864909,-0.057296611,-0.161714479,0.985148966
1713723181257434368.000000,27.689472198,-9.093490601,-16.779180527,-0.005206562,-0.057002664,-0.162012219,0.985127211
1713723181290658816.000000,27.688478470,-9.118581772,-17.049127579,-0.006055509,-0.056645960,-0.162294626,0.985096514
1713723181323881728.000000,27.686470032,-9.143277168,-17.320308685,-0.006606323,-0.056851912,-0.162574396,0.985034943
1713723181357103872.000000,27.682739258,-9.169462204,-17.591022491,-0.005713592,-0.057844307,-0.162717342,0.984959126
1713723181390324480.000000,27.680789948,-9.196666718,-17.863245010,-0.003482259,-0.056652110,-0.163066819,0.984981060
1713723181423544832.000000,27.677135468,-9.219512939,-18.136886597,-0.006495672,-0.057407975,-0.163344726,0.984875977
1713723181456790016.000000,27.673248291,-9.244108200,-18.411119461,-0.006783657,-0.057637449,-0.163662195,0.984807968
1713723181490033920.000000,27.667797089,-9.272260666,-18.685058594,-0.003378297,-0.057610374,-0.163645640,0.984829843
1713723181523276544.000000,27.663587570,-9.297468185,-18.960956573,-0.003825071,-0.057050016,-0.164026245,0.984797478
1713723181556518656.000000,27.657518387,-9.320094109,-19.238147736,-0.006743862,-0.057866596,-0.164167047,0.984710753
1713723181589759232.000000,27.651685715,-9.346648216,-19.514593124,-0.005061696,-0.057099212,-0.164382979,0.984729588
1713723181622999552.000000,27.643993378,-9.373723030,-19.792474747,-0.002638642,-0.057311248,-0.164442033,0.984716892
1713723181656238592.000000,27.637186050,-9.396415710,-20.071866989,-0.005810811,-0.057472669,-0.164830253,0.984628975
1713723181689476608.000000,27.628345490,-9.421750069,-20.351509094,-0.005295094,-0.057808056,-0.164777830,0.984620988
1713723181722713344.000000,27.620460510,-9.448533058,-20.631052017,-0.003872491,-0.056839459,-0.165092066,0.984631360
1713723181755949568.000000,27.610506058,-9.473805428,-20.912599564,-0.003615846,-0.057517655,-0.165422574,0.984537542
1713723181789184256.000000,27.601367950,-9.497494698,-21.194843292,-0.005288997,-0.057674300,-0.165799350,0.984457374
1713723181822418432.000000,27.590812683,-9.523158073,-21.477504730,-0.004362341,-0.057369240,-0.166047901,0.984437823
1713723181855651584.000000,27.579658508,-9.548914909,-21.761034012,-0.003473669,-0.057992544,-0.166180998,0.984382391
1713723181888883712.000000,27.568536758,-9.573029518,-22.045818329,-0.004476175,-0.057508182,-0.166626200,0.984331548
1713723181922115072.000000,27.556230545,-9.597696304,-22.331186295,-0.004733264,-0.058325317,-0.166599870,0.984286726
1713723181955345152.000000,27.544012070,-9.623312950,-22.616731644,-0.003879887,-0.057241347,-0.167020142,0.984282851
1713723181988574464.000000,27.529729843,-9.648245811,-22.903781891,-0.003590415,-0.058657788,-0.167145476,0.984179258
1713723182021803008.000000,27.516738892,-9.672166824,-23.191572189,-0.004755739,-0.058001176,-0.167637616,0.984129488
1713723182055030016.000000,27.502452850,-9.697749138,-23.479776382,-0.004248954,-0.058390021,-0.167852491,0.984072268
1713723182088256512.000000,27.487749100,-9.722742081,-23.768836975,-0.004150877,-0.057888959,-0.168461919,0.983998060
1713723182121482240.000000,27.472173691,-9.746983528,-24.059196472,-0.004894197,-0.058702096,-0.168856382,0.983878970
1713723182154706176.000000,27.455900192,-9.771580696,-24.349868774,-0.004988943,-0.058685686,-0.169203311,0.983819842
1713723182187929600.000000,27.439529419,-9.797364235,-24.641107559,-0.004068232,-0.058804881,-0.169633701,0.983742774
1713723182221152000.000000,27.422214508,-9.821629524,-24.933794022,-0.004692505,-0.058919098,-0.170150861,0.983643949
1713723182254374144.000000,27.404468536,-9.845561981,-25.227108002,-0.005647462,-0.059296113,-0.170505777,0.983554721
1713723182287594240.000000,27.385213852,-9.871273994,-25.520399094,-0.004331478,-0.059144624,-0.170550004,0.983562827
1713723182320813568.000000,27.365846634,-9.896538734,-25.815135956,-0.003626496,-0.059693471,-0.170685217,0.983509123
1713723182354032640.000000,27.345518112,-9.919570923,-26.110952377,-0.005473928,-0.060335740,-0.171029627,0.983401537
1713723182387249920.000000,27.325380325,-9.944662094,-26.407545090,-0.004901991,-0.060121112,-0.171262428,0.983377218
1713723182420470528.000000,27.302602768,-9.970014572,-26.703828812,-0.004085149,-0.061513629,-0.171251833,0.983296573
1713723182453839104.000000,27.280813217,-9.996485710,-27.002979279,-0.001900273,-0.061781134,-0.171565473,0.983231843
1713723182487088640.000000,27.259840012,-10.018898010,-27.302541733,-0.004752635,-0.060709752,-0.171942547,0.983223021
1713723182520337408.000000,27.237125397,-10.042435646,-27.602596283,-0.005715305,-0.061411638,-0.171895027,0.983182669
1713723182553585408.000000,27.212245941,-10.069850922,-27.901998520,-0.002127528,-0.061728019,-0.171863675,0.983182669
1713723182586832128.000000,27.189025879,-10.094626427,-28.203697205,-0.001967363,-0.061123993,-0.172027737,0.983191967
1713723182620077568.000000,27.164442062,-10.115839958,-28.506793976,-0.005664460,-0.061810084,-0.171915606,0.983154356
1713723182653322752.000000,27.140089035,-10.141177177,-28.809511185,-0.004315261,-0.060793865,-0.172194242,0.983175814
1713723182686566656.000000,27.112630844,-10.167347908,-29.112930298,-0.002111960,-0.061938573,-0.172231615,0.983105004
1713723182719809536.000000,27.087053299,-10.190325737,-29.418411255,-0.003966804,-0.061430871,-0.172645360,0.983058572
1713723182753051392.000000,27.060848236,-10.212515831,-29.724878311,-0.005968472,-0.061163753,-0.172892779,0.983021617
1713723182786292736.000000,27.034036636,-10.236833572,-30.030275345,-0.005537047,-0.061029356,-0.173129663,0.982990861
1713723182819532800.000000,27.005239487,-10.263763428,-30.337095261,-0.002198398,-0.060893159,-0.173482895,0.982950091
1713723182852772352.000000,26.977203369,-10.285579681,-30.645708084,-0.005717746,-0.060224470,-0.174107879,0.982866645
1713723182886010368.000000,26.947368622,-10.308750153,-30.954593658,-0.006506623,-0.060557760,-0.174135834,0.982836306
1713723182919248384.000000,26.918975830,-10.333962440,-31.263463974,-0.004199684,-0.059316188,-0.174438030,0.982870996
1713723182952484352.000000,26.887281418,-10.356993675,-31.573760986,-0.005636672,-0.060204424,-0.174547881,0.982790291
1713723182985719808.000000,26.856643677,-10.380409241,-31.885210037,-0.005970786,-0.059522521,-0.174890950,0.982768834
1713723183018954496.000000,26.824037552,-10.404562950,-32.196651459,-0.005728725,-0.059855253,-0.174990654,0.982732415
1713723183052188160.000000,26.792003632,-10.428853989,-32.509220123,-0.004620181,-0.059431113,-0.175411433,0.982688904
1713723183085420800.000000,26.758640289,-10.451943398,-32.822731018,-0.005619299,-0.059548642,-0.175875902,0.982593536
1713723183118652928.000000,26.724958420,-10.475164413,-33.137184143,-0.005898614,-0.059555251,-0.176319778,0.982511938
1713723183151883520.000000,26.689891815,-10.499550819,-33.451946259,-0.004867742,-0.059610069,-0.176469177,0.982487500
1713723183185113344.000000,26.655271530,-10.522484779,-33.767532349,-0.005418668,-0.059331127,-0.176800981,0.982441843
1713723183218342656.000000,26.618492126,-10.546590805,-34.084186554,-0.004634964,-0.059860222,-0.177046403,0.982369483
1713723183251570176.000000,26.581703186,-10.569970131,-34.401359558,-0.005333872,-0.059520490,-0.177378923,0.982326627
1713723183284797440.000000,26.543701172,-10.594195366,-34.719554901,-0.004343277,-0.059746556,-0.177288786,0.982334077
1713723183318023680.000000,26.506887436,-10.616658211,-35.038181305,-0.004662220,-0.059296131,-0.177427649,0.982334852
1713723183351248640.000000,26.467540741,-10.640310287,-35.358165741,-0.004293558,-0.059427138,-0.177469984,0.982320964
1713723183384473088.000000,26.427822113,-10.663127899,-35.678649902,-0.004410277,-0.059873607,-0.177442342,0.982298315
1713723183417696768.000000,26.387607574,-10.687076569,-35.999572754,-0.003802159,-0.059443276,-0.177729100,0.982275128
1713723183450918656.000000,26.346378326,-10.711295128,-36.321525574,-0.002313589,-0.059971604,-0.177823991,0.982230484
1713723183484123648.000000,26.305341721,-10.734354019,-36.644176483,-0.002878933,-0.059502598,-0.178416714,0.982150018
1713723183517717248.000000,26.262065887,-10.758335114,-36.971477509,-0.002199685,-0.060133871,-0.178608358,0.982078493
1713723183551311104.000000,26.218767166,-10.782695770,-37.298881531,-0.001526542,-0.059830066,-0.178931296,0.982039571
1713723183584906240.000000,26.174812317,-10.807027817,-37.627796173,0.000118444,-0.059932064,-0.179096416,0.982004404
1713723183618503168.000000,26.130281448,-10.829320908,-37.957485199,-0.001356662,-0.059969079,-0.179383174,0.981948912
1713723183652101120.000000,26.084615707,-10.852756500,-38.287967682,-0.000590315,-0.060199719,-0.179763556,0.981865942
1713723183685700096.000000,26.037788391,-10.876799583,-38.618820190,0.000411674,-0.060775079,-0.180063441,0.981775641
1713723183719300864.000000,25.991397858,-10.899734497,-38.951442719,0.000856455,-0.060528170,-0.180267677,0.981753111
1713723183752902144.000000,25.943941116,-10.921126366,-39.285034180,-0.000844550,-0.060862482,-0.180298433,0.981726825
1713723183786505216.000000,25.895925522,-10.944167137,-39.618663788,0.000125948,-0.060568217,-0.180556461,0.981697977
1713723183820109056.000000,25.846136093,-10.968258858,-39.953552246,0.002124878,-0.061028708,-0.180688351,0.981642902
1713723183853714688.000000,25.797145844,-10.988454819,-40.289665222,-0.000258221,-0.061088301,-0.181078687,0.981569469
1713723183887321344.000000,25.745964050,-11.011660576,-40.626319885,0.000954474,-0.061593425,-0.181067243,0.981539607
1713723183920929280.000000,25.695671082,-11.034376144,-40.963394165,0.001468531,-0.060506675,-0.181609258,0.981506467
1713723183954537984.000000,25.642562866,-11.055935860,-41.302440643,0.001005954,-0.061985329,-0.181881040,0.981364429
1713723183988148736.000000,25.590787888,-11.077026367,-41.641674042,0.000279658,-0.061549112,-0.182154179,0.981341720
1713723184021760256.000000,25.536489487,-11.101107597,-41.981754303,0.002835053,-0.061773252,-0.182123244,0.981329322
1713723184055373056.000000,25.483100891,-11.121823311,-42.322738647,0.001404934,-0.061187193,-0.182625353,0.981275797
1713723184088986880.000000,25.427074432,-11.143255234,-42.665119171,0.000884801,-0.062110167,-0.182607710,0.981221676
1713723184122601984.000000,25.371242523,-11.165902138,-43.007457733,0.002360556,-0.061697640,-0.182609513,0.981244922
1713723184156218880.000000,25.313669205,-11.188206673,-43.350990295,0.003014883,-0.062279824,-0.182810023,0.981169045
1713723184189836800.000000,25.256645203,-11.208617210,-43.695758820,0.001949710,-0.062170457,-0.182987869,0.981145501
1713723184223456000.000000,25.198410034,-11.230277061,-44.041145325,0.002068575,-0.062210325,-0.183126941,0.981116772
1713723184257075712.000000,25.139711380,-11.252166748,-44.387256622,0.003140308,-0.062169205,-0.183384821,0.981068373
1713723184290697216.000000,25.080053329,-11.273132324,-44.734252930,0.002542990,-0.062360056,-0.183778301,0.980984330
1713723184324319744.000000,25.019784927,-11.294238091,-45.082485199,0.002644253,-0.062430467,-0.184135824,0.980912626
1713723184357944064.000000,24.958570480,-11.314886093,-45.431205750,0.002249112,-0.062715463,-0.184302226,0.980864108
1713723184391569408.000000,24.897108078,-11.335606575,-45.780845642,0.002872995,-0.062476970,-0.184590682,0.980823517
1713723184425195776.000000,24.834108353,-11.356433868,-46.131305695,0.002860471,-0.063012294,-0.184863880,0.980737865
1713723184458823168.000000,24.771169662,-11.377242088,-46.482921600,0.002824469,-0.062497519,-0.185211807,0.980705202
1713723184492655360.000000,24.706298828,-11.397720337,-46.837287903,0.002789520,-0.063179530,-0.185250401,0.980654299
1713723184525871872.000000,24.643760681,-11.417157173,-47.185955048,0.002939042,-0.062034305,-0.185556725,0.980669141
1713723184559087616.000000,24.578615189,-11.437050819,-47.535785675,0.002970121,-0.062668279,-0.185423642,0.980653882
1713723184592301312.000000,24.514678955,-11.455571175,-47.886386871,0.001869168,-0.061606504,-0.185679942,0.980675399
1713723184625514496.000000,24.447937012,-11.475503922,-48.237640381,0.002035666,-0.062059421,-0.185713172,0.980640173
1713723184658725888.000000,24.381187439,-11.495102882,-48.589302063,0.002168580,-0.061892428,-0.186280921,0.980542779
1713723184691936768.000000,24.312881470,-11.514879227,-48.942462921,0.002524262,-0.062473863,-0.186760187,0.980413914
1713723184725146368.000000,24.244789124,-11.532684326,-49.296272278,0.001085393,-0.062616885,-0.187182233,0.980326891
1713723184758353920.000000,24.175218582,-11.552393913,-49.650585175,0.001535950,-0.062638573,-0.187548220,0.980254948
1713723184791561216.000000,24.104797363,-11.572227478,-50.005737305,0.002742191,-0.063120879,-0.187775031,0.980177939
1713723184824766720.000000,24.034824371,-11.591230392,-50.362121582,0.002329054,-0.062203776,-0.188169271,0.980162084
1713723184857970688.000000,23.963577271,-11.608880043,-50.719516754,0.001367473,-0.062560178,-0.188130409,0.980148613
1713723184891174144.000000,23.891042709,-11.628294945,-51.076965332,0.001985484,-0.062458582,-0.188375741,0.980107009
1713723184924376064.000000,23.817787170,-11.647681236,-51.435749054,0.003470268,-0.062590197,-0.188701451,0.980031729
1713723184957576448.000000,23.744535446,-11.664367676,-51.795558929,0.000994445,-0.062770046,-0.189728081,0.979827642
1713723184990775808.000000,23.670450211,-11.682703972,-52.156074524,0.001340023,-0.063011914,-0.190866336,0.979590654
1713723185023974144.000000,23.596567154,-11.702431679,-52.516620636,0.002321943,-0.062251031,-0.192536592,0.979310572
1713723185057171200.000000,23.521995544,-11.720670700,-52.878810883,0.002250629,-0.062957451,-0.194917813,0.978794396
1713723185090366720.000000,23.447187424,-11.739116669,-53.241127014,0.001614564,-0.063066304,-0.197974026,0.978175044
1713723185123561728.000000,23.371963501,-11.758703232,-53.604606628,0.003013973,-0.062960729,-0.201069042,0.977547050
1713723185156754432.000000,23.295728683,-11.777086258,-53.968631744,0.002181106,-0.063567117,-0.204226241,0.976855278
1713723185189946624.000000,23.219791412,-11.795564651,-54.333831787,0.002264038,-0.063348502,-0.207600892,0.976157665
1713723185223137024.000000,23.142488480,-11.815016747,-54.699424744,0.003170985,-0.063604876,-0.210668072,0.975481093
1713723185256326912.000000,23.065412521,-11.833296776,-55.066116333,0.002875079,-0.062967040,-0.214151919,0.974764585
1713723185289515008.000000,22.986175537,-11.851440430,-55.433547974,0.002396876,-0.064092048,-0.217326269,0.973989666
1713723185322702080.000000,22.908102036,-11.870249748,-55.801574707,0.003069312,-0.062807910,-0.220719486,0.973308146
1713723185355887872.000000,22.827840805,-11.888283730,-56.170715332,0.002754872,-0.063117102,-0.223499402,0.972654402
1713723185389072640.000000,22.747228622,-11.905315399,-56.540946960,0.002142277,-0.062823214,-0.226379275,0.972008765
1713723185422255872.000000,22.664089203,-11.923379898,-56.911201477,0.002500418,-0.063670367,-0.228576332,0.971438527
1713723185455438080.000000,22.581453323,-11.941829681,-57.282878876,0.003985235,-0.062487915,-0.230448961,0.971067786
1713723185488612352.000000,22.496706009,-11.957293510,-57.655376434,0.001945927,-0.063190944,-0.231759191,0.970716655
1713723185521827840.000000,22.411273956,-11.973368645,-58.029598236,0.001883485,-0.062821232,-0.233170673,0.970402718
1713723185555042816.000000,22.323139191,-11.990854263,-58.403511047,0.003145623,-0.063823849,-0.234058887,0.970120132
1713723185588256000.000000,22.235517502,-12.007276535,-58.779235840,0.003526394,-0.063567951,-0.235352382,0.969822705
1713723185621468416.000000,22.147779465,-12.021499634,-59.156002045,0.000933350,-0.063175157,-0.236414403,0.969595969
1713723185654678784.000000,22.058376312,-12.036922455,-59.533020020,0.000964972,-0.063003749,-0.237203240,0.969414353
1713723185687888384.000000,21.965604782,-12.055228233,-59.910598755,0.004233987,-0.064009666,-0.237368762,0.969299197
1713723185721096704.000000,21.875053406,-12.069720268,-60.289478302,0.002729820,-0.062398318,-0.237647757,0.969341278
1713723185754304000.000000,21.781909943,-12.082748413,-60.669971466,0.000464746,-0.063099734,-0.237571821,0.969318211
1713723185787509760.000000,21.687360764,-12.097436905,-61.049564362,0.000762398,-0.063534044,-0.237623811,0.969276965
1713723185820713984.000000,21.591053009,-12.114669800,-61.430747986,0.004180179,-0.064034887,-0.237492278,0.969267547
1713723185853917952.000000,21.496971130,-12.126559258,-61.812961578,0.000424647,-0.062988512,-0.237504229,0.969342053
1713723185887119872.000000,21.400249481,-12.140673637,-62.196372986,0.000251845,-0.062895276,-0.237348348,0.969386399
1713723185920320512.000000,21.301763535,-12.155845642,-62.579154968,0.001705536,-0.063654892,-0.237398133,0.969323099
1713723185953520384.000000,21.203348160,-12.170534134,-62.963829041,0.002371636,-0.063140780,-0.237524688,0.969324350
1713723185986718720.000000,21.104022980,-12.181084633,-63.349464417,-0.001266314,-0.063910611,-0.237273470,0.969337523
1713723186019915520.000000,21.003767014,-12.196420670,-63.735237122,-0.000526923,-0.063136779,-0.237297729,0.969383001
1713723186053111552.000000,20.901435852,-12.211595535,-64.121818542,0.002769556,-0.063877732,-0.236911491,0.969425082
1713723186086306048.000000,20.799749374,-12.224334717,-64.509971619,0.001431938,-0.063072793,-0.236911491,0.969480693
1713723186119499776.000000,20.696329117,-12.235804558,-64.899169922,-0.000127238,-0.063634880,-0.236431837,0.969562054
1713723186152691968.000000,20.591911316,-12.249765396,-65.287956238,0.000709696,-0.063170925,-0.236128986,0.969665945
1713723186185882880.000000,20.484535217,-12.255771637,-65.678199768,0.002050298,-0.063797839,-0.235615999,0.969747782
1713723186219072256.000000,20.378580093,-12.267429352,-66.069671631,-0.000720402,-0.063586779,-0.235455766,0.969802439
1713723186252260608.000000,20.270458221,-12.275284767,-66.462074280,-0.001221574,-0.064318545,-0.235053822,0.969851196
1713723186285448192.000000,20.161382675,-12.290452003,-66.854125977,0.001025850,-0.064504787,-0.234775603,0.969906449
1713723186318633728.000000,20.052326202,-12.320899010,-67.247566223,0.000905608,-0.064478412,-0.234524027,0.969969213
1713723186351818240.000000,19.942714691,-12.332084656,-67.642478943,-0.001329866,-0.064383164,-0.234115839,0.970073581
1713723186385001984.000000,19.830463409,-12.315493584,-68.038024902,-0.001602594,-0.065111853,-0.233804017,0.970099807
1713723186418183936.000000,19.716362000,-12.331062317,-68.433898926,0.001772252,-0.066142872,-0.233386084,0.970130444
1713723186451365120.000000,19.604125977,-12.342399597,-68.831008911,-0.000107432,-0.065116674,-0.233058572,0.970280170
1713723186484528896.000000,19.489307404,-12.353287697,-69.229476929,-0.001794115,-0.066233642,-0.232364982,0.970369279
1713723186517743872.000000,19.372255325,-12.350607872,-69.627723694,-0.000723790,-0.066214800,-0.231967866,0.970466912
1713723186550957568.000000,19.254940033,-12.365158081,-70.027626038,0.002128005,-0.066599146,-0.231507301,0.970548511
1713723186584170240.000000,19.138463974,-12.372882843,-70.428703308,-0.001223949,-0.066419668,-0.231257811,0.970621884
1713723186617382144.000000,19.020179749,-12.384334564,-70.830718994,-0.001502741,-0.066637971,-0.230687827,0.970742166
1713723186650592000.000000,18.901735306,-12.413200378,-71.232620239,0.000937346,-0.066946901,-0.230111808,0.970858276
1713723186683800832.000000,18.781827927,-12.424825668,-71.636161804,0.000790856,-0.066637099,-0.229752436,0.970964849
1713723186717009152.000000,18.656585693,-12.393938065,-72.040397644,-0.001607748,-0.067607239,-0.229146317,0.971040010
1713723186750215168.000000,18.535123825,-12.406051636,-72.445114136,-0.000651592,-0.066719122,-0.228847772,0.971172988
1713723186783420672.000000,18.409730911,-12.408358574,-72.850517273,0.001099605,-0.067823440,-0.228060976,0.971281111
1713723186816624128.000000,18.286413193,-12.418531418,-73.257324219,-0.000169779,-0.067060940,-0.227764830,0.971404135
1713723186849826816.000000,18.159490585,-12.418338776,-73.665000916,-0.000313459,-0.068233900,-0.226987451,0.971504390
1713723186883028224.000000,18.034357071,-12.429038048,-74.073089600,-0.000246986,-0.067172728,-0.226717964,0.971641302
1713723186916228864.000000,17.905502319,-12.429508209,-74.482048035,0.000641898,-0.068240881,-0.225945979,0.971746504
1713723186949427968.000000,17.778743744,-12.439192772,-74.892181396,0.000015104,-0.067098558,-0.225680351,0.971887946
1713723186982625536.000000,17.650560379,-12.463829041,-75.303787231,-0.000558028,-0.068588682,-0.224988788,0.971944153
1713723187015821568.000000,17.521400452,-12.473497391,-75.715301514,-0.000444754,-0.067624561,-0.224717349,0.972074509
1713723187049016832.000000,17.387008667,-12.464113235,-76.127632141,0.000650864,-0.069103815,-0.223978013,0.972141027
1713723187082211072.000000,17.255973816,-12.472401619,-76.541160583,-0.000601806,-0.068032078,-0.223698199,0.972281039
1713723187115403776.000000,17.118892670,-12.453425407,-76.955146790,-0.000344682,-0.069397151,-0.222944066,0.972357929
1713723187148594944.000000,16.985614777,-12.462075233,-77.369705200,-0.000732017,-0.068569317,-0.222576827,0.972500563
1713723187181784832.000000,16.847963333,-12.461258888,-77.785644531,0.001093715,-0.069922537,-0.221849248,0.972570121
1713723187214973696.000000,16.712770462,-12.467815399,-78.202560425,-0.000816679,-0.069035120,-0.221499413,0.972713470
1713723187248161280.000000,16.578651428,-12.506604195,-78.622055054,-0.001466445,-0.070835404,-0.220476568,0.972815692
1713723187281348096.000000,16.441596985,-12.514638901,-79.039939880,-0.001426449,-0.069724478,-0.219878256,0.973031461
1713723187314533120.000000,16.294557571,-12.471621513,-79.457519531,0.001668608,-0.070855685,-0.219116390,0.973121166
1713723187347717120.000000,16.155830383,-12.476690292,-79.878173828,-0.000696247,-0.069528379,-0.218538597,0.973347962
1713723187380899328.000000,16.019382477,-12.517688751,-80.301498413,-0.003502220,-0.070315607,-0.217602521,0.973495066
1713723187414080512.000000,15.877105713,-12.525613785,-80.722526550,-0.001767362,-0.070640035,-0.216747373,0.973667026
1713723187447261184.000000,15.727346420,-12.477998734,-81.143203735,0.001643266,-0.070031449,-0.216139019,0.973846436
1713723187480439552.000000,15.584413528,-12.480130196,-81.567321777,-0.002347788,-0.070006110,-0.215516463,0.973984778
1713723187513696512.000000,15.437680244,-12.476703644,-81.992759705,-0.002183469,-0.070266984,-0.214576885,0.974173844
1713723187547009536.000000,15.290530205,-12.482985497,-82.418914795,0.000108593,-0.070303991,-0.213950530,0.974311352
1713723187580097792.000000,15.149858475,-12.514884949,-82.845336914,0.000297612,-0.070912398,-0.213334545,0.974402249
1713723187613865728.000000,15.000423431,-12.516516685,-83.280410767,-0.002277862,-0.070292644,-0.212780371,0.974565685
1713723187647637504.000000,14.840559006,-12.478227615,-83.714279175,-0.002109202,-0.070151731,-0.211960152,0.974754989
1713723187681413120.000000,14.686513901,-12.483349800,-84.150321960,0.000240304,-0.070939824,-0.211010695,0.974906147
1713723187715192320.000000,14.532024384,-12.479200363,-84.587776184,-0.000258121,-0.070352212,-0.210531145,0.975052416
1713723187748975360.000000,14.376869202,-12.480070114,-85.026931763,-0.002320462,-0.071070939,-0.209799021,0.975155354
1713723187782761472.000000,14.220036507,-12.476599693,-85.465454102,-0.001446675,-0.070795946,-0.209200144,0.975305676
1713723187816551424.000000,14.061553001,-12.480092049,-85.905578613,0.001566794,-0.071579210,-0.208532959,0.975391269
1713723187850345472.000000,13.904600143,-12.474047661,-86.346939087,-0.001552138,-0.070505366,-0.208055407,0.975571394
1713723187884142592.000000,13.744567871,-12.474376678,-86.789512634,-0.001734912,-0.071358882,-0.207163617,0.975698829
1713723187917943808.000000,13.584901810,-12.471292496,-87.231735229,-0.000725232,-0.069883570,-0.206651285,0.975915492
1713723187951748096.000000,13.423139572,-12.471436501,-87.675918579,-0.000448351,-0.070581749,-0.205857903,0.976033151
1713723187985556480.000000,13.262465477,-12.472821236,-88.121208191,-0.001351564,-0.070579924,-0.205497667,0.976108313
1713723188019367936.000000,13.099264145,-12.471931458,-88.567222595,-0.001288294,-0.070515104,-0.204969272,0.976224124
1713723188053183232.000000,12.930268288,-12.469813347,-89.012451172,-0.000486181,-0.071309991,-0.204189017,0.976330638
1713723188087002880.000000,12.765526772,-12.468750954,-89.460083008,-0.000229009,-0.070380777,-0.203868896,0.976465106
1713723188120825600.000000,12.601174355,-12.453593254,-89.909988403,-0.001138015,-0.071391784,-0.203231618,0.976523876
1713723188154651392.000000,12.434037209,-12.450584412,-90.359237671,-0.001456916,-0.070829898,-0.202706158,0.976673543
1713723188188481280.000000,12.264281273,-12.447583199,-90.809288025,0.001252288,-0.072118126,-0.201831102,0.976760745
1713723188222314752.000000,12.095568657,-12.443780899,-91.260742188,0.000070754,-0.070819832,-0.201406673,0.976944208
1713723188256152064.000000,11.925501823,-12.436720848,-91.713737488,-0.001656157,-0.071490131,-0.200677052,0.977044165
1713723188289992704.000000,11.753457069,-12.434066772,-92.166091919,-0.000400021,-0.071242221,-0.200260431,0.977149010
1713723188323837440.000000,11.578140259,-12.435183525,-92.619438171,0.002257581,-0.071292631,-0.199753582,0.977246523
1713723188357685248.000000,11.405899048,-12.431588173,-93.074745178,-0.000476070,-0.071195260,-0.199374318,0.977333546
1713723188391537152.000000,11.232751846,-12.417434692,-93.531631470,-0.000423682,-0.071490750,-0.198699847,0.977449417
1713723188425392384.000000,11.055781364,-12.415243149,-93.987854004,0.000572013,-0.072393060,-0.198220685,0.977480233
1713723188459251712.000000,10.879018784,-12.422799110,-94.446151733,0.001855272,-0.072210334,-0.197851762,0.977566838
1713723188493114112.000000,10.701616287,-12.416833878,-94.905555725,-0.000869693,-0.072414555,-0.197402254,0.977644026
1713723188526980096.000000,10.522211075,-12.391878128,-95.364875793,-0.000722746,-0.072428979,-0.197137222,0.977696538
1713723188560850176.000000,10.340864182,-12.389934540,-95.824798584,0.002173705,-0.072643325,-0.196657807,0.977775037
1713723188595044352.000000,10.158702850,-12.380338669,-96.291259766,0.001859217,-0.072082132,-0.196316242,0.977885783
1713723188628262400.000000,9.979152679,-12.371894836,-96.745674133,-0.001500449,-0.073213860,-0.195691019,0.977927685
1713723188661478400.000000,9.799327850,-12.364142418,-97.199172974,0.000365166,-0.072857887,-0.195199534,0.978053570
1713723188694693888.000000,9.617702484,-12.360654831,-97.654060364,0.003291656,-0.072435081,-0.194534659,0.978211999
1713723188727907328.000000,9.436410904,-12.348219872,-98.110893250,0.000215458,-0.073144987,-0.193951413,0.978280485
1713723188761120256.000000,9.252532005,-12.341063499,-98.568290710,-0.000138730,-0.073515989,-0.193308085,0.978380024
1713723188794331904.000000,9.067107201,-12.332847595,-99.025215149,0.000896147,-0.073027976,-0.192919910,0.978492737
1713723188827542272.000000,8.882443428,-12.326069832,-99.484237671,0.001104962,-0.073382013,-0.192413390,0.978565812
1713723188860751104.000000,8.698444366,-12.312502861,-99.944313049,-0.000045967,-0.073414065,-0.191943929,0.978656173
1713723188893959168.000000,8.510353088,-12.303525925,-100.404251099,-0.000032934,-0.074073069,-0.191248745,0.978742599
1713723188927165952.000000,8.323113441,-12.295236588,-100.865211487,0.002017555,-0.073411830,-0.190756857,0.978886366
1713723188960371200.000000,8.133809090,-12.284320831,-101.327522278,0.000206152,-0.073818460,-0.190151855,0.978975534
1713723188993575936.000000,7.944159985,-12.272551537,-101.791046143,-0.000649717,-0.074085221,-0.189585358,0.979065061
1713723189026778624.000000,7.752016068,-12.263463974,-102.254135132,0.000365810,-0.074701726,-0.189039111,0.979123950
1713723189059980288.000000,7.561015129,-12.253372192,-102.718902588,0.001716478,-0.074055836,-0.188681573,0.979240596
1713723189093181440.000000,7.368497849,-12.241509438,-103.184982300,-0.000744162,-0.074725300,-0.188179478,0.979287624
1713723189126380800.000000,7.174272060,-12.228868484,-103.651237488,-0.001009626,-0.075083494,-0.188154876,0.979264677
1713723189159579136.000000,6.979320049,-12.221523285,-104.117774963,0.002145312,-0.075293735,-0.188231394,0.979232013
1713723189192775936.000000,6.784781456,-12.208555222,-104.585861206,0.001121290,-0.075079300,-0.189366966,0.979031205
1713723189225971968.000000,6.589538097,-12.195704460,-105.055320740,-0.001321938,-0.075871296,-0.190783441,0.978694856
1713723189259165952.000000,6.394132614,-12.184677124,-105.524093628,-0.000102735,-0.075448804,-0.192871511,0.978318989
1713723189292359680.000000,6.196786404,-12.176110268,-105.994300842,0.002910358,-0.076427184,-0.195528030,0.977711260
1713723189325551872.000000,6.001682758,-12.162298203,-106.465446472,0.000017686,-0.075922221,-0.199329302,0.976987064
1713723189358742784.000000,5.805627823,-12.151012421,-106.937820435,-0.000266276,-0.075570099,-0.203363776,0.976182580
1713723189391932416.000000,5.607911587,-12.140506744,-107.409431458,0.001293550,-0.076122984,-0.207747519,0.975215197
1713723189425120768.000000,5.409757614,-12.131074905,-107.882682800,0.003406209,-0.076349922,-0.212551549,0.974156559
1713723189458308096.000000,5.212800026,-12.117231369,-108.356918335,0.000852176,-0.075566046,-0.217659906,0.973094642
1713723189491494144.000000,5.012661457,-12.106472015,-108.831825256,0.001550037,-0.075964354,-0.222299054,0.972013474
1713723189524678912.000000,4.812816143,-12.095361710,-109.307182312,0.002590730,-0.075178042,-0.227358550,0.970901489
1713723189557862400.000000,4.610532284,-12.083952904,-109.783843994,0.003053308,-0.076277718,-0.232167616,0.969675481
1713723189591028736.000000,4.409600735,-12.071697235,-110.260726929,0.002954883,-0.075292431,-0.237431988,0.968477428
1713723189624246784.000000,4.204864979,-12.061016083,-110.739517212,0.004844932,-0.076288193,-0.242287427,0.967188478
1713723189657464064.000000,4.001832008,-12.048225403,-111.219078064,0.004174393,-0.074769966,-0.247396544,0.966016054
1713723189690680064.000000,3.794915915,-12.035188675,-111.699584961,0.003729186,-0.075511955,-0.251573324,0.964880824
1713723189723894016.000000,3.587321758,-12.023304939,-112.180778503,0.005722574,-0.075013109,-0.255354553,0.963916183
1713723189757107456.000000,3.378018379,-12.008771896,-112.663154602,0.004922071,-0.075190067,-0.258416384,0.963090479
1713723189790319616.000000,3.167602301,-11.993432045,-113.146873474,0.004334851,-0.075194873,-0.260860980,0.962433696
1713723189823530752.000000,2.953606844,-11.979226112,-113.630470276,0.006047631,-0.076069981,-0.262120545,0.962013364
1713723189856740352.000000,2.739784002,-11.963765144,-114.115966797,0.006918870,-0.075716935,-0.263249427,0.961727023
1713723189889949184.000000,2.525337696,-11.944929123,-114.602386475,0.003867391,-0.075548366,-0.264143646,0.961512148
1713723189923155968.000000,2.309056759,-11.928226471,-115.089118958,0.004342261,-0.075347282,-0.264948815,0.961304367
1713723189956361984.000000,2.090124607,-11.913165092,-115.576431274,0.007239796,-0.075863466,-0.265293896,0.961151183
1713723189989566976.000000,1.872223735,-11.894248962,-116.065315247,0.005451196,-0.075461239,-0.266152501,0.960957289
1713723190022770944.000000,1.652581215,-11.875220299,-116.555404663,0.004318846,-0.075648084,-0.266902566,0.960740268
1713723190055973376.000000,1.431426644,-11.857624054,-117.044967651,0.005151232,-0.075379245,-0.267602026,0.960562646
1713723190089174272.000000,1.207001209,-11.841015816,-117.536018372,0.008263022,-0.077128746,-0.268013209,0.960287392
1713723190122374656.000000,0.985764503,-11.820274353,-118.028472900,0.005444223,-0.075536363,-0.268895417,0.960187495
1713723190155573248.000000,0.761829376,-11.799613953,-118.521835327,0.003942589,-0.075733647,-0.269711792,0.959950268
1713723190188771072.000000,0.536683917,-11.781543732,-119.014869690,0.005649262,-0.075362332,-0.270768911,0.959673285
1713723190221967104.000000,0.309310198,-11.763101578,-119.509666443,0.007437129,-0.076321445,-0.272087365,0.959212303
1713723190255162112.000000,0.084542751,-11.741124153,-120.005752563,0.004356610,-0.075321577,-0.274363250,0.958661795
1713723190288356608.000000,-0.143487453,-11.721332550,-120.501663208,0.004540324,-0.075655542,-0.276518971,0.958015084
1713723190321549056.000000,-0.372364998,-11.703998566,-120.998222351,0.007711246,-0.075296678,-0.279078454,0.957280636
1713723190354740736.000000,-0.601861000,-11.683326721,-121.496650696,0.006930434,-0.075677998,-0.281878233,0.956435859
1713723190387930880.000000,-0.830083370,-11.661223412,-121.996009827,0.004755063,-0.074849732,-0.285040915,0.955576599
1713723190421120256.000000,-1.063785553,-11.642990112,-122.494659424,0.007824480,-0.075534642,-0.287590653,0.954738200
1713723190454308096.000000,-1.295717001,-11.623613358,-122.995368958,0.009231869,-0.074673615,-0.290730238,0.953842044
1713723190487494656.000000,-1.528882742,-11.599716187,-123.497558594,0.005707474,-0.075043231,-0.294028103,0.952829182
1713723190520679936.000000,-1.763826847,-11.579974174,-123.998901367,0.008044935,-0.074449286,-0.296801478,0.951998651
1713723190553864192.000000,-2.002108097,-11.560203552,-124.501998901,0.010894284,-0.075352125,-0.299421638,0.951078415
1713723190586937088.000000,-2.236527443,-11.535243034,-125.005096436,0.007120239,-0.074376494,-0.302178860,0.950318635
1713723190620358400.000000,-2.478386879,-11.511780739,-125.513778687,0.007198215,-0.074893124,-0.304169297,0.949642241
1713723190653781248.000000,-2.719991684,-11.490597725,-126.022827148,0.010021384,-0.073630176,-0.305963039,0.949138999
1713723190687205376.000000,-2.964380503,-11.464885712,-126.533958435,0.008056741,-0.074477158,-0.307764918,0.948508859
1713723190720630528.000000,-3.208037138,-11.439931870,-127.045860291,0.007737450,-0.074229069,-0.309511423,0.947962463
1713723190754057984.000000,-3.454369545,-11.415811539,-127.557899475,0.008517090,-0.073801689,-0.311529994,0.947327793
1713723190787485952.000000,-3.701986551,-11.391286850,-128.071624756,0.009816136,-0.074464947,-0.313198447,0.946712971
1713723190820916224.000000,-3.949734211,-11.364364624,-128.585937500,0.007762342,-0.073385499,-0.315340281,0.946105063
1713723190854347520.000000,-4.200055122,-11.338355064,-129.101654053,0.007966135,-0.073576272,-0.316883445,0.945572913
1713723190887779840.000000,-4.453208923,-11.312891960,-129.617599487,0.009685234,-0.074232429,-0.318246365,0.945047677
1713723190921214464.000000,-4.705261230,-11.285451889,-130.135345459,0.008786690,-0.073493645,-0.319802999,0.944588602
1713723190954649600.000000,-4.959779739,-11.256887436,-130.653823853,0.007668879,-0.074017875,-0.321147084,0.944101274
1713723190988087296.000000,-5.214540482,-11.229830742,-131.172729492,0.008455664,-0.072966047,-0.322515279,0.943709910
1713723191021525504.000000,-5.472820759,-11.202048302,-131.693023682,0.009507581,-0.073656261,-0.323337823,0.943364739
1713723191054965248.000000,-5.729657173,-11.172237396,-132.214508057,0.007875545,-0.072618634,-0.324574471,0.943035543
1713723191088406784.000000,-5.990858078,-11.142807961,-132.736465454,0.008033780,-0.073229812,-0.325250894,0.942753851
1713723191121849600.000000,-6.251645088,-11.114036560,-133.259582520,0.008941534,-0.072108865,-0.325901270,0.942607403
1713723191155293696.000000,-6.515154362,-11.082681656,-133.783905029,0.007855657,-0.072670601,-0.326231658,0.942459702
1713723191188739840.000000,-6.778748035,-11.051549911,-134.309265137,0.007563277,-0.072225727,-0.326938093,0.942251444
1713723191222186496.000000,-7.045871735,-11.021015167,-134.834686279,0.008602939,-0.072623529,-0.327260375,0.942100048
1713723191255635200.000000,-7.312584400,-10.990095139,-135.361862183,0.009249104,-0.071855299,-0.327744901,0.941984355
1713723191289085440.000000,-7.581461430,-10.956134796,-135.890197754,0.007316246,-0.072375797,-0.328074098,0.941846967
1713723191322536704.000000,-7.851529598,-10.923899651,-136.418930054,0.007841093,-0.072477974,-0.328572333,0.941661119
1713723191355989760.000000,-8.124315262,-10.892512321,-136.948348999,0.010210160,-0.072578676,-0.328940570,0.941502035
1713723191389443840.000000,-8.396472931,-10.857999802,-137.479522705,0.008467170,-0.072339222,-0.329351783,0.941394091
1713723191422899712.000000,-8.670770645,-10.823097229,-138.011764526,0.007756652,-0.072432101,-0.329695821,0.941272616
1713723191456357120.000000,-8.946882248,-10.789587975,-138.543807983,0.008779666,-0.072597429,-0.330114007,0.941104293
1713723191489816064.000000,-9.225254059,-10.755762100,-139.077606201,0.010556091,-0.072986796,-0.330407977,0.940952778
1713723191523275776.000000,-9.502388954,-10.718675613,-139.612411499,0.007926141,-0.072416954,-0.330870122,0.940860212
1713723191556737536.000000,-9.782858849,-10.682787895,-140.148269653,0.008217698,-0.072650388,-0.331199944,0.940723717
1713723191590310144.000000,-10.065593719,-10.647653580,-140.685928345,0.009663317,-0.072843805,-0.331580341,0.940560997
1713723191623564800.000000,-10.347511292,-10.611130714,-141.220291138,0.010012902,-0.073578902,-0.332019329,0.940345228
1713723191656817920.000000,-10.628210068,-10.572898865,-141.755661011,0.007937165,-0.072563224,-0.332554519,0.940254807
1713723191690070528.000000,-10.912303925,-10.535363197,-142.291473389,0.007929748,-0.072977550,-0.333110541,0.940025985
1713723191723322368.000000,-11.198199272,-10.499263763,-142.828002930,0.010085515,-0.073279627,-0.333629936,0.939797580
1713723191756573184.000000,-11.484533310,-10.460268974,-143.365997314,0.009015893,-0.073205635,-0.334101319,0.939646780
1713723191789823232.000000,-11.772052765,-10.419902802,-143.905197144,0.007684985,-0.073437236,-0.334489435,0.939502418
1713723191823072768.000000,-12.061693192,-10.381507874,-144.444213867,0.008356481,-0.073643751,-0.334920287,0.939327002
1713723191856320512.000000,-12.353725433,-10.343768120,-144.984664917,0.011365828,-0.074174769,-0.335103005,0.939188421
1713723191889567744.000000,-12.644708633,-10.302165985,-145.526229858,0.008862549,-0.073758878,-0.335712969,0.939030349
1713723191922814464.000000,-12.938348770,-10.260912895,-146.068969727,0.008501780,-0.074232332,-0.336051404,0.938875258
1713723191956059904.000000,-13.234179497,-10.221837997,-146.611312866,0.011000249,-0.074730232,-0.336305201,0.938718915
1713723191989304576.000000,-13.530540466,-10.181005478,-147.155578613,0.011950710,-0.074713461,-0.336727321,0.938557327
1713723192022548480.000000,-13.827281952,-10.136891365,-147.701004028,0.009086492,-0.075105652,-0.337175846,0.938397110
1713723192055790592.000000,-14.126089096,-10.094797134,-148.246597290,0.009880547,-0.074980535,-0.337714672,0.938205302
1713723192089032704.000000,-14.428270340,-10.054023743,-148.793197632,0.012900323,-0.076373540,-0.337864399,0.938002348
1713723192122273792.000000,-14.728872299,-10.009101868,-149.340988159,0.010602748,-0.075893261,-0.338563651,0.937817991
1713723192155514112.000000,-15.032173157,-9.964757919,-149.890167236,0.010561483,-0.076805860,-0.338788122,0.937663019
1713723192188752640.000000,-15.335977554,-9.920927048,-150.439071655,0.011070582,-0.076101460,-0.339368433,0.937504768
1713723192221991424.000000,-15.643646240,-9.877194405,-150.989883423,0.012929554,-0.077963248,-0.339581519,0.937250793
1713723192255228160.000000,-15.949298859,-9.831021309,-151.541198730,0.011404609,-0.076718323,-0.340179294,0.937156558
1713723192288464896.000000,-16.257078171,-9.784500122,-152.094177246,0.010783277,-0.076806515,-0.340459645,0.937054813
1713723192321700096.000000,-16.567611694,-9.738229752,-152.646667480,0.011346331,-0.077639863,-0.340610981,0.936924517
1713723192354935296.000000,-16.879638672,-9.693388939,-153.201034546,0.014357932,-0.077677891,-0.340837240,0.936797738
1713723192388168448.000000,-17.190345764,-9.643454552,-153.756317139,0.010675830,-0.076930605,-0.341118068,0.936806440
1713723192421401600.000000,-17.503990173,-9.595281601,-154.312652588,0.010538034,-0.076925986,-0.341306776,0.936739624
1713723192454633216.000000,-17.821228027,-9.548815727,-154.868835449,0.013542011,-0.078105591,-0.341415107,0.936563909
1713723192487864576.000000,-18.138078690,-9.500286102,-155.426986694,0.013479069,-0.078249104,-0.341813564,0.936407447
1713723192521094656.000000,-18.454364777,-9.448684692,-155.986022949,0.010552272,-0.077491492,-0.342192084,0.936369777
1713723192554323712.000000,-18.773700714,-9.399564743,-156.545379639,0.011610639,-0.076948114,-0.342459530,0.936304331
1713723192587539712.000000,-19.095615387,-9.350194931,-157.105682373,0.013402630,-0.078031890,-0.342611939,0.936134875
1713723192620794112.000000,-19.417346954,-9.298270226,-157.667556763,0.011425181,-0.077398993,-0.343356133,0.935940981
1713723192654046976.000000,-19.740947723,-9.246171951,-158.230819702,0.011288397,-0.077843957,-0.343714535,0.935774207
1713723192687299840.000000,-20.066280365,-9.194421768,-158.793701172,0.011448614,-0.077911370,-0.344013363,0.935656726
1713723192720551168.000000,-20.394039154,-9.142945290,-159.358535767,0.013610010,-0.078967750,-0.344371557,0.935407460
1713723192753801728.000000,-20.720333099,-9.088337898,-159.923934937,0.010875318,-0.077977806,-0.345299929,0.935184002
1713723192787051776.000000,-21.049364090,-9.034017563,-160.490753174,0.010206188,-0.078147314,-0.345697433,0.935030520
1713723192820300288.000000,-21.381820679,-8.981735229,-161.057312012,0.012899828,-0.079134382,-0.345870495,0.934850276
1713723192853548288.000000,-21.713693619,-8.927418709,-161.625701904,0.012936458,-0.078730680,-0.346447408,0.934670150
1713723192886795264.000000,-22.045816422,-8.870538712,-162.195144653,0.009992521,-0.078153215,-0.346976817,0.934558392
1713723192920041216.000000,-22.380680084,-8.815751076,-162.764572144,0.010919422,-0.077831589,-0.347322404,0.934446454
1713723192953286656.000000,-22.718994141,-8.762594223,-163.335342407,0.014520683,-0.078388840,-0.347485363,0.934290290
1713723192986531072.000000,-23.055704117,-8.704299927,-163.907287598,0.011411462,-0.077800229,-0.348312616,0.934074521
1713723193019774208.000000,-23.394390106,-8.647264481,-164.480957031,0.010772455,-0.077808768,-0.348729700,0.933925807
1713723193053016576.000000,-23.735996246,-8.591217041,-165.053695679,0.012425752,-0.078107290,-0.349291444,0.933670342
1713723193086258688.000000,-24.079895020,-8.534455299,-165.627944946,0.014271337,-0.078094780,-0.349701345,0.933491588
1713723193119499008.000000,-24.422386169,-8.473785400,-166.203887939,0.011222748,-0.077656075,-0.350230992,0.933371305
1713723193152738560.000000,-24.768211365,-8.414609909,-166.780426025,0.011367877,-0.077728637,-0.350445539,0.933282912
1713723193185977344.000000,-25.115909576,-8.356738091,-167.357040405,0.013455779,-0.077809915,-0.350585341,0.933195829
1713723193219215360.000000,-25.464588165,-8.297412872,-167.935668945,0.014358086,-0.077692792,-0.350828707,0.933100700
1713723193252452352.000000,-25.812580109,-8.234324455,-168.515579224,0.011235509,-0.077087544,-0.351371706,0.932989478
1713723193285688320.000000,-26.164127350,-8.172617912,-169.095733643,0.011109608,-0.077360317,-0.351756662,0.932823300
1713723193318923776.000000,-26.518024445,-8.113568306,-169.676193237,0.014613980,-0.077288032,-0.351870000,0.932738185
1713723193352157952.000000,-26.872234344,-8.050716400,-170.259002686,0.013952542,-0.077570960,-0.352390289,0.932528436
1713723193385391360.000000,-27.225994110,-7.984566212,-170.842895508,0.010065963,-0.077255890,-0.353006810,0.932371438
1713723193418624000.000000,-27.584253311,-7.922505856,-171.426071167,0.012064970,-0.077274360,-0.353160203,0.932288051
1713723193451855104.000000,-27.943172455,-7.860599995,-172.010864258,0.014446943,-0.076483794,-0.353441387,0.932212830
1713723193485085952.000000,-28.302833557,-7.793631554,-172.597335815,0.011275826,-0.076862104,-0.353781432,0.932096481
1713723193518315776.000000,-28.664474487,-7.727684021,-173.184524536,0.010598240,-0.077045463,-0.354023188,0.931997478
1713723193551544320.000000,-29.028526306,-7.663464546,-173.771453857,0.012244690,-0.077148244,-0.354249388,0.931882918
1713723193584663040.000000,-29.392219543,-7.598088741,-174.358520508,0.012828187,-0.077204905,-0.354595512,0.931738675
1713723193618125568.000000,-29.759704590,-7.528584003,-174.952728271,0.010034750,-0.076970853,-0.355013341,0.931633174
1713723193651590656.000000,-30.130355835,-7.461199760,-175.547363281,0.010629137,-0.076947711,-0.355218858,0.931550145
1713723193685057024.000000,-30.503316879,-7.394123077,-176.142944336,0.012221645,-0.077237003,-0.355211705,0.931509435
1713723193718524928.000000,-30.877080917,-7.323911667,-176.740066528,0.010888481,-0.077437855,-0.355048746,0.931571424
1713723193751995136.000000,-31.252298355,-7.252381802,-177.338394165,0.009700179,-0.077573255,-0.354640126,0.931728840
1713723193785466880.000000,-31.630580902,-7.182291508,-177.936645508,0.010421826,-0.078407027,-0.354124457,0.931847453
1713723193818940672.000000,-32.009689331,-7.112332821,-178.536605835,0.011954333,-0.078019880,-0.353746295,0.932005107
1713723193852416000.000000,-32.389724731,-7.038157463,-179.138015747,0.008882627,-0.078799449,-0.353272289,0.932153642
1713723193885893632.000000,-32.772197723,-6.965214729,-179.739837646,0.008843740,-0.079239793,-0.352643102,0.932354987
1713723193919372544.000000,-33.156860352,-6.894293785,-180.342590332,0.011393445,-0.079367630,-0.351925373,0.932587564
1713723193952854016.000000,-33.541946411,-6.818770885,-180.946624756,0.008878560,-0.079654068,-0.351363868,0.932802200
1713723193986337024.000000,-33.928554535,-6.743327618,-181.552276611,0.007733594,-0.079846464,-0.350582689,0.933089852
1713723194019821312.000000,-34.318733215,-6.668672562,-182.157348633,0.008653388,-0.081193022,-0.349468917,0.933383226
1713723194053307648.000000,-34.709484100,-6.595002651,-182.764465332,0.010657544,-0.080956824,-0.348599523,0.933708131
1713723194086796288.000000,-35.100299835,-6.516266346,-183.372528076,0.007345624,-0.080929480,-0.347698271,0.934078395
1713723194120286976.000000,-35.493778229,-6.439300537,-183.981719971,0.007133079,-0.081198074,-0.346884727,0.934359193
1713723194153778688.000000,-35.890953064,-6.363374233,-184.590957642,0.009613818,-0.082563885,-0.345793754,0.934621572
1713723194187272704.000000,-36.287433624,-6.286063194,-185.202011108,0.009571735,-0.082151257,-0.344855875,0.935004830
1713723194220768768.000000,-36.684955597,-6.205451965,-185.814117432,0.007043160,-0.082175098,-0.343731523,0.935439110
1713723194254266368.000000,-37.085117340,-6.127814293,-186.426406860,0.008219670,-0.082112335,-0.342878819,0.935747981
1713723194287766016.000000,-37.487827301,-6.049630642,-187.039855957,0.010446455,-0.082786433,-0.341763020,0.936074495
1713723194321267456.000000,-37.889976501,-5.969131470,-187.654830933,0.008774985,-0.082212351,-0.340760440,0.936507583
1713723194354769920.000000,-38.295108795,-5.887323856,-188.270629883,0.008161464,-0.083035357,-0.339639068,0.936847806
1713723194388275456.000000,-38.701248169,-5.808457375,-188.886856079,0.010059025,-0.082130082,-0.338819325,0.937205970
1713723194421782016.000000,-39.109745026,-5.726194382,-189.504470825,0.009984507,-0.083066054,-0.337736934,0.937514901
1713723194455290880.000000,-39.518615723,-5.644039631,-190.123504639,0.009345519,-0.082753487,-0.336809456,0.937882721
1713723194488801280.000000,-39.930355072,-5.560879707,-190.742721558,0.009823848,-0.083694220,-0.335749328,0.938174367
1713723194522313472.000000,-40.342765808,-5.480253220,-191.362945557,0.011858596,-0.082745358,-0.334876984,0.938546836
1713723194555827968.000000,-40.756877899,-5.394649029,-191.984954834,0.010939448,-0.083372302,-0.333881885,0.938856959
1713723194589343744.000000,-41.172492981,-5.309265137,-192.608062744,0.009677008,-0.083842956,-0.333023697,0.939133644
1713723194622773760.000000,-41.589839935,-5.224804878,-193.229598999,0.011895326,-0.084291726,-0.331775099,0.939509869
1713723194656126720.000000,-42.006141663,-5.141604424,-193.851211548,0.013372377,-0.082936518,-0.330606490,0.940022349
1713723194689324800.000000,-42.422348022,-5.052287579,-194.471786499,0.010782414,-0.083744422,-0.329278976,0.940449893
1713723194722961408.000000,-42.846885681,-4.964299679,-195.100845337,0.010304864,-0.084856980,-0.327818394,0.940865695
1713723194756599552.000000,-43.272254944,-4.877168655,-195.730484009,0.012984693,-0.084043905,-0.326442420,0.941383779
1713723194790238976.000000,-43.699264526,-4.788159370,-196.362030029,0.012426436,-0.084275030,-0.324973643,0.941878676
1713723194823880192.000000,-44.128372192,-4.695941925,-196.995071411,0.010847603,-0.085094862,-0.323253512,0.942416251
1713723194857522944.000000,-44.560604095,-4.606874466,-197.628890991,0.012242073,-0.085065022,-0.321682185,0.942939401
1713723194891167744.000000,-44.993438721,-4.514691830,-198.264266968,0.013077771,-0.084612750,-0.320319235,0.943432748
1713723194924813824.000000,-45.427642822,-4.420249939,-198.901535034,0.010831861,-0.085270703,-0.318945974,0.943867028
1713723194958461184.000000,-45.863758087,-4.324915886,-199.538803101,0.010406365,-0.086094677,-0.317411482,0.944314241
1713723194992110848.000000,-46.301410675,-4.233024120,-200.176788330,0.012849938,-0.085431114,-0.315831482,0.944873989
1713723195025761280.000000,-46.740867615,-4.136637688,-200.816879272,0.012010542,-0.085963175,-0.314253062,0.945362926
1713723195059414272.000000,-47.181480408,-4.039164543,-201.458038330,0.009656591,-0.086764626,-0.312629104,0.945855021
1713723195093067776.000000,-47.623901367,-3.943518162,-202.099044800,0.011988620,-0.086660340,-0.310964674,0.946386456
1713723195126723840.000000,-48.067901611,-3.847463608,-202.741867065,0.012575912,-0.086107925,-0.309409261,0.946938932
1713723195160381440.000000,-48.512985229,-3.746813536,-203.386489868,0.009428517,-0.086746290,-0.307875663,0.947416902
1713723195194039808.000000,-48.960227966,-3.647715569,-204.031173706,0.009080386,-0.087423921,-0.306347787,0.947853208
1713723195227700480.000000,-49.408912659,-3.550090313,-204.676971436,0.011206302,-0.087099604,-0.305003434,0.948293805
1713723195261362432.000000,-49.859092712,-3.449280262,-205.324295044,0.009282992,-0.087566257,-0.303650081,0.948705792
1713723195295026176.000000,-50.310615540,-3.347365379,-205.972625732,0.007631266,-0.088249609,-0.302149296,0.949136198
1713723195328691712.000000,-50.763874054,-3.247097731,-206.621124268,0.008644424,-0.088192239,-0.300735831,0.949581742
1713723195362358528.000000,-51.218849182,-3.139110088,-207.270553589,0.008536275,-0.088607073,-0.299283564,0.950002849
1713723195396027392.000000,-51.675025940,-3.035814285,-207.921890259,0.006684726,-0.089039117,-0.297861934,0.950423956
1713723195429697280.000000,-52.133380890,-2.939979792,-208.574417114,0.007408759,-0.089575544,-0.296262801,0.950867891
1713723195463369472.000000,-52.592708588,-2.836946487,-209.227340698,0.007434077,-0.089297779,-0.294808328,0.951345742
1713723195497042688.000000,-53.053798676,-2.732336760,-209.881820679,0.005877630,-0.089999810,-0.293223619,0.951780140
1713723195530717952.000000,-53.516460419,-2.627321720,-210.536575317,0.005739985,-0.090419829,-0.291640490,0.952227533
1713723195564393984.000000,-53.981307983,-2.523792267,-211.192779541,0.007204010,-0.091029696,-0.290058136,0.952642620
1713723195598072576.000000,-54.446754456,-2.416559458,-211.849929810,0.005308799,-0.091046572,-0.288455248,0.953140080
1713723195631752192.000000,-54.914142609,-2.310377121,-212.508560181,0.004987848,-0.091459900,-0.286376506,0.953728855
1713723195665433600.000000,-55.383312225,-2.203171015,-213.167404175,0.005452209,-0.091362923,-0.284136385,0.954405367
1713723195699307520.000000,-55.856941223,-2.095411301,-213.831939697,0.005165430,-0.091688737,-0.281760782,0.955079854
1713723195732564480.000000,-56.323162079,-1.986526728,-214.485122681,0.003463461,-0.092049025,-0.279266089,0.955785275
1713723195765820416.000000,-56.790908813,-1.879844427,-215.138824463,0.003857790,-0.091855250,-0.276701719,0.956547976
1713723195799075584.000000,-57.260356903,-1.770844221,-215.793777466,0.003336586,-0.091826968,-0.274199277,0.957273006
1713723195832330496.000000,-57.731224060,-1.662014484,-216.450027466,0.002071677,-0.092054762,-0.271562248,0.958006024
1713723195865583616.000000,-58.203769684,-1.551691294,-217.106460571,0.001887165,-0.092591621,-0.268916041,0.958700955
1713723195898836736.000000,-58.677551270,-1.441993713,-217.763900757,0.003151028,-0.092410132,-0.266390055,0.959420025
1713723195932088320.000000,-59.152927399,-1.332492352,-218.423080444,0.001084143,-0.092552871,-0.263949990,0.960085034
1713723195965339392.000000,-59.629745483,-1.219597340,-219.083236694,-0.000119000,-0.093196027,-0.261416078,0.960716486
1713723195998589184.000000,-60.108367920,-1.109745979,-219.743301392,0.000449972,-0.093631163,-0.258962572,0.961338341
1713723196031838976.000000,-60.588634491,-0.998530865,-220.404754639,0.002009734,-0.094477288,-0.256834000,0.961824477
1713723196065086720.000000,-61.068267822,-0.886083126,-221.067459106,-0.000817995,-0.093896285,-0.255675882,0.962191641
1713723196098334208.000000,-61.549499512,-0.772324085,-221.731063843,-0.001310661,-0.094174370,-0.254587412,0.962452471
1713723196131581184.000000,-62.031414032,-0.661428452,-222.394699097,-0.001253348,-0.093532227,-0.254326999,0.962584019
1713723196164826368.000000,-62.515701294,-0.548744678,-223.059616089,-0.000052864,-0.094621092,-0.254626960,0.962399125
1713723196198071552.000000,-62.999111176,-0.437234879,-223.725784302,-0.001202660,-0.093701705,-0.255789906,0.962179899
1713723196231315456.000000,-63.483142853,-0.322295189,-224.392608643,-0.002838695,-0.093270496,-0.257579118,0.961740911
1713723196264558592.000000,-63.969680786,-0.212109566,-225.059585571,-0.001594509,-0.093708910,-0.259710699,0.961127698
1713723196297800448.000000,-64.456962585,-0.100669384,-225.727325439,0.000563512,-0.093443409,-0.262803286,0.960313737
1713723196331041792.000000,-64.943801880,0.010768414,-226.397003174,-0.001553313,-0.092978552,-0.266983777,0.959204018
1713723196364282112.000000,-65.431449890,0.122662544,-227.066726685,-0.001970218,-0.092701748,-0.271702290,0.957904220
1713723196397521664.000000,-65.921043396,0.232779026,-227.736480713,0.000951679,-0.092817821,-0.276996374,0.956376970
1713723196430760704.000000,-66.411140442,0.343210697,-228.407867432,0.001057564,-0.092697278,-0.283414066,0.954506457
1713723196463998208.000000,-66.900024414,0.455734730,-229.080276489,-0.000271577,-0.091698207,-0.290533423,0.952460885
1713723196497235200.000000,-67.391700745,0.566004276,-229.752548218,0.001489267,-0.091283582,-0.297409505,0.950375080
1713723196530471680.000000,-67.885070801,0.676684856,-230.426208496,0.003873875,-0.091411397,-0.304392964,0.948142409
1713723196563706624.000000,-68.378128052,0.789815426,-231.101501465,0.002514112,-0.090368919,-0.311590463,0.945906162
1713723196596941312.000000,-68.873306274,0.904583931,-231.777236938,0.002077292,-0.090408854,-0.317751884,0.943851531
1713723196630174720.000000,-69.370803833,1.017145395,-232.453659058,0.004669479,-0.089366518,-0.323330790,0.942045212
1713723196663406848.000000,-69.869537354,1.133614659,-233.132064819,0.003312922,-0.088618785,-0.328394055,0.940368652
1713723196696638464.000000,-70.370803833,1.251391888,-233.811050415,0.002011450,-0.088736422,-0.332292259,0.938990831
1713723196729946368.000000,-70.875404358,1.367902398,-234.492279053,0.004502393,-0.087895378,-0.335390210,0.937959254
1713723196763310080.000000,-71.383247375,1.487539649,-235.176330566,0.003332708,-0.087524079,-0.337939233,0.937083542
1713723196796552192.000000,-71.890991211,1.609095335,-235.859054565,0.001732856,-0.087849915,-0.339578956,0.936464429
1713723196830159616.000000,-72.407249451,1.730269670,-236.549499512,0.003430536,-0.087498948,-0.340497583,0.936158955
1713723196863768320.000000,-72.925346375,1.853723526,-237.241622925,0.002794012,-0.087486938,-0.341116875,0.935936749
1713723196897378560.000000,-73.444633484,1.978319645,-237.935150146,0.001513945,-0.087263525,-0.341676593,0.935756385
1713723196930990080.000000,-73.966262817,2.103065014,-238.628860474,0.001838072,-0.087651312,-0.342079580,0.935572267
1713723196964602112.000000,-74.489852905,2.226581097,-239.323791504,0.003478164,-0.087347329,-0.342528969,0.935431600
1713723196998216704.000000,-75.014366150,2.353958607,-240.020065308,0.001410308,-0.087438501,-0.343100607,0.935218990
1713723197031832064.000000,-75.540359497,2.480603695,-240.717269897,0.000982634,-0.087133616,-0.343585610,0.935069919
1713723197065448448.000000,-76.070060730,2.607449055,-241.414810181,0.002711014,-0.088440917,-0.343788236,0.934869289
1713723197099066368.000000,-76.601058960,2.734446526,-242.113845825,0.002988665,-0.088799424,-0.344143718,0.934703708
1713723197132685824.000000,-77.131927490,2.863132477,-242.814224243,0.001170047,-0.087782323,-0.344691575,0.934601903
1713723197166306816.000000,-77.665328979,2.992727280,-243.515136719,0.000467073,-0.087926760,-0.345264465,0.934377432
1713723197199928832.000000,-78.201347351,3.121322155,-244.217132568,0.003022594,-0.088525683,-0.345461190,0.934243321
1713723197233551616.000000,-78.738288879,3.250981331,-244.920242310,0.002297187,-0.087914221,-0.346013010,0.934099019
1713723197267176960.000000,-79.276786804,3.383944988,-245.625167847,0.001328822,-0.088371061,-0.346285671,0.933956742
1713723197300803072.000000,-79.818252563,3.513792276,-246.329315186,0.002063730,-0.088671356,-0.346640438,0.933795273
1713723197334429952.000000,-80.362609863,3.642630816,-247.035552979,0.005647194,-0.089663006,-0.346752763,0.933644056
1713723197368058880.000000,-80.904884338,3.776309490,-247.743026733,0.001934496,-0.088355191,-0.347340345,0.933565378
1713723197401689088.000000,-81.451431274,3.906769753,-248.451507568,0.002117058,-0.088524863,-0.347356409,0.933542967
1713723197435320320.000000,-81.999778748,4.037722588,-249.159729004,0.004083010,-0.088224486,-0.347659737,0.933452010
1713723197468952832.000000,-82.548973083,4.175047874,-249.870361328,0.004516971,-0.089219660,-0.347849727,0.933284640
1713723197502587136.000000,-83.098289490,4.310513496,-250.581802368,0.002244402,-0.088173792,-0.348432600,0.933174729
1713723197536222464.000000,-83.651184082,4.443490028,-251.294387817,0.003376763,-0.088448569,-0.348576367,0.933091640
1713723197569859328.000000,-84.206253052,4.577434540,-252.007202148,0.004761236,-0.088096268,-0.348879516,0.933005691
1713723197603497216.000000,-84.763107300,4.717051506,-252.721572876,0.003314391,-0.088932484,-0.349228024,0.932802141
1713723197637136640.000000,-85.320541382,4.853661060,-253.437149048,0.003360145,-0.088425130,-0.349647343,0.932693124
1713723197670777600.000000,-85.880477905,4.990549088,-254.153045654,0.003769229,-0.088614516,-0.350136757,0.932489991
1713723197704419328.000000,-86.442893982,5.127068520,-254.870483398,0.005630040,-0.089119770,-0.350599527,0.932258606
1713723197738063104.000000,-87.005302429,5.267882347,-255.589340210,0.004053120,-0.089036413,-0.351348817,0.931992531
1713723197771707648.000000,-87.570022583,5.408227921,-256.309326172,0.003169314,-0.089463539,-0.351804137,0.931783319
1713723197805569024.000000,-88.141036987,5.548333168,-257.033966064,0.005067790,-0.089654513,-0.352142870,0.931628585
1713723197838790400.000000,-88.702491760,5.686073780,-257.746582031,0.006191879,-0.089401878,-0.352336228,0.931572974
1713723197872011520.000000,-89.264762878,5.828351021,-258.460876465,0.003860238,-0.089866385,-0.352645695,0.931423783
1713723197905231104.000000,-89.829307556,5.969471931,-259.175537109,0.003151363,-0.090391196,-0.353076667,0.931212306
1713723197938448896.000000,-90.396171570,6.108197689,-259.890441895,0.006361711,-0.090489060,-0.353288412,0.931106150
1713723197971666688.000000,-90.963462830,6.249904156,-260.607452393,0.005655410,-0.090015963,-0.353751212,0.930980802
1713723198004882432.000000,-91.531860352,6.394602776,-261.326019287,0.002838575,-0.091287568,-0.353994936,0.930777133
1713723198038096896.000000,-92.103500366,6.535286903,-262.043426514,0.005284037,-0.090507142,-0.354372472,0.930699050
1713723198071311104.000000,-92.676559448,6.679939270,-262.763366699,0.005928684,-0.091637366,-0.354281604,0.930619180
1713723198104523520.000000,-93.250526428,6.826212883,-263.483978271,0.003408754,-0.091363840,-0.354222089,0.930681348
1713723198137734656.000000,-93.830169678,6.972238541,-264.203582764,0.003906983,-0.091540821,-0.353787810,0.930827200
1713723198170945024.000000,-94.409652710,7.117574692,-264.925262451,0.004713362,-0.092398621,-0.353371173,0.930896938
1713723198204153856.000000,-94.989562988,7.264111519,-265.648590088,0.005237948,-0.091844089,-0.353043288,0.931073427
1713723198237361664.000000,-95.570449829,7.413601398,-266.373260498,0.002658564,-0.092214681,-0.352538794,0.931238830
1713723198270568448.000000,-96.153625488,7.562010288,-267.098236084,0.002715562,-0.092439011,-0.352165371,0.931357741
1713723198303773952.000000,-96.740097046,7.708701134,-267.824127197,0.005672073,-0.093121812,-0.351555556,0.931506813
1713723198336977920.000000,-97.326629639,7.860483170,-268.550872803,0.003037100,-0.092477247,-0.351265877,0.931692600
1713723198370181376.000000,-97.914825439,8.012268066,-269.279846191,0.001524349,-0.093047321,-0.350598216,0.931891024
1713723198403383296.000000,-98.506805420,8.162570000,-270.007781982,0.002974707,-0.093907028,-0.349896908,0.932064831
1713723198436583936.000000,-99.099250793,8.312544823,-270.738128662,0.005079303,-0.093840718,-0.349259436,0.932301521
1713723198469784064.000000,-99.690963745,8.468221664,-271.469543457,0.001143897,-0.093824856,-0.348633379,0.932550490
1713723198502982144.000000,-100.286880493,8.620584488,-272.201721191,0.002021745,-0.093736291,-0.347861379,0.932846189
1713723198536179456.000000,-100.886405945,8.774183273,-272.933410645,0.003168562,-0.094195105,-0.346893519,0.933157146
1713723198569375488.000000,-101.485183716,8.928825378,-273.667602539,0.002274903,-0.094142154,-0.346185029,0.933428168
1713723198602570496.000000,-102.082702637,9.084207535,-274.404327393,0.001324060,-0.094229244,-0.345545322,0.933658183
1713723198635764480.000000,-102.684761047,9.239622116,-275.139953613,0.001301270,-0.093996346,-0.345066428,0.933858812
1713723198668956928.000000,-103.293640137,9.394990921,-275.874298096,0.001686119,-0.094486021,-0.344327301,0.934081554
1713723198702148352.000000,-103.898834229,9.551734924,-276.612060547,0.001399325,-0.094171382,-0.343806624,0.934305489
1713723198735339264.000000,-104.507194519,9.710060120,-277.350555420,0.000629091,-0.094767772,-0.343170911,0.934479833
1713723198768527872.000000,-105.115859985,9.868185043,-278.090179443,0.000650565,-0.094482563,-0.342518508,0.934747994
1713723198801699584.000000,-105.728118896,10.025331497,-278.829895020,0.001205696,-0.094955273,-0.341706455,0.934996724
1713723198834922496.000000,-106.340530396,10.185463905,-279.572631836,0.000482612,-0.094676919,-0.341185778,0.935215712
1713723198868144640.000000,-106.956962585,10.347525597,-280.315429688,0.000131608,-0.095763572,-0.340410203,0.935387731
1713723198901364736.000000,-107.572776794,10.507741928,-281.059570312,0.000848224,-0.094656073,-0.339854985,0.935701966
1713723198934584064.000000,-108.187515259,10.671650887,-281.806732178,0.000662960,-0.095643930,-0.339028478,0.935901463
1713723198967802880.000000,-108.806350708,10.834400177,-282.552978516,0.000060662,-0.094818003,-0.338557184,0.936156332
1713723199001019392.000000,-109.436355591,10.994881630,-283.297576904,0.001053383,-0.096474066,-0.337679356,0.936303556
1713723199034235136.000000,-110.058456421,11.158514023,-284.045593262,0.000555398,-0.094989330,-0.337172836,0.936638296
1713723199067450624.000000,-110.684837341,11.323517799,-284.794738770,-0.000197395,-0.095680915,-0.336281568,0.936888397
1713723199100663552.000000,-111.311431885,11.488869667,-285.544555664,-0.000435806,-0.095813729,-0.335656911,0.937098801
1713723199133875968.000000,-111.942268372,11.653189659,-286.295318604,0.001590103,-0.096177697,-0.334744066,0.937386692
1713723199167087360.000000,-112.571670532,11.821258545,-287.047241211,-0.001055139,-0.096164003,-0.334042996,0.937638879
1713723199200297472.000000,-113.206680298,11.985491753,-287.800231934,0.000380724,-0.096506692,-0.333120227,0.937932491
1713723199233506560.000000,-113.840057373,12.153435707,-288.553863525,-0.000157094,-0.095790163,-0.332329094,0.938286543
1713723199266713856.000000,-114.476791382,12.323512077,-289.308776855,-0.000466171,-0.096268177,-0.331581265,0.938502133
1713723199299920640.000000,-115.114898682,12.492574692,-290.064788818,-0.001189525,-0.096453488,-0.331570953,0.938486099
1713723199333126144.000000,-115.766784668,12.657546997,-290.824890137,-0.001444586,-0.097144805,-0.331694067,0.938370883
1713723199366330112.000000,-116.422050476,12.825047493,-291.588500977,-0.003087117,-0.096520603,-0.331910878,0.938354671
1713723199399533312.000000,-117.081787109,12.993368149,-292.354370117,-0.004053444,-0.096278854,-0.332266003,0.938250124
1713723199432734976.000000,-117.747917175,13.168066025,-293.122436523,-0.002707658,-0.097437598,-0.332058758,0.938208759
1713723199465935360.000000,-118.414108276,13.339368820,-293.893188477,-0.003339816,-0.096608199,-0.332384169,0.938177228
1713723199499135232.000000,-119.082794189,13.511031151,-294.665466309,-0.003330996,-0.097535372,-0.332304299,0.938109577
1713723199532333568.000000,-119.752120972,13.683807373,-295.437927246,-0.003738558,-0.096674331,-0.332528144,0.938117921
1713723199565531136.000000,-120.424324036,13.857359886,-296.211975098,-0.003078911,-0.097391129,-0.332459271,0.938070595
1713723199598726656.000000,-121.096733093,14.031630516,-296.986236572,-0.003837965,-0.097252376,-0.332793653,0.937963665
1713723199631921408.000000,-121.770660400,14.207317352,-297.763061523,-0.003128813,-0.097492248,-0.332857221,0.937918782
1713723199665115904.000000,-122.446746826,14.383298874,-298.539306641,-0.003729618,-0.097669184,-0.332973093,0.937857032
1713723199698308352.000000,-123.125617981,14.559137344,-299.316894531,-0.003126656,-0.097443752,-0.333277285,0.937774658
1713723199731499776.000000,-123.809082031,14.742038727,-300.091491699,-0.003253517,-0.098172970,-0.333401650,0.937653899
1713723199764689664.000000,-124.490798950,14.919381142,-300.870819092,-0.003571342,-0.097654544,-0.333699793,0.937600851
1713723199797775104.000000,-125.172592163,15.097286224,-301.648773193,-0.002881033,-0.098673679,-0.333717376,0.937490284
1713723199831187968.000000,-125.857955933,15.272284508,-302.438751221,-0.003450455,-0.097822092,-0.334204257,0.937404156
1713723199864602624.000000,-126.550064087,15.453109741,-303.226684570,-0.002750766,-0.098828413,-0.334175885,0.937311053
1713723199898018048.000000,-127.242126465,15.638727188,-304.014190674,-0.003822485,-0.098013036,-0.334622204,0.937233627
1713723199931435008.000000,-127.937835693,15.821035385,-304.804107666,-0.003010083,-0.098757140,-0.334652424,0.937147677
1713723199964853248.000000,-128.633483887,16.004457474,-305.594360352,-0.003513697,-0.098246254,-0.335059613,0.937054157
1713723199998273024.000000,-129.332336426,16.190143585,-306.386108398,-0.003499000,-0.098811015,-0.335279197,0.936916232
1713723200031693824.000000,-130.031906128,16.374729156,-307.178466797,-0.003592112,-0.098661862,-0.335577995,0.936824620
1713723200065115904.000000,-130.734344482,16.559057236,-307.972473145,-0.003567728,-0.098529600,-0.335754156,0.936775506
1713723200098539264.000000,-131.437377930,16.746965408,-308.767028809,-0.003247533,-0.098917305,-0.335873961,0.936692834
1713723200131964160.000000,-132.142791748,16.933996201,-309.562713623,-0.004016172,-0.098467775,-0.336319774,0.936577320
1713723200165390592.000000,-132.850921631,17.123678207,-310.359008789,-0.003266687,-0.099004947,-0.336379886,0.936501980
1713723200198818048.000000,-133.559997559,17.313522339,-311.156127930,-0.004110995,-0.098692439,-0.336773634,0.936390162
1713723200232246272.000000,-134.271224976,17.502590179,-311.955413818,-0.003166764,-0.099301554,-0.336901426,0.936283410
1713723200265676544.000000,-134.983428955,17.693042755,-312.755065918,-0.004430683,-0.098744258,-0.337273657,0.936203241
1713723200299107584.000000,-135.699066162,17.883445740,-313.556274414,-0.003819181,-0.099106640,-0.337421328,0.936114430
1713723200332540160.000000,-136.414978027,18.076992035,-314.357330322,-0.003949595,-0.099354558,-0.337661386,0.936001062
1713723200365974528.000000,-137.134033203,18.269294739,-315.160675049,-0.003336969,-0.099091232,-0.337902248,0.935944378
1713723200399409408.000000,-137.854095459,18.463375092,-315.964752197,-0.004947028,-0.099377684,-0.338160217,0.935813725
1713723200432845568.000000,-138.576614380,18.657760620,-316.769317627,-0.004371915,-0.099410757,-0.338448226,0.935708940
1713723200466283520.000000,-139.300796509,18.852912903,-317.575134277,-0.002708268,-0.099734910,-0.338484555,0.935667634
1713723200499723008.000000,-140.026535034,19.049682617,-318.382568359,-0.004434703,-0.099559806,-0.338937521,0.935515702
1713723200533162752.000000,-140.754669189,19.245815277,-319.190887451,-0.005199767,-0.099998258,-0.339104831,0.935404360
