1713723968312213248.000000,0.000712939,0.009566478,0.204525247,0.001055890,0.000401929,-0.000826286,0.999999046
1713723968345572352.000000,-0.018525785,-0.001951125,0.274824262,0.000676824,0.002155145,-0.001531512,0.999996305
1713723968378931456.000000,-0.028265335,0.001322108,0.292338282,0.004231982,0.002800177,-0.001165649,0.999986470
1713723968412291328.000000,-0.003898476,0.009003365,0.305350900,0.003657233,-0.000658679,-0.000310242,0.999993086
1713723968445650688.000000,-0.005867624,0.006975762,0.324034095,0.000675666,-0.001847244,-0.000968117,0.999997616
1713723968479009792.000000,-0.009127102,0.004795684,0.346811235,0.001714095,-0.002910293,-0.000578172,0.999994159
1713723968512369664.000000,-0.004551661,0.002986526,0.354808450,0.004624297,-0.004380737,-0.000406186,0.999979615
1713723968545729024.000000,-0.005775454,0.012392520,0.369126171,0.002213750,-0.005657427,0.000540704,0.999981403
1713723968579088128.000000,-0.008003430,0.012936469,0.317273736,0.000938712,-0.006951665,-0.000197598,0.999975443
1713723968612447744.000000,-0.012502581,0.006643271,0.318669558,0.002989085,-0.008147662,0.000896056,0.999961972
1713723968645807360.000000,-0.010702818,0.006995304,0.324282438,0.004399470,-0.010403593,0.000993259,0.999935746
1713723968679166464.000000,-0.005978790,0.005913808,0.336434811,-0.000058220,-0.014304545,0.001076771,0.999897122
1713723968712526080.000000,-0.000928443,0.004469623,0.349943280,-0.000711832,-0.018619562,0.000837692,0.999826074
1713723968745885952.000000,-0.036133703,0.008052829,0.377366215,0.002725422,-0.017753102,0.001876604,0.999836922
1713723968779245056.000000,-0.027306471,0.022090346,0.383541077,0.004654711,-0.022370886,0.003170884,0.999733925
1713723968812604416.000000,-0.035822880,0.016341390,0.400031805,0.000383282,-0.025405345,0.002410241,0.999674261
1713723968845964544.000000,-0.030024329,0.019431332,0.429449290,0.001002115,-0.029663056,0.003136139,0.999554574
1713723968879323648.000000,-0.010984925,0.007301946,0.324875861,0.001071288,-0.035251938,0.003280871,0.999372482
1713723968912683008.000000,0.000559087,0.019230807,0.328008920,0.004295517,-0.040973742,0.005244076,0.999137282
1713723968946043136.000000,-0.010650991,0.013297822,0.342616081,-0.000885289,-0.043456063,0.004291935,0.999045730
1713723968979402240.000000,-0.003786848,0.017615957,0.351481915,0.000858903,-0.048926551,0.005573784,0.998786449
1713723969012762368.000000,-0.018792678,0.011697607,0.366239101,-0.000266105,-0.050159112,0.005887096,0.998723865
1713723969046121728.000000,-0.000241586,0.018349066,0.366591156,0.000719392,-0.056925476,0.006400655,0.998357654
1713723969079479040.000000,-0.018416794,0.011809856,0.383976012,-0.001393859,-0.057674181,0.005641849,0.998318553
1713723969112835584.000000,-0.059170622,0.027603587,0.531002700,-0.000182481,-0.055999987,0.006318390,0.998410821
1713723969146192896.000000,-0.028987590,0.015877292,0.266723931,0.001994049,-0.058442723,0.006163317,0.998269796
1713723969179549440.000000,-0.021692056,0.016893204,0.268634826,0.002894659,-0.061334323,0.007391843,0.998085737
1713723969212906240.000000,-0.022840083,0.016691979,0.275256455,0.000263638,-0.062182654,0.006596632,0.998043001
1713723969246263552.000000,-0.022923043,0.017082402,0.282209396,0.000010255,-0.063099355,0.007062511,0.997982264
1713723969279620096.000000,-0.056179717,0.021642677,0.561012149,-0.000430703,-0.063223124,0.005563225,0.997983873
1713723969312977408.000000,-0.015391716,0.019873029,0.289384842,0.002437452,-0.065305851,0.007949847,0.997830689
1713723969346333952.000000,-0.060696770,0.020223308,0.575915337,-0.003735682,-0.062103666,0.004982039,0.998050272
1713723969379691008.000000,-0.074257582,0.030697381,0.638999641,-0.000672971,-0.059777696,0.007879470,0.998180449
1713723969413048064.000000,-0.085954465,0.029977674,0.654690564,0.000478990,-0.057582971,0.007888055,0.998309433
1713723969446404608.000000,-0.073450595,0.032692552,0.657326162,0.000401042,-0.058808893,0.009067433,0.998228014
1713723969479761664.000000,-0.081963710,0.032201931,0.671830356,-0.000892474,-0.057294138,0.007948811,0.998325348
1713723969513118464.000000,-0.086550578,0.032420661,0.684108436,-0.000664357,-0.055654611,0.008426305,0.998414397
1713723969546475776.000000,-0.082781881,0.028837914,0.691809714,0.001213462,-0.055607561,0.008579153,0.998415112
1713723969579832320.000000,-0.076337948,0.036403663,0.696519732,0.000881627,-0.055678442,0.009852801,0.998399734
1713723969613188864.000000,-0.085095301,0.034097567,0.711167276,-0.000571624,-0.053981289,0.008333434,0.998507082
1713723969646546176.000000,-0.080066361,0.032585517,0.747035146,-0.000169144,-0.053535249,0.008510191,0.998529732
1713723969679902720.000000,-0.076147005,0.032855198,0.755957901,0.001311271,-0.053615276,0.008699642,0.998522878
1713723969713259776.000000,-0.044293519,0.025740162,0.565666914,-0.000450478,-0.052547563,0.008533644,0.998581886
1713723969746616320.000000,-0.042606734,0.024981905,0.575052559,-0.001492663,-0.052101567,0.007576251,0.998611987
1713723969779973632.000000,-0.045938041,0.023223177,0.586342812,-0.000312506,-0.050739039,0.008248494,0.998677909
1713723969813330176.000000,-0.041603219,0.027284261,0.590282679,0.000987229,-0.050280474,0.009190609,0.998692393
1713723969846686976.000000,-0.080618471,0.034089871,0.801816940,-0.001676975,-0.048299879,0.007471975,0.998803616
1713723969880044032.000000,-0.045084551,0.022252137,0.610863984,-0.002306409,-0.048153490,0.007544025,0.998808801
1713723969913400576.000000,-0.084046841,0.038640365,0.869532824,0.001175446,-0.046207320,0.007891686,0.998900056
1713723969946757632.000000,-0.077087805,0.041570038,0.873351216,0.000532509,-0.047504269,0.008983546,0.998830557
1713723969980114176.000000,-0.081741586,0.038891125,0.882420897,-0.000855207,-0.045381624,0.007150741,0.998943806
1713723970013465344.000000,-0.081576198,0.040333144,0.887333393,0.000066758,-0.044387702,0.008529925,0.998978019
1713723970046827776.000000,-0.079596110,0.040319648,0.891153991,0.001389961,-0.044204768,0.007902434,0.998990297
1713723970080190720.000000,-0.081763767,0.039688382,0.897255719,-0.000655243,-0.042487327,0.007695777,0.999067128
1713723970113553408.000000,-0.081069976,0.039301064,0.902620554,0.000846880,-0.041974593,0.006620243,0.999096394
1713723970146915584.000000,-0.028113563,0.023861898,0.511971354,0.000432143,-0.041125689,0.007285653,0.999127328
1713723970180278528.000000,-0.084941864,0.042045888,0.979510844,0.000430460,-0.038967293,0.005760209,0.999223888
1713723970213641472.000000,-0.085932761,0.040473267,0.987800956,-0.000463446,-0.037703760,0.005685670,0.999272764
1713723970247004160.000000,-0.087369278,0.039896373,0.991220534,0.001104060,-0.036489867,0.005155579,0.999320149
1713723970280366592.000000,-0.086188093,0.040584937,0.997238457,-0.000115591,-0.035719454,0.005119958,0.999348760
1713723970313730048.000000,-0.086179510,0.041231200,1.001444340,-0.000049858,-0.035194255,0.004361761,0.999370992
1713723970347092992.000000,-0.088085406,0.039749563,1.009737849,0.000946968,-0.033731088,0.003900996,0.999422908
1713723970380455168.000000,-0.087187961,0.042583611,1.012139916,0.004152728,-0.033456765,0.003676777,0.999424815
1713723970413818368.000000,-0.084809363,0.042507488,1.016371608,-0.000253514,-0.032868348,0.003437112,0.999453783
1713723970447181824.000000,-0.075708151,0.042893201,1.004682422,-0.000803674,-0.032321315,0.003171898,0.999472201
1713723970480544256.000000,-0.075756781,0.042378802,1.008385777,0.001874391,-0.031145429,0.004433130,0.999503314
1713723970513907712.000000,-0.085560106,0.051524404,1.113704562,0.001709873,-0.030299578,0.003158560,0.999534428
1713723970547270656.000000,-0.085666232,0.053279374,1.123299718,-0.001338774,-0.029621731,0.003150510,0.999555349
1713723970580633600.000000,-0.081880607,0.049839854,1.127882600,0.000284180,-0.029127799,0.004047316,0.999567509
1713723970613996800.000000,-0.082134418,0.050641838,1.135710597,0.002592464,-0.028414948,0.004779113,0.999581516
1713723970647359744.000000,-0.081556045,0.053298622,1.154571414,0.000179451,-0.028088572,0.003916992,0.999597788
1713723970680722944.000000,-0.081740454,0.054089736,1.163086772,0.001021042,-0.027272351,0.004734211,0.999616385
1713723970714086656.000000,-0.084226049,0.054172691,1.178830504,0.002984540,-0.026291877,0.004436041,0.999640048
1713723970747449344.000000,-0.083917186,0.054903544,1.191158891,0.002234385,-0.025462739,0.005189610,0.999659836
1713723970780813056.000000,-0.084216863,0.055224307,1.200026155,0.002282692,-0.024755184,0.004251759,0.999681890
1713723970814176000.000000,-0.069523670,0.051410519,1.132225394,0.002630937,-0.024243144,0.006003416,0.999684691
1713723970847539968.000000,-0.069675051,0.051555190,1.140052438,0.004929859,-0.023776228,0.005430015,0.999690413
1713723970880902656.000000,-0.068967544,0.052531574,1.154804230,0.002727575,-0.022854133,0.005644003,0.999719203
1713723970914266624.000000,-0.068811223,0.052450981,1.163331389,0.004449569,-0.022046205,0.005596921,0.999731421
1713723970947629568.000000,-0.068270832,0.052130952,1.171968341,0.004119325,-0.020756746,0.006676665,0.999753773
1713723970980993280.000000,-0.068291992,0.052040447,1.180608153,0.004387266,-0.020087417,0.006287529,0.999768853
1713723971014356736.000000,-0.068762809,0.051740997,1.208033800,0.004530515,-0.019182157,0.006593308,0.999784052
1713723971047720192.000000,-0.068139434,0.051684577,1.216479182,0.005197232,-0.017975325,0.007716251,0.999795198
1713723971081080576.000000,-0.071487628,0.053479850,1.231755614,0.005622361,-0.017022068,0.006856506,0.999815822
1713723971114441216.000000,-0.070806660,0.053881582,1.240698695,0.004578686,-0.016056599,0.007753738,0.999830604
1713723971147801088.000000,-0.064098030,0.052561089,1.247734547,0.005458162,-0.015859777,0.006877318,0.999835730
1713723971181161984.000000,-0.063346297,0.052834794,1.256330967,0.004890539,-0.014745338,0.008151842,0.999846101
1713723971214522112.000000,-0.076697327,0.061048549,1.400586963,0.006085037,-0.013476983,0.006848142,0.999867260
1713723971247882496.000000,-0.075947285,0.061444771,1.409518719,0.004696899,-0.012366148,0.007138207,0.999887049
1713723971281243136.000000,-0.075418867,0.062023148,1.417706013,0.005449968,-0.011565022,0.006770549,0.999895394
1713723971314603520.000000,-0.074808419,0.061438657,1.436311245,0.005882903,-0.010724302,0.007264212,0.999898791
1713723971347964160.000000,-0.074392036,0.062112346,1.444805384,0.005659900,-0.009898026,0.007043567,0.999910235
1713723971381324800.000000,-0.074347690,0.062645920,1.459882021,0.005762161,-0.009173786,0.006428435,0.999920726
1713723971414684928.000000,-0.073737554,0.063038088,1.468084335,0.005982816,-0.008041477,0.007591253,0.999920964
1713723971448046080.000000,-0.073266171,0.063471600,1.476621151,0.006798208,-0.007592069,0.006517073,0.999926925
1713723971481406208.000000,-0.072432145,0.064069152,1.485774398,0.005377318,-0.006457726,0.007082177,0.999939620
1713723971514766592.000000,-0.071571924,0.064269222,1.507283092,0.006248706,-0.005770070,0.006102121,0.999945223
1713723971548127488.000000,-0.070495740,0.064586319,1.515934467,0.006552184,-0.004697017,0.007496881,0.999939442
1713723971581487872.000000,-0.071904480,0.065403476,1.530852675,0.006085017,-0.004031743,0.006255458,0.999953806
1713723971614848512.000000,-0.070986167,0.066064969,1.539733052,0.005777571,-0.002779464,0.006555269,0.999957979
1713723971648209664.000000,-0.068129428,0.066131629,1.577905655,0.006338874,-0.001698631,0.006392004,0.999958098
1713723971681569792.000000,-0.066897094,0.066679895,1.586287975,0.006803077,-0.000515139,0.007291331,0.999950230
1713723971714930432.000000,-0.066227734,0.067591503,1.602192283,0.005503067,0.000165276,0.006272487,0.999965191
1713723971748291584.000000,-0.065024331,0.068011180,1.610866547,0.005726959,0.001284213,0.006806824,0.999959648
1713723971781651968.000000,-0.064577535,0.067689791,1.618844509,0.007404515,0.002187646,0.006745728,0.999947488
1713723971815012608.000000,-0.063224614,0.068518162,1.636453986,0.006049267,0.003136288,0.007494015,0.999948740
1713723971848373504.000000,-0.062648781,0.068963930,1.645559788,0.004888625,0.003546889,0.006331361,0.999961734
1713723971881734144.000000,-0.060314473,0.069702096,1.661999583,0.005482627,0.004705873,0.006865438,0.999950349
1713723971915094528.000000,-0.059426222,0.069202147,1.669580579,0.007834093,0.005550289,0.007154719,0.999928355
1713723971948455936.000000,-0.058427051,0.069593079,1.678500414,0.005750448,0.006562992,0.007680816,0.999932408
1713723971981816576.000000,-0.056773987,0.070774592,1.698553205,0.003747324,0.007333228,0.006341978,0.999946058
1713723972015177216.000000,-0.055805285,0.070199497,1.706922412,0.005351305,0.008444325,0.007027542,0.999925375
1713723972048537856.000000,-0.053661488,0.069922499,1.720927358,0.007491919,0.009293327,0.007983427,0.999896944
1713723972081896192.000000,-0.052837174,0.070805065,1.729869127,0.004547348,0.010104231,0.007486592,0.999910593
1713723972115254528.000000,-0.046266545,0.071916498,1.778153419,0.003604278,0.010509621,0.006790294,0.999915242
1713723972148612864.000000,-0.044993848,0.071364284,1.786183000,0.006285349,0.011352259,0.007866970,0.999884903
1713723972181971200.000000,-0.043948300,0.071504362,1.794357300,0.006717874,0.012054075,0.008060973,0.999872327
1713723972215329536.000000,-0.042282097,0.072830662,1.813509941,0.003803817,0.012724270,0.007501399,0.999883711
1713723972248687872.000000,-0.041230984,0.072992116,1.822060585,0.004945352,0.013613244,0.008135185,0.999862075
1713723972282045952.000000,-0.040033583,0.074017681,1.835072160,0.006910008,0.014359923,0.008290031,0.999838650
1713723972315404032.000000,-0.039047971,0.074188009,1.843497515,0.006612072,0.015140991,0.008486708,0.999827504
1713723972348762624.000000,-0.038354360,0.075125806,1.859955788,0.004271667,0.015998296,0.007642689,0.999833763
1713723972382120704.000000,-0.037467331,0.074853793,1.868488550,0.004880373,0.017101094,0.007495463,0.999813795
1713723972415478784.000000,-0.036573350,0.074217573,1.876005054,0.008097232,0.018010233,0.007630332,0.999775946
1713723972448837120.000000,-0.034289990,0.074903384,1.895632386,0.005435992,0.019075176,0.007330114,0.999776423
1713723972482195456.000000,-0.033531528,0.075629123,1.904871702,0.003954127,0.019673292,0.005751612,0.999782145
1713723972515553536.000000,-0.035871226,0.077372111,1.878025889,0.006504532,0.020856842,0.007153375,0.999735773
1713723972548911872.000000,-0.028211294,0.073764093,1.919386864,0.007110286,0.021931535,0.006220998,0.999714911
1713723972582269952.000000,-0.027455602,0.074945457,1.928514004,0.003950763,0.022699026,0.005162163,0.999721229
1713723972615628544.000000,-0.026505658,0.075711489,1.936965942,0.005021426,0.023643469,0.005463577,0.999692917
1713723972648986624.000000,-0.029566675,0.076341093,1.965038657,0.006810039,0.024405893,0.005453809,0.999664128
1713723972682344448.000000,-0.028536191,0.077432476,1.973312259,0.006904255,0.025476204,0.005617056,0.999635875
1713723972715702784.000000,-0.027898714,0.078359924,1.982603073,0.004618183,0.025864260,0.004364900,0.999645293
1713723972749061120.000000,-0.026983140,0.080999285,2.000423908,0.005935672,0.027185502,0.005311301,0.999598742
1713723972782419200.000000,-0.025888517,0.080927551,2.008547544,0.007618279,0.027733855,0.004589780,0.999575853
1713723972815777536.000000,-0.025032988,0.081647076,2.017227888,0.005982891,0.028749790,0.004695032,0.999557734
1713723972849135616.000000,-0.023711970,0.083575606,2.030833244,0.006180075,0.029243922,0.003783005,0.999546111
1713723972882494208.000000,-0.022587894,0.083690241,2.039280415,0.006279358,0.030369736,0.004334348,0.999509692
1713723972915852288.000000,-0.007677279,0.074845776,2.107487679,0.007062611,0.030494506,0.003805152,0.999502778
1713723972949210368.000000,-0.006457192,0.075596452,2.116196632,0.004917332,0.031595655,0.003976072,0.999480784
1713723972982568704.000000,-0.019735437,0.082478650,2.079630136,0.007061490,0.032746837,0.003292582,0.999433339
1713723973015927040.000000,-0.018527210,0.082905084,2.087783813,0.006747643,0.033688553,0.003689446,0.999402821
1713723973049285376.000000,-0.017741011,0.084036477,2.095540524,0.008139693,0.034392744,0.002937025,0.999370933
1713723973082642944.000000,-0.013369543,0.076131798,1.961634159,0.005878452,0.034953982,0.003771500,0.999364555
1713723973116000768.000000,-0.012649498,0.077574447,1.968951225,0.007642569,0.035621919,0.003445078,0.999330223
1713723973149358848.000000,-0.011395326,0.078415185,1.976872802,0.007162320,0.036384098,0.003795194,0.999305010
1713723973182715904.000000,-0.008006110,0.079429492,2.000983238,0.006817036,0.037215769,0.003644364,0.999277413
1713723973216073472.000000,-0.006798253,0.080365546,2.008983850,0.007285502,0.037786536,0.003355603,0.999253690
1713723973249431040.000000,-0.005695153,0.081643306,2.016646862,0.007346711,0.038790699,0.004171144,0.999211729
1713723973282788864.000000,-0.004772950,0.083533965,2.023875237,0.007550049,0.039352462,0.003103897,0.999192119
1713723973316146688.000000,-0.003637795,0.084914140,2.031527996,0.006870120,0.040323973,0.003758948,0.999155998
1713723973349504512.000000,0.016247511,0.083854340,2.282351255,0.008144321,0.040266953,0.003076471,0.999151111
1713723973382861824.000000,0.017171757,0.084445611,2.290601969,0.006325735,0.041428868,0.003709344,0.999114573
1713723973416219392.000000,0.017702643,0.085304439,2.299032688,0.006490143,0.042017601,0.002601874,0.999092400
1713723973449577216.000000,0.003376157,0.085706390,2.249616146,0.006835960,0.043256309,0.004056997,0.999032438
1713723973482934784.000000,0.004079714,0.086853325,2.256804943,0.008753898,0.043961443,0.003542450,0.998988628
1713723973516292608.000000,0.006439674,0.086859383,2.275424480,0.006365646,0.044537660,0.004252054,0.998978376
1713723973549649920.000000,0.007338475,0.087460198,2.283725262,0.006468702,0.044729572,0.004070119,0.998969972
1713723973583007488.000000,0.007643088,0.086938657,2.291845083,0.009094574,0.044259008,0.003575807,0.998972356
1713723973616365312.000000,0.012342719,0.090846546,2.365912199,0.008959872,0.043274201,0.004423419,0.999013305
1713723973649722880.000000,0.011564940,0.091800988,2.375246525,0.007056808,0.040989302,0.003548216,0.999128342
1713723973683080704.000000,0.022445790,0.089753084,2.403343678,0.007442365,0.038540285,0.003329953,0.999223828
1713723973716438016.000000,0.020901980,0.089515865,2.410707474,0.011243978,0.036138814,0.001933542,0.999281645
1713723973749795584.000000,0.018108051,0.090116605,2.383706093,0.010676694,0.033958942,0.002903121,0.999361992
1713723973783153408.000000,0.018531423,0.091842704,2.429186821,0.007774886,0.031138020,0.002501856,0.999481738
1713723973816510976.000000,0.017354030,0.092193834,2.437864542,0.008776193,0.028858889,0.002944901,0.999540687
1713723973849868288.000000,-0.003863464,0.095525585,2.455318213,0.011738676,0.027551327,0.003849922,0.999544144
1713723973883225856.000000,-0.004878199,0.096207634,2.465498686,0.009373050,0.025018495,0.004434231,0.999633253
1713723973916583424.000000,-0.006967842,0.097777382,2.479555130,0.008557106,0.022055250,0.003108119,0.999715388
1713723973949941504.000000,-0.007811827,0.097591601,2.489202738,0.009087780,0.020109640,0.004617831,0.999745846
1713723973983298816.000000,-0.009132728,0.096964791,2.497862101,0.011444724,0.017939905,0.003583407,0.999767125
1713723974016656128.000000,-0.004968065,0.098044939,2.528992653,0.008969634,0.016303955,0.004017197,0.999818802
1713723974050013952.000000,-0.005121522,0.098393574,2.539030075,0.008271863,0.015251836,0.003628497,0.999842942
1713723974083374080.000000,-0.004782733,0.097680099,2.548705578,0.008312730,0.014685852,0.004282675,0.999848485
1713723974116733696.000000,0.013438269,0.093282156,2.595809221,0.010576895,0.013136184,0.003812042,0.999850512
1713723974150094336.000000,0.013797739,0.093851238,2.605658770,0.007366743,0.012868576,0.004452682,0.999880195
1713723974183453952.000000,0.005290567,0.099150576,2.611763716,0.007636866,0.012510174,0.003913488,0.999884963
1713723974216814592.000000,0.005563398,0.098749377,2.620768070,0.008985233,0.012008725,0.004136872,0.999879003
1713723974250174208.000000,0.005943443,0.099042378,2.629662037,0.009933841,0.011704542,0.004918679,0.999870121
1713723974283534848.000000,0.006292308,0.098134547,2.650468588,0.007013548,0.010855659,0.004261720,0.999907494
1713723974316894464.000000,0.006417026,0.098823503,2.659885406,0.007334075,0.010564165,0.005220403,0.999903738
1713723974350254848.000000,0.004760291,0.098611109,2.675238609,0.008448538,0.010094091,0.004521113,0.999903202
1713723974383614720.000000,0.005178226,0.099213637,2.684520960,0.007818918,0.009757873,0.005684642,0.999905705
1713723974416975104.000000,0.005239577,0.100141548,2.694498777,0.005813703,0.008896177,0.005065747,0.999930739
1713723974450334976.000000,0.007899465,0.102151625,2.715307236,0.005671401,0.008452377,0.005749553,0.999931693
1713723974483695616.000000,0.008153612,0.101714350,2.724108696,0.008256706,0.007729908,0.005510093,0.999920905
1713723974517055488.000000,0.008364909,0.104348674,2.744531155,0.006439683,0.007519755,0.006864531,0.999927461
1713723974550415872.000000,0.008330516,0.105109729,2.754571676,0.004579689,0.006623659,0.005671844,0.999951482
1713723974583776000.000000,0.017348150,0.099610649,2.795025349,0.005401970,0.005764331,0.006628639,0.999946892
1713723974617136128.000000,0.017806746,0.099273033,2.803535700,0.008144906,0.005611967,0.007380752,0.999923885
1713723974650496256.000000,0.009653433,0.104988568,2.798147202,0.004362575,0.005889366,0.007342339,0.999946177
1713723974683856384.000000,0.009645323,0.105161674,2.808305979,0.003673551,0.005033173,0.006477122,0.999959648
1713723974717217024.000000,0.007776739,0.105564632,2.820002794,0.005647279,0.005174778,0.007812780,0.999940217
1713723974750577152.000000,0.008231878,0.105183996,2.829441309,0.006290550,0.004890458,0.007584107,0.999939501
1713723974783937536.000000,0.004463087,0.108542189,2.842303753,0.002665200,0.004847003,0.007079905,0.999959648
1713723974817297664.000000,0.004772093,0.108212307,2.852315187,0.002626679,0.004400216,0.006929976,0.999962926
1713723974850658304.000000,0.005325565,0.107198656,2.861192703,0.004687611,0.004148362,0.007564857,0.999951839
1713723974884018432.000000,0.012056828,0.107898481,2.900578976,0.003716768,0.003193385,0.007804610,0.999957561
1713723974917378560.000000,0.012208627,0.108119041,2.911455631,0.000178289,0.002467415,0.006543763,0.999975622
1713723974950739200.000000,0.012576560,0.107003480,2.921186209,0.001183974,0.002268170,0.006440620,0.999976039
1713723974984099328.000000,0.012874777,0.106957749,2.928668737,0.004959580,0.002215183,0.008195690,0.999951661
1713723975017459968.000000,0.010017604,0.108952694,2.958838701,0.001748610,0.002121003,0.006636511,0.999974251
1713723975050819840.000000,0.009716272,0.109209232,2.969328403,-0.000008352,0.001433902,0.005290364,0.999984980
1713723975084175104.000000,0.014412650,0.109586522,2.981200933,0.003411771,0.001445450,0.007642773,0.999963939
1713723975117530624.000000,0.014444402,0.109713577,2.990261793,0.003716647,0.000952576,0.007453242,0.999964952
1713723975150885632.000000,0.014065691,0.110281274,3.001117468,0.000495524,0.000603442,0.005667808,0.999983668
1713723975184240896.000000,0.009167972,0.110088699,3.024856567,0.001180906,0.000918396,0.005359304,0.999984562
1713723975217595904.000000,0.009405462,0.109382793,3.033535242,0.003984794,0.000738747,0.006107926,0.999973178
1713723975250950656.000000,0.009328277,0.109920189,3.043340921,0.001958676,0.000472581,0.005217239,0.999984384
1713723975284305920.000000,0.007596388,0.110958181,3.064765453,0.000512602,0.000129880,0.004278621,0.999990702
1713723975317660928.000000,0.007927157,0.110074185,3.073460340,0.002396098,0.000089591,0.004812264,0.999985635
1713723975351015680.000000,0.011268350,0.109066032,3.069524050,0.004635154,-0.000003103,0.005594445,0.999973595
1713723975384370688.000000,0.007897194,0.111318491,3.101934910,0.001328861,-0.000250588,0.004336400,0.999989748
1713723975417725440.000000,0.007988785,0.111446641,3.111341953,0.001739827,-0.000535594,0.003791772,0.999991179
1713723975451080448.000000,0.008564515,0.110789835,3.119235039,0.004736728,-0.000367059,0.005163468,0.999975443
1713723975484435200.000000,0.009455197,0.112507828,3.156061649,0.004829558,-0.000700487,0.004345520,0.999978662
1713723975517790208.000000,0.009412992,0.113060959,3.166041136,0.002162941,-0.001259579,0.003853306,0.999989450
1713723975551144960.000000,0.009470388,0.112711154,3.174930096,0.003653229,-0.001355952,0.004071783,0.999984145
1713723975584499968.000000,0.010225869,0.111985438,3.195058823,0.005994807,-0.001296389,0.004602338,0.999970675
1713723975617854720.000000,0.010258720,0.112309091,3.204489708,0.004333939,-0.001711561,0.004217429,0.999980330
1713723975651209472.000000,0.010022496,0.112697184,3.213997841,0.004342093,-0.002161996,0.003825303,0.999980927
1713723975684564480.000000,0.009850614,0.112715006,3.234743595,0.005522185,-0.002270042,0.004040050,0.999974072
1713723975717919232.000000,0.010065620,0.112740785,3.243444443,0.006848015,-0.002429355,0.004406612,0.999963939
1713723975751273984.000000,0.010110840,0.113027260,3.253311634,0.004901954,-0.002910590,0.004094339,0.999975443
1713723975784628992.000000,0.009112342,0.114750192,3.273942947,0.005281156,-0.003181616,0.004050269,0.999972820
1713723975817983744.000000,0.009441385,0.114052862,3.282821178,0.007321685,-0.003611465,0.004364796,0.999957204
1713723975851338496.000000,0.009723319,0.114135474,3.292428255,0.006005458,-0.003846451,0.004471904,0.999964595
1713723975884692992.000000,0.007506377,0.115072183,3.316245317,0.005584595,-0.004030032,0.003472467,0.999970317
1713723975918047744.000000,0.007932322,0.114839561,3.326012611,0.005599926,-0.003959133,0.004429112,0.999966741
1713723975951402496.000000,0.007917610,0.114243671,3.335356236,0.007058643,-0.004698394,0.003528144,0.999957919
1713723975984756992.000000,0.007878316,0.114437692,3.344533682,0.006304854,-0.004362825,0.004449518,0.999960780
1713723976018111232.000000,0.006605327,0.116185091,3.369016886,0.006291489,-0.005070292,0.002268377,0.999964833
1713723976051465728.000000,0.006766256,0.116115823,3.378782034,0.006294028,-0.005023061,0.003569315,0.999961257
1713723976084822784.000000,0.006412724,0.115158193,3.387531757,0.008222770,-0.005789605,0.001463868,0.999948442
1713723976118180352.000000,0.006192657,0.114395276,3.409513712,0.008987298,-0.005684312,0.002420454,0.999940574
1713723976151536896.000000,0.006062473,0.115168236,3.419961691,0.005490543,-0.006202497,0.002019341,0.999963701
1713723976184894208.000000,0.005532310,0.115499869,3.429891586,0.005343172,-0.006590482,0.001295680,0.999963164
1713723976218250752.000000,0.004307746,0.115678795,3.449583054,0.009786281,-0.006663167,0.002004593,0.999927938
1713723976251607552.000000,0.004222233,0.116800301,3.459110260,0.007333055,-0.007018892,0.002360346,0.999945760
1713723976284964864.000000,0.003545250,0.117825016,3.469407082,0.005106852,-0.007825761,0.000383093,0.999956310
1713723976318321408.000000,0.002122682,0.121771805,3.542484045,0.007672854,-0.008119499,0.001757357,0.999936044
1713723976351678720.000000,0.001652606,0.121814243,3.551189661,0.009932778,-0.008750159,0.001378050,0.999911487
1713723976385035520.000000,0.001147512,0.122755654,3.561761856,0.005505372,-0.009200873,0.001239198,0.999941826
1713723976418392320.000000,0.000102015,0.123885170,3.582034349,0.005822565,-0.009881623,0.000618409,0.999934077
1713723976451749376.000000,0.000239814,0.122909941,3.591772556,0.006899415,-0.010211282,0.002051086,0.999922037
1713723976485105920.000000,-0.000307498,0.123133793,3.601059437,0.007778435,-0.010665691,0.001324724,0.999911964
1713723976518463232.000000,-0.000944660,0.124453515,3.622588396,0.003948514,-0.010812235,0.002002402,0.999931812
1713723976551819776.000000,-0.001233287,0.124861278,3.632586479,0.003351994,-0.011357022,0.001644115,0.999928534
1713723976585176832.000000,-0.001240845,0.124116518,3.641475439,0.006556436,-0.011372763,0.001536135,0.999912679
1713723976618533376.000000,-0.001004152,0.124674872,3.650680304,0.005169759,-0.011296442,0.002666009,0.999919295
1713723976651889920.000000,-0.004113090,0.127118528,3.673358202,0.001624173,-0.011577180,0.001497951,0.999930620
1713723976685247488.000000,-0.003877572,0.126858205,3.683039427,0.002926363,-0.011324416,0.002529416,0.999928415
1713723976718604032.000000,-0.003863187,0.126411468,3.691758871,0.006414927,-0.011617712,0.002695240,0.999908388
1713723976751961088.000000,0.002182959,0.131144300,3.678870440,0.002142388,-0.012180759,0.003104479,0.999918759
1713723976785317376.000000,0.001893198,0.131484255,3.689025164,0.000887272,-0.012778806,0.002304584,0.999915302
1713723976818674688.000000,0.002094830,0.130463079,3.698133945,0.003083707,-0.012815396,0.003910178,0.999905527
1713723976852030976.000000,-0.002834413,0.131637335,3.755011559,0.003697204,-0.013006882,0.003965229,0.999900758
1713723976885387776.000000,-0.002996855,0.131957099,3.765728474,0.000086124,-0.013415551,0.003727726,0.999903083
1713723976918744576.000000,-0.003024147,0.131461278,3.775301218,0.000977463,-0.013485301,0.004260051,0.999899566
1713723976952101120.000000,-0.001299947,0.131545976,3.796191454,0.003677680,-0.014025797,0.005098088,0.999881983
1713723976985458176.000000,-0.001409031,0.132178485,3.805543661,0.001177035,-0.014175802,0.005225972,0.999885201
1713723977018814976.000000,-0.001781862,0.132672414,3.814979315,0.000858374,-0.014602929,0.004494660,0.999882936
1713723977052172032.000000,-0.002612509,0.139621422,3.896668196,0.001991693,-0.014222421,0.006094006,0.999878287
1713723977085533952.000000,-0.002933456,0.139629811,3.905869246,0.002560436,-0.014750473,0.005569607,0.999872446
1713723977118896128.000000,-0.003064037,0.139834106,3.915918589,0.000835617,-0.014716677,0.005850966,0.999874234
1713723977152258048.000000,-0.002726431,0.140236199,3.936570644,0.001947632,-0.014978254,0.005879947,0.999868691
1713723977185620224.000000,-0.002740283,0.140232846,3.945786953,0.002055588,-0.014925334,0.006946687,0.999862373
1713723977218982656.000000,-0.003169116,0.140542954,3.955351591,0.001318810,-0.015111687,0.005953026,0.999867320
1713723977252344576.000000,-0.002365741,0.140810952,3.964443207,0.001388652,-0.015217658,0.006405827,0.999862731
1713723977285707008.000000,-0.003623219,0.141787782,3.988773346,0.002206836,-0.014875418,0.006513576,0.999865770
1713723977319069696.000000,-0.003472065,0.142184392,3.998021603,0.001835504,-0.014934663,0.006380234,0.999866486
1713723977352431872.000000,-0.003462894,0.142429918,4.007497311,0.001403471,-0.015013666,0.006104957,0.999867678
1713723977385794048.000000,-0.004082896,0.143603772,4.028244972,0.001692482,-0.015027611,0.006116721,0.999867022
1713723977419156480.000000,-0.003898365,0.143583253,4.037364006,0.002057406,-0.015016423,0.006447292,0.999864399
1713723977452518656.000000,-0.003925400,0.143807650,4.046628952,0.001671907,-0.015312233,0.005917021,0.999863923
1713723977485881088.000000,-0.004159175,0.145577669,4.066480160,0.001749091,-0.015154665,0.006397317,0.999863207
1713723977519244032.000000,-0.004125769,0.145518735,4.075785637,0.001880889,-0.015395252,0.005608746,0.999864042
1713723977552606464.000000,-0.003683295,0.145664752,4.084957600,0.002526497,-0.015078713,0.007106322,0.999857903
1713723977585968384.000000,-0.000547675,0.144356579,4.023838520,0.001981529,-0.015520585,0.005805113,0.999860764
1713723977619331072.000000,-0.000512740,0.144688249,4.033266544,0.001683543,-0.015147335,0.006383610,0.999863565
1713723977652693504.000000,-0.000558582,0.144597784,4.042192936,0.003066479,-0.015380675,0.006223857,0.999857724
1713723977686056448.000000,-0.003601494,0.148935974,4.145224571,0.002410325,-0.015191782,0.006969295,0.999857485
1713723977719418880.000000,-0.003788180,0.149593189,4.154724121,0.001617913,-0.015447829,0.006199457,0.999860168
1713723977752781312.000000,-0.003705291,0.149451897,4.163847923,0.002781567,-0.015459299,0.006090671,0.999858081
1713723977786144000.000000,-0.005877487,0.150317073,4.187135696,0.003667583,-0.015038332,0.006676545,0.999857962
1713723977819506944.000000,-0.005939082,0.150848776,4.196925163,0.001842477,-0.015477192,0.005852971,0.999861479
1713723977852869632.000000,-0.005880533,0.151600540,4.206354618,0.002140156,-0.015264878,0.006371103,0.999860942
1713723977886232064.000000,-0.004536137,0.149705157,4.226386547,0.002960472,-0.015511787,0.005154494,0.999862015
1713723977919594752.000000,-0.004111447,0.149986312,4.235209465,0.003501028,-0.015119516,0.006184238,0.999860466
1713723977952957952.000000,-0.004100127,0.150503844,4.244822979,0.002064595,-0.015501312,0.004880504,0.999865830
1713723977986320384.000000,-0.002104803,0.151331216,4.209922791,0.001969694,-0.015185095,0.005377440,0.999868333
1713723978019683072.000000,-0.002007713,0.151198089,4.218338490,0.004437173,-0.015553572,0.005287720,0.999855280
1713723978053046272.000000,-0.001652628,0.151944637,4.227777481,0.002472576,-0.015472790,0.006216592,0.999857903
1713723978086400512.000000,-0.002562695,0.152131006,4.237673759,0.001980749,-0.015795358,0.004384758,0.999863684
1713723978119754752.000000,-0.002166805,0.153797016,4.260819912,0.002635312,-0.015487969,0.005571846,0.999861121
1713723978153109248.000000,-0.002373179,0.154056445,4.269538879,0.004271071,-0.015572090,0.004952573,0.999857426
1713723978186463488.000000,-0.002339435,0.154494181,4.279169559,0.002389203,-0.015419608,0.005310980,0.999864221
1713723978219818240.000000,-0.001958219,0.156436235,4.297751904,0.003068637,-0.015556158,0.004604902,0.999863684
1713723978253172992.000000,-0.001974001,0.156197131,4.306717873,0.003469961,-0.015348232,0.004761742,0.999864876
1713723978286527232.000000,-0.001991997,0.156434461,4.315237999,0.005244178,-0.014997646,0.005446583,0.999858975
1713723978319881728.000000,-0.000628020,0.158924937,4.335305214,0.002902842,-0.015291302,0.004797299,0.999867439
1713723978353235456.000000,-0.000813735,0.159322962,4.344550610,0.002830840,-0.015140915,0.004501703,0.999871254
1713723978386589696.000000,-0.000593879,0.158698454,4.352960110,0.005646320,-0.015001018,0.004721189,0.999860406
1713723978419943936.000000,-0.003077810,0.154672652,4.361452579,0.004616850,-0.014636105,0.005652675,0.999866247
1713723978453298688.000000,-0.003513830,0.155546784,4.371137142,0.002344025,-0.014867368,0.004412658,0.999877036
1713723978486652928.000000,-0.003680058,0.155510813,4.380011082,0.003551250,-0.014505691,0.004579434,0.999878049
1713723978520006656.000000,-0.003092343,0.156031877,4.387523174,0.006208431,-0.014118140,0.005491911,0.999866068
1713723978553360896.000000,0.000749164,0.161039099,4.424842834,0.004859516,-0.014649824,0.005213408,0.999867320
1713723978586714624.000000,0.000451464,0.161835298,4.434592724,0.003437663,-0.014982662,0.004328919,0.999872506
1713723978620069376.000000,0.000696606,0.161029592,4.443465710,0.005850475,-0.014820384,0.005511133,0.999857903
1713723978653423360.000000,0.001092698,0.162727803,4.450544834,0.007733356,-0.014664448,0.005910931,0.999845088
1713723978686777088.000000,-0.000167690,0.162588194,4.476411819,0.004362318,-0.014977415,0.004706086,0.999867260
1713723978720131072.000000,-0.000128005,0.163100481,4.485628128,0.005127648,-0.014990035,0.004693847,0.999863565
1713723978753485568.000000,0.000493768,0.162206739,4.494213581,0.008304544,-0.014726527,0.005705701,0.999840856
1713723978786839296.000000,-0.001904736,0.163993761,4.516710281,0.008079616,-0.014515774,0.005482170,0.999846995
1713723978820192768.000000,-0.002098856,0.164814502,4.527017593,0.004606325,-0.014720808,0.004097336,0.999872625
1713723978853546752.000000,-0.001977066,0.164310023,4.536089897,0.006383408,-0.014465771,0.004562902,0.999864638
1713723978886900992.000000,-0.005377059,0.156730413,4.552525520,0.008712599,-0.014034590,0.005002382,0.999851108
1713723978920254976.000000,-0.005513765,0.157472283,4.561994076,0.006553478,-0.014131445,0.003869673,0.999871194
1713723978953608448.000000,-0.005647169,0.157899842,4.572219372,0.004801130,-0.014335770,0.002937412,0.999881446
1713723978986962432.000000,-0.006288772,0.157121733,4.591970444,0.007071838,-0.014019835,0.004025774,0.999868631
1713723979020316160.000000,-0.006017915,0.157069460,4.600251198,0.009578309,-0.014076131,0.004222033,0.999846160
1713723979053652224.000000,-0.006116339,0.157963201,4.610507488,0.004978484,-0.014250130,0.002981494,0.999881625
1713723979087054592.000000,-0.003439027,0.163194969,4.636892319,0.006766834,-0.014485947,0.002806443,0.999868274
1713723979120456448.000000,-0.002787058,0.162073106,4.645500183,0.008660573,-0.014145241,0.004805110,0.999850988
1713723979153858816.000000,-0.002973720,0.162202552,4.654547215,0.008296036,-0.014495566,0.003231390,0.999855399
1713723979187261696.000000,-0.005029846,0.165006071,4.674715996,0.007248604,-0.013818290,0.003153457,0.999873281
1713723979220665088.000000,-0.005070829,0.164595976,4.683459282,0.008244666,-0.013555602,0.002937209,0.999869823
1713723979254068480.000000,-0.004730655,0.164265513,4.692216396,0.009231524,-0.013158921,0.003477096,0.999864817
1713723979287472128.000000,-0.007815895,0.164786577,4.714730740,0.008329479,-0.013161886,0.002621366,0.999875307
1713723979320875520.000000,-0.007770571,0.164767355,4.724070072,0.008163417,-0.012905186,0.002570504,0.999880195
1713723979354279680.000000,-0.007749814,0.164127842,4.732966423,0.008982674,-0.012766499,0.001950085,0.999876320
1713723979387684352.000000,-0.007110506,0.164228454,4.741727352,0.009698037,-0.012574311,0.002737437,0.999870241
1713723979421089536.000000,-0.005753406,0.165307775,4.765230179,0.008818190,-0.012777056,0.001447338,0.999878526
1713723979454494208.000000,-0.005757497,0.165398449,4.774703026,0.008902051,-0.012683432,0.001461535,0.999878883
1713723979487899648.000000,-0.005847893,0.165115863,4.783803940,0.010081781,-0.012683646,0.000773766,0.999868512
1713723979521304832.000000,-0.006723829,0.166291535,4.804719448,0.009524710,-0.012195673,0.001616075,0.999879062
1713723979554710528.000000,-0.006814956,0.166293845,4.814093590,0.009728614,-0.012472073,0.000860729,0.999874532
1713723979588117248.000000,-0.006637419,0.166023731,4.823752880,0.008969260,-0.012516325,0.001039830,0.999880970
1713723979621523712.000000,-0.007213615,0.165422201,4.833368778,0.009555429,-0.012313004,0.000866695,0.999878228
1713723979654930176.000000,-0.006694758,0.166799128,4.857927799,0.009586768,-0.012552018,0.001173784,0.999874651
1713723979688337152.000000,-0.006912060,0.166735470,4.867641926,0.008829797,-0.012651762,0.001032724,0.999880552
1713723979721744384.000000,-0.007149272,0.165990278,4.877197742,0.009723558,-0.012810430,0.000085921,0.999870718
1713723979755151872.000000,-0.011072260,0.170305997,4.929936886,0.010193372,-0.012366811,0.001927309,0.999869704
1713723979788559616.000000,-0.011283289,0.170212701,4.939802170,0.008865383,-0.012991463,0.000803634,0.999876022
1713723979821967872.000000,-0.011382441,0.169986531,4.949655056,0.008358194,-0.012865206,0.001132898,0.999881744
1713723979855376128.000000,-0.011607614,0.170154765,4.970510006,0.009725084,-0.012899731,0.000394265,0.999869466
1713723979888784640.000000,-0.011334226,0.169753939,4.979891777,0.009487280,-0.012675568,0.000974019,0.999874175
1713723979922193408.000000,-0.011386503,0.169997916,4.989403725,0.009506498,-0.012868839,0.000533916,0.999871910
1713723979955603200.000000,-0.011560925,0.170445889,5.008859158,0.009516961,-0.012952183,-0.000029898,0.999870896
1713723979989012224.000000,-0.011551007,0.170352936,5.018139362,0.009819600,-0.012768062,0.000681486,0.999870062
1713723980022421760.000000,-0.011749269,0.170212194,5.027474880,0.010027931,-0.013006632,0.000034773,0.999865174
1713723980055855872.000000,-0.011885113,0.169961214,5.036750793,0.008826007,-0.012773088,0.000807444,0.999879241
1713723980089206016.000000,-0.008513759,0.170001566,5.027303219,0.009639194,-0.013588658,-0.000245593,0.999861181
1713723980122555904.000000,-0.008293986,0.169943452,5.036722660,0.009226848,-0.013180707,0.001018899,0.999870121
1713723980155906048.000000,-0.008523561,0.170441285,5.045622826,0.010455752,-0.013652865,0.000377962,0.999852121
1713723980189255936.000000,-0.015152692,0.174878001,5.086973190,0.009010494,-0.012881286,0.000450927,0.999876380
1713723980222605824.000000,-0.015396219,0.175882608,5.096097469,0.009773537,-0.012977377,-0.000427233,0.999868035
1713723980255955200.000000,-0.014786462,0.176334023,5.105488777,0.009903640,-0.012707246,0.001223886,0.999869466
1713723980289305088.000000,-0.009137963,0.172914520,5.106747150,0.009159166,-0.013540163,0.000601544,0.999866188
1713723980322654720.000000,-0.009202694,0.173764631,5.116484642,0.007508609,-0.013736386,-0.000049334,0.999877453
1713723980356004352.000000,-0.009018100,0.174907282,5.125247955,0.008870308,-0.013433565,0.000761213,0.999870181
1713723980389353984.000000,-0.011135326,0.175673172,5.180274010,0.007844816,-0.013512166,0.000970602,0.999877512
1713723980422703616.000000,-0.011294013,0.177491084,5.189492226,0.007222320,-0.013446443,0.000796329,0.999883294
1713723980456052736.000000,-0.011356342,0.178284407,5.198785305,0.007905955,-0.013415227,-0.000510597,0.999878705
1713723980489402368.000000,-0.011862563,0.178255841,5.221580505,0.007530320,-0.012669753,0.001250034,0.999890685
1713723980522751232.000000,-0.011917057,0.179637820,5.230996609,0.006938055,-0.012964772,0.000352617,0.999891818
1713723980556100608.000000,-0.012050287,0.180974722,5.240452766,0.005953251,-0.012777127,0.001077190,0.999900103
1713723980589449984.000000,-0.017121937,0.177821338,5.252712727,0.007508830,-0.012346637,-0.000161868,0.999895573
1713723980622798592.000000,-0.016565289,0.179354444,5.261615753,0.006882347,-0.011791032,0.001587237,0.999905586
1713723980656147712.000000,-0.016789572,0.180947497,5.271084785,0.005655107,-0.012249238,0.000165865,0.999909043
1713723980689496832.000000,-0.016535034,0.181210726,5.280889034,0.005580437,-0.012190674,0.000521787,0.999910057
1713723980722845440.000000,-0.015867816,0.180660501,5.313811302,0.008483333,-0.012323482,0.000788338,0.999887824
1713723980756194048.000000,-0.015575258,0.182213992,5.323185921,0.005732426,-0.012231423,0.001609934,0.999907494
1713723980789542912.000000,-0.015668638,0.183107942,5.333775520,0.003365876,-0.012781203,-0.000281514,0.999912620
1713723980822892032.000000,-0.017221315,0.180910051,5.357892513,0.005780190,-0.012390027,0.000796526,0.999906242
1713723980856240384.000000,-0.016586822,0.181395859,5.366159916,0.007964709,-0.012363157,0.001554494,0.999890685
1713723980889588480.000000,-0.016496077,0.182707727,5.376392365,0.003687720,-0.012652729,0.000798321,0.999912918
1713723980922936832.000000,-0.021097714,0.187470958,5.479841709,0.004195221,-0.012315597,0.000349831,0.999915302
1713723980956285440.000000,-0.020456931,0.186983332,5.488431454,0.006553438,-0.012232539,0.001978056,0.999901831
1713723980989633792.000000,-0.020224812,0.187750533,5.497325420,0.006162085,-0.012473584,0.001603797,0.999901950
1713723981022981888.000000,-0.020153029,0.188720331,5.507363796,0.003065504,-0.012318334,0.000926481,0.999918997
1713723981056332032.000000,-0.020775801,0.189581662,5.531476974,0.004250397,-0.012261857,0.001348253,0.999914944
1713723981089682176.000000,-0.020249378,0.189475030,5.540135384,0.006165543,-0.012112837,0.002176236,0.999905288
1713723981123031808.000000,-0.020250060,0.190368488,5.549655437,0.004122275,-0.012184422,0.001365665,0.999916375
1713723981156381952.000000,-0.020419177,0.191376224,5.570738792,0.003328426,-0.012158936,0.001194670,0.999919832
1713723981189731072.000000,-0.020250030,0.191006958,5.579714298,0.003983478,-0.012082540,0.001435697,0.999918103
1713723981223081216.000000,-0.019742634,0.191216826,5.588327408,0.005806368,-0.011735563,0.002234861,0.999911845
1713723981256430336.000000,-0.020880891,0.192018345,5.608430386,0.002883583,-0.011752812,0.001516553,0.999925673
1713723981289780224.000000,-0.020959133,0.192394748,5.617731094,0.002432171,-0.011714113,0.000483943,0.999928355
1713723981323129344.000000,-0.020285284,0.191752166,5.626132011,0.005220924,-0.011220952,0.001984084,0.999921501
1713723981356478976.000000,-0.020725615,0.192647427,5.634924412,0.004958662,-0.010906015,0.001800022,0.999926686
1713723981389827840.000000,-0.016065661,0.193303436,5.583733082,0.002194452,-0.011634286,0.000659560,0.999929726
1713723981423177216.000000,-0.016264196,0.193419009,5.592893600,0.003379692,-0.011421665,0.000494569,0.999928951
1713723981456526592.000000,-0.015793620,0.193123221,5.601660252,0.006259420,-0.010981918,0.001348000,0.999919236
1713723981489875456.000000,-0.015659085,0.193890318,5.610387802,0.003360690,-0.010919861,0.000586895,0.999934554
1713723981523224320.000000,-0.019355627,0.199623019,5.617328167,0.003327085,-0.010770475,-0.000621844,0.999936342
1713723981556573696.000000,-0.019036489,0.199402899,5.626329899,0.004737223,-0.010360776,0.000414463,0.999935091
1713723981589922304.000000,-0.019087426,0.199883610,5.635313988,0.005790898,-0.010567418,0.000005698,0.999927461
1713723981623270912.000000,-0.017466657,0.198852077,5.680465698,0.002446589,-0.010866567,-0.000089765,0.999937952
1713723981656619776.000000,-0.017843336,0.199299857,5.689832211,0.002362230,-0.010913443,-0.000689493,0.999937415
1713723981689968896.000000,-0.017849425,0.198792562,5.698598862,0.004739985,-0.010689520,-0.000540180,0.999931514
1713723981723317504.000000,-0.015265143,0.198021740,5.711477280,0.004472820,-0.010919056,-0.000153912,0.999930382
1713723981756665600.000000,-0.016044317,0.199169472,5.721964836,0.000808770,-0.011251720,-0.002202642,0.999934018
1713723981790014208.000000,-0.016215404,0.198979661,5.731271744,0.002942280,-0.011098385,-0.001451777,0.999933004
1713723981823362560.000000,-0.016200878,0.199493170,5.738816738,0.004877285,-0.010985088,-0.000541779,0.999927640
1713723981856710912.000000,-0.017553279,0.201866567,5.765190601,0.001829155,-0.011322453,-0.002020323,0.999932230
1713723981890059264.000000,-0.017953759,0.202103153,5.775106907,0.002188939,-0.011383115,-0.001734422,0.999931395
1713723981923407872.000000,-0.018241582,0.201224789,5.784090519,0.004551818,-0.011343892,-0.001558692,0.999924123
1713723981956755968.000000,-0.018789073,0.203059569,5.806581974,0.003900986,-0.011079264,-0.001171673,0.999930382
1713723981990103808.000000,-0.019137984,0.203774855,5.816618919,0.001683950,-0.011301534,-0.002470990,0.999931693
1713723982023452160.000000,-0.019093141,0.203675762,5.826283932,0.002701916,-0.011016328,-0.001553242,0.999934494
1713723982056816640.000000,-0.020444259,0.205218360,5.857364178,0.005522367,-0.010969133,-0.002021194,0.999922574
1713723982090167040.000000,-0.020381222,0.205760613,5.867085457,0.002980841,-0.010809220,-0.001606408,0.999935925
1713723982123517440.000000,-0.020660447,0.206564605,5.876955032,0.002669236,-0.010967662,-0.002549119,0.999933124
1713723982156868096.000000,-0.020896845,0.203377679,5.887102127,0.003910613,-0.011267751,-0.002567217,0.999925613
1713723982190218752.000000,-0.021001276,0.203411639,5.895962238,0.005783791,-0.011231893,-0.002163981,0.999917865
1713723982223569152.000000,-0.021031223,0.203660175,5.906508923,0.002201475,-0.011407817,-0.002409309,0.999929667
1713723982256919296.000000,-0.022089768,0.203991354,5.926115036,0.002333968,-0.011577134,-0.002483599,0.999927163
1713723982290269952.000000,-0.022503981,0.203376070,5.934602737,0.006203516,-0.011695110,-0.002521773,0.999909222
1713723982323619840.000000,-0.022583952,0.204464838,5.943900108,0.004685299,-0.011597586,-0.002009626,0.999919772
1713723982356969984.000000,-0.023164604,0.207442686,5.981395245,0.001982294,-0.011993584,-0.002981347,0.999921739
1713723982390320384.000000,-0.022886932,0.207502484,5.990347385,0.003172406,-0.011669741,-0.002319608,0.999924242
1713723982423670016.000000,-0.022841996,0.207781300,5.998306751,0.007036710,-0.011706278,-0.002642249,0.999903262
1713723982457020160.000000,-0.022506470,0.209404558,6.008184910,0.003187767,-0.011598663,-0.002196264,0.999925315
1713723982490369792.000000,-0.023002282,0.207696751,6.014975071,0.002809667,-0.011745470,-0.002822070,0.999923110
1713723982523719680.000000,-0.022633554,0.207363561,6.023690224,0.004842612,-0.011617070,-0.002293858,0.999918163
1713723982557069824.000000,-0.022589369,0.208821774,6.031337261,0.008321918,-0.011436471,-0.002808206,0.999896049
1713723982590419200.000000,-0.021164002,0.208037391,6.051776886,0.003217401,-0.011637836,-0.002578250,0.999923825
1713723982623769088.000000,-0.021304978,0.209435761,6.060714722,0.003525247,-0.011887917,-0.003443045,0.999917209
1713723982657118208.000000,-0.020974634,0.209543973,6.068795681,0.006414723,-0.011490245,-0.001975533,0.999911487
1713723982690467840.000000,-0.020847227,0.209994972,6.090536594,0.005792375,-0.011588193,-0.003067511,0.999911427
1713723982723817472.000000,-0.020737093,0.211600900,6.099905014,0.003581394,-0.011536743,-0.003269695,0.999921739
1713723982757166848.000000,-0.020500833,0.212001458,6.108628750,0.004862210,-0.011531166,-0.002788185,0.999917805
1713723982790516224.000000,-0.020175934,0.213196576,6.114923477,0.007239357,-0.011719078,-0.003412808,0.999899387
1713723982823865088.000000,-0.024764478,0.211833119,6.167012215,0.004499077,-0.011219683,-0.003128044,0.999922097
1713723982857214720.000000,-0.024818096,0.212846220,6.176393509,0.003215111,-0.011677506,-0.004135326,0.999918103
1713723982890563840.000000,-0.024429992,0.211738676,6.185053349,0.005181741,-0.011910210,-0.003623302,0.999909163
1713723982923912448.000000,-0.020519705,0.212945387,6.090960503,0.008902872,-0.012049965,-0.002781885,0.999883890
1713723982957261568.000000,-0.025268218,0.214490682,6.217885494,0.003269606,-0.011722536,-0.003577854,0.999919593
1713723982990610944.000000,-0.025266357,0.214993462,6.227308750,0.004293871,-0.012114560,-0.003533250,0.999911249
1713723983023959040.000000,-0.024658516,0.214430079,6.236286640,0.005939111,-0.012036063,-0.001449087,0.999908924
1713723983057307136.000000,-0.025101433,0.215878218,6.256879330,0.004721179,-0.012422325,-0.002943004,0.999907374
1713723983090659072.000000,-0.025046784,0.216624185,6.266963959,0.002785533,-0.012540962,-0.002479446,0.999914467
1713723983124011008.000000,-0.025130134,0.216375068,6.276253700,0.003591287,-0.012584572,-0.002256037,0.999911904
1713723983157362688.000000,-0.025614548,0.217259139,6.294066429,0.005795852,-0.013008451,-0.001552912,0.999897420
1713723983190714880.000000,-0.025506789,0.217564031,6.303708076,0.003142263,-0.013246322,-0.001598225,0.999906063
1713723983224066816.000000,-0.025710886,0.217660189,6.312415600,0.004868577,-0.013558608,-0.002332195,0.999893546
1713723983257418496.000000,-0.025766082,0.217904150,6.321608543,0.004641668,-0.013001485,0.000035323,0.999904752
1713723983290770176.000000,-0.027651964,0.219115958,6.354754448,0.004760203,-0.013227929,-0.000998628,0.999900758
1713723983324121600.000000,-0.027659900,0.219054669,6.364264965,0.003786887,-0.013280611,-0.001378860,0.999903738
1713723983357473024.000000,-0.027302861,0.218862936,6.372585773,0.006875185,-0.012814809,-0.000399529,0.999894261
1713723983390824704.000000,-0.026815619,0.219655231,6.400819778,0.004685388,-0.012835177,0.000289802,0.999906600
1713723983424175872.000000,-0.027284659,0.220387399,6.409773350,0.004546727,-0.013012101,-0.000671716,0.999904811
1713723983457527552.000000,-0.027227722,0.220114619,6.418461800,0.005482400,-0.012825936,-0.000133006,0.999902785
1713723983490878976.000000,-0.027409727,0.218630806,6.431605816,0.007619078,-0.012751765,0.001146020,0.999889076
1713723983524230400.000000,-0.027423998,0.219496563,6.440692425,0.005229105,-0.012618655,0.001274636,0.999905944
1713723983557581824.000000,-0.027860323,0.220043018,6.449937344,0.004388474,-0.012774502,0.000237931,0.999908745
1713723983590932992.000000,-0.027143849,0.219251111,6.488471985,0.007465036,-0.012594917,0.001159425,0.999892175
1713723983624284416.000000,-0.026816949,0.219579652,6.496525288,0.009187073,-0.012397776,0.002489944,0.999877870
1713723983657635584.000000,-0.027326601,0.220608577,6.506526470,0.005189317,-0.012666605,0.000838295,0.999905944
1713723983690986752.000000,-0.028100157,0.223700300,6.538208961,0.006196657,-0.012497372,0.000908403,0.999902308
1713723983724338176.000000,-0.027832855,0.223160684,6.546224117,0.009228139,-0.012190681,0.002394068,0.999880314
1713723983757689600.000000,-0.027948309,0.223345637,6.555068493,0.008524799,-0.012334206,0.001461474,0.999886572
1713723983791040512.000000,-0.028611124,0.223880574,6.565837383,0.006151602,-0.012126352,0.000857066,0.999907196
1713723983824391680.000000,-0.028500604,0.222771809,6.574388504,0.007909942,-0.012056289,0.001374495,0.999895096
1713723983857742848.000000,-0.028012013,0.222510993,6.582462311,0.010920033,-0.011873724,0.002276520,0.999867320
1713723983891093248.000000,-0.028046776,0.223697647,6.592434406,0.007720239,-0.011916827,0.000570001,0.999899030
1713723983924444416.000000,-0.027824236,0.220185101,6.580838203,0.007521577,-0.012029251,0.000213031,0.999899387
1713723983957795072.000000,-0.028513135,0.224287823,6.654903412,0.009614137,-0.011301038,0.001515085,0.999888837
1713723983991145984.000000,-0.027108274,0.223721310,6.619725227,0.010455684,-0.011427484,0.000683305,0.999879837
1713723984024496640.000000,-0.027047087,0.225605875,6.633955956,0.008862059,-0.011123264,0.000746380,0.999898672
1713723984057847808.000000,-0.027027845,0.225390911,6.644024372,0.009067343,-0.011102231,0.000307255,0.999897301
1713723984091198976.000000,-0.026725788,0.224590853,6.654056549,0.010407053,-0.010910279,0.000391763,0.999886274
1713723984124550144.000000,-0.029328769,0.222844705,6.718335152,0.009750069,-0.010485776,0.000071331,0.999897540
1713723984157900800.000000,-0.029757358,0.222968966,6.731655598,0.008495758,-0.010712461,-0.000835461,0.999906242
1713723984191251712.000000,-0.029892741,0.227325305,6.763207436,0.010381687,-0.010471744,-0.000458416,0.999891222
1713723984224602624.000000,-0.030240329,0.227771834,6.775375843,0.011689589,-0.010412691,-0.001293356,0.999876618
1713723984257953536.000000,-0.030446548,0.228115514,6.788850784,0.009730775,-0.010422028,-0.001734758,0.999896884
1713723984291304704.000000,-0.029832246,0.229450628,6.809213638,0.011772431,-0.010756921,-0.001369844,0.999871969
1713723984324655616.000000,-0.029913254,0.229062915,6.822659492,0.010806347,-0.010892081,-0.001293571,0.999881506
1713723984358005760.000000,-0.030275477,0.229420081,6.835951328,0.010433720,-0.010754065,-0.001856723,0.999886096
1713723984391356672.000000,-0.031950314,0.227061033,6.803471565,0.011999766,-0.010992500,-0.001972248,0.999865651
1713723984424707072.000000,-0.032097690,0.227490097,6.816488743,0.011763500,-0.011035127,-0.001592093,0.999868691
1713723984458058240.000000,-0.032304741,0.228160769,6.830430508,0.010123323,-0.011333299,-0.002282955,0.999881983
1713723984491408640.000000,-0.032761302,0.228429899,6.850134850,0.009901280,-0.011106270,-0.001784435,0.999887764
1713723984524758784.000000,-0.033152726,0.228060648,6.862924099,0.012707998,-0.011679165,-0.002645819,0.999847591
1713723984558109184.000000,-0.033055495,0.228866532,6.876584053,0.010637935,-0.011553247,-0.001998299,0.999874711
1713723984591460096.000000,-0.032537423,0.229826033,6.885823727,0.009908492,-0.011808296,-0.002554049,0.999877930
1713723984624809984.000000,-0.033334557,0.230198622,6.912320614,0.009794426,-0.011346285,-0.002051007,0.999885619
1713723984658160128.000000,-0.033557683,0.230877221,6.924927711,0.012134389,-0.011418802,-0.002695288,0.999857545
1713723984691510784.000000,-0.033471543,0.232146800,6.938777924,0.009359982,-0.011078300,-0.002300835,0.999892235
1713723984724860672.000000,-0.033688851,0.232373148,6.945691109,0.008824421,-0.011410558,-0.002902943,0.999891818
1713723984758210560.000000,-0.034850694,0.232752010,6.974283695,0.010266866,-0.011236398,-0.002617909,0.999880791
1713723984791561216.000000,-0.035114553,0.233551025,6.987091064,0.011586191,-0.011222159,-0.003276989,0.999864578
1713723984824910848.000000,-0.035674460,0.235107273,7.001504898,0.008110107,-0.011147402,-0.003166725,0.999900043
1713723984858260992.000000,-0.037701730,0.234637514,7.003527641,0.007543707,-0.011140790,-0.003673584,0.999902785
1713723984891610624.000000,-0.037833337,0.234029591,7.016067028,0.011405895,-0.011353791,-0.003470464,0.999864459
1713723984924960256.000000,-0.037860397,0.235066146,7.029465199,0.010860661,-0.011120099,-0.003013286,0.999874651
1713723984958310656.000000,-0.035781454,0.236874416,7.057572365,0.006704152,-0.011667592,-0.003527161,0.999903262
1713723984991659776.000000,-0.036322843,0.237427428,7.082614899,0.008518807,-0.011634634,-0.002606253,0.999892652
1713723985025010176.000000,-0.036563970,0.237241536,7.094649792,0.011515986,-0.011775419,-0.002364339,0.999861598
1713723985058359808.000000,-0.036781203,0.238962620,7.108836174,0.007801842,-0.011711504,-0.002464331,0.999897957
1713723985091710208.000000,-0.038107708,0.238950282,7.124057770,0.006591661,-0.011970950,-0.003004924,0.999902189
1713723985125060352.000000,-0.038493253,0.234720439,7.112306595,0.008552018,-0.011928145,-0.002748266,0.999888599
1713723985158409728.000000,-0.039029203,0.235486910,7.124557018,0.010547657,-0.011864537,-0.002646603,0.999870539
1713723985191760384.000000,-0.039223488,0.237370893,7.139330864,0.005415634,-0.011867987,-0.002678308,0.999911368
1713723985225109760.000000,-0.040131867,0.236670956,7.154439926,0.005100512,-0.012021529,-0.002838986,0.999910772
1713723985258460160.000000,-0.038243081,0.236889318,7.172737598,0.008453215,-0.012238210,-0.001609517,0.999888122
1713723985291809280.000000,-0.038588922,0.238306910,7.185717106,0.007393143,-0.012241929,-0.001824510,0.999896109
1713723985325159424.000000,-0.039050829,0.238481373,7.200844765,0.003676413,-0.012503811,-0.002676213,0.999911487
1713723985358508800.000000,-0.039967168,0.240022451,7.214111805,0.005527182,-0.012224677,-0.001425781,0.999908984
1713723985391858432.000000,-0.038741469,0.240424082,7.232524395,0.008737674,-0.012641224,-0.001651650,0.999880552
1713723985425207808.000000,-0.038966373,0.242412865,7.246326923,0.005596926,-0.012576364,-0.001191345,0.999904573
1713723985458557440.000000,-0.039155427,0.243753433,7.260912895,0.003699980,-0.012717741,-0.001936922,0.999910474
1713723985491906304.000000,-0.039456155,0.243654013,7.272531986,0.007090514,-0.012711566,-0.001352789,0.999893188
1713723985525256192.000000,-0.036855653,0.243390173,7.268239021,0.009121636,-0.012916538,-0.001095820,0.999874413
1713723985558605312.000000,-0.037152369,0.245034203,7.283216476,0.003692247,-0.013151214,-0.001470966,0.999905646
1713723985591953920.000000,-0.037038974,0.244991556,7.297340393,0.004548282,-0.013318845,-0.001229918,0.999900281
1713723985625303552.000000,-0.037043065,0.245359480,7.308909416,0.007536254,-0.013317509,-0.000503635,0.999882817
1713723985658652672.000000,-0.037062753,0.247084334,7.329399586,0.006627787,-0.013408443,-0.001281944,0.999887407
1713723985692001024.000000,-0.036978565,0.247696623,7.344044209,0.004360642,-0.013390793,-0.000963393,0.999900401
1713723985725350144.000000,-0.036755085,0.246740744,7.357840061,0.005212463,-0.013262634,-0.000542753,0.999898314
1713723985758699264.000000,-0.036763653,0.247389838,7.370584011,0.007199655,-0.013479389,-0.000559778,0.999883115
1713723985792047616.000000,-0.038425099,0.247422799,7.379580498,0.004885631,-0.013027057,-0.000100472,0.999903262
1713723985825396480.000000,-0.038101006,0.247919351,7.394272327,0.003531105,-0.013031076,-0.000677388,0.999908626
1713723985858745088.000000,-0.037739679,0.246305496,7.407790184,0.005495095,-0.012736626,-0.000773686,0.999903500
1713723985892093952.000000,-0.036434524,0.246444941,7.420330048,0.008121824,-0.011924441,-0.000086160,0.999895990
1713723985925442560.000000,-0.035205714,0.248349383,7.443197250,0.002903103,-0.011418606,0.000127606,0.999930620
1713723985958790656.000000,-0.034500513,0.248791069,7.457316399,0.003327647,-0.010823796,0.000004534,0.999935925
1713723985992113408.000000,-0.033316508,0.248405620,7.470049858,0.006352377,-0.009979075,0.001593311,0.999928832
1713723986025474304.000000,-0.031982385,0.249606043,7.483875751,0.003529993,-0.009643663,0.000380963,0.999947250
1713723986058835456.000000,-0.031970613,0.251092434,7.506337643,0.002202479,-0.008924347,0.000778854,0.999957502
1713723986092196608.000000,-0.030656993,0.250409186,7.519903183,0.003598822,-0.008162501,0.001798729,0.999958575
1713723986125558016.000000,-0.030250048,0.250859290,7.532521248,0.005492509,-0.007668092,0.001359219,0.999954641
1713723986158919680.000000,-0.028948672,0.251221746,7.546936989,0.001594133,-0.007019831,0.001838214,0.999972463
1713723986192280832.000000,-0.028683404,0.253205448,7.568815231,0.001378243,-0.006345313,0.001443221,0.999977946
1713723986225642496.000000,-0.027686253,0.252578169,7.581604481,0.003959306,-0.005635743,0.002371630,0.999973476
1713723986259003392.000000,-0.027163843,0.253592938,7.594765186,0.002941912,-0.005248512,0.002576727,0.999978662
1713723986292364800.000000,-0.026595622,0.254061043,7.609670639,0.000765127,-0.005300538,0.001867233,0.999983966
1713723986325725952.000000,-0.026341967,0.255121082,7.629713058,0.001784215,-0.004998634,0.002689425,0.999982357
1713723986359087616.000000,-0.026174741,0.255526721,7.641987801,0.004080502,-0.005214509,0.002660271,0.999974608
1713723986392449024.000000,-0.025965191,0.256801784,7.655707836,0.001491633,-0.005056191,0.003227636,0.999980927
1713723986425810688.000000,-0.025897333,0.257556438,7.669770241,0.001181522,-0.004912643,0.002674647,0.999983668
1713723986459172352.000000,-0.025451606,0.256881416,7.688507080,0.002859687,-0.004963446,0.003268899,0.999978304
1713723986492534016.000000,-0.025107805,0.257663667,7.701168537,0.003359197,-0.004681622,0.004143857,0.999974847
1713723986525895680.000000,-0.025095409,0.258587360,7.715061665,0.000779682,-0.004867265,0.003312939,0.999982417
1713723986559257088.000000,-0.024606496,0.259244442,7.728537560,0.001210349,-0.004384603,0.004307496,0.999980450
1713723986592619008.000000,-0.027538326,0.257599503,7.706330299,0.003029224,-0.004477766,0.003646487,0.999978781
1713723986625980416.000000,-0.027270004,0.258574456,7.719461918,0.001961876,-0.004205267,0.004399471,0.999979556
1713723986659341824.000000,-0.027031614,0.259942502,7.733024120,0.000949358,-0.004381350,0.003651898,0.999983311
1713723986692704000.000000,-0.026773732,0.260376334,7.746181965,0.001214929,-0.004113297,0.004739657,0.999979556
1713723986726065408.000000,-0.024813836,0.263531774,7.806420326,0.002596686,-0.004438745,0.004037233,0.999978602
1713723986759427584.000000,-0.024433233,0.264482558,7.819692612,0.001344202,-0.004196066,0.005221328,0.999976695
1713723986792788736.000000,-0.024475779,0.265515625,7.833242416,0.000657972,-0.004384109,0.004267396,0.999981105
1713723986826150656.000000,-0.023725927,0.265301049,7.846064568,0.001435179,-0.003907376,0.005056864,0.999978542
1713723986859513088.000000,-0.022765622,0.268251508,7.867919445,0.002618572,-0.003762093,0.004916071,0.999977410
1713723986892874752.000000,-0.022817643,0.269094229,7.881555080,0.000414111,-0.003648477,0.004673255,0.999982417
1713723986926236672.000000,-0.022798980,0.269420236,7.894731998,0.000581820,-0.003639078,0.004667553,0.999982357
1713723986959598592.000000,-0.022924973,0.269456744,7.907546043,0.001899310,-0.003511000,0.004757207,0.999980748
1713723986992960512.000000,-0.024661854,0.266831398,7.883853912,0.001240770,-0.003319890,0.004577202,0.999983311
1713723987026322688.000000,-0.024478270,0.267239004,7.897461891,0.000590710,-0.003221024,0.004485757,0.999984622
1713723987059685888.000000,-0.024308426,0.267311215,7.910948753,0.001147102,-0.002973586,0.004873090,0.999983072
1713723987093038080.000000,-0.023164786,0.270717472,7.959605694,0.001899914,-0.002947331,0.004624725,0.999983191
1713723987126390528.000000,-0.025715085,0.269811332,7.948260307,0.001057347,-0.002635350,0.004743737,0.999984741
1713723987159742464.000000,-0.025821103,0.269996405,7.961675167,0.000713648,-0.002427818,0.004504448,0.999986708
1713723987193093888.000000,-0.025746016,0.269899130,7.974535942,0.001940915,-0.002103191,0.004663701,0.999985039
1713723987226446080.000000,-0.025112161,0.270232767,7.987880230,0.001576236,-0.001659909,0.005309624,0.999983311
1713723987259797760.000000,-0.021198500,0.270612448,8.002918243,0.000964207,-0.001465865,0.004949859,0.999986291
1713723987293149696.000000,-0.020577731,0.270621181,8.016345024,0.001126396,-0.000817170,0.005191977,0.999985635
1713723987326501376.000000,-0.020119356,0.270867258,8.029042244,0.002190654,-0.000304014,0.005369542,0.999983191
1713723987359853312.000000,-0.023445658,0.272626668,8.041762352,0.001203249,0.000039809,0.005151317,0.999986053
1713723987393205248.000000,-0.019671150,0.273212045,8.063354492,0.000810163,0.000758745,0.004980496,0.999987006
1713723987426556672.000000,-0.018970748,0.273118407,8.076437950,0.001782401,0.001342229,0.004922563,0.999985456
1713723987459908352.000000,-0.018144205,0.273643702,8.089377403,0.001714869,0.002135376,0.005530251,0.999980986
1713723987493259776.000000,-0.018213490,0.274545014,8.102685928,0.000471969,0.002391499,0.004485210,0.999987006
1713723987526611456.000000,-0.017369771,0.275609672,8.124948502,0.000204335,0.003224807,0.004969689,0.999982476
1713723987559962624.000000,-0.016914813,0.276221693,8.137836456,0.000801437,0.003683826,0.004578716,0.999982417
1713723987593314048.000000,-0.017204517,0.276678532,8.150813103,0.000129399,0.004588671,0.004377238,0.999979913
1713723987626665472.000000,-0.016140617,0.278099000,8.164439201,0.000095510,0.005226728,0.004574879,0.999975920
1713723987660016896.000000,-0.014168894,0.280818909,8.184763908,-0.000165537,0.005490380,0.004157962,0.999976277
1713723987693368320.000000,-0.013489462,0.281820357,8.197966576,-0.000343280,0.006530261,0.004308211,0.999969363
1713723987726719744.000000,-0.013244291,0.282445341,8.210659981,0.000969154,0.006938929,0.003497854,0.999969363
1713723987760070912.000000,-0.012580233,0.282501221,8.224625587,-0.000749102,0.007820250,0.004284949,0.999960005
1713723987793422336.000000,-0.010852952,0.281832099,8.197544098,-0.000196701,0.007923769,0.003243181,0.999963343
1713723987826773504.000000,-0.009606617,0.281526655,8.210895538,-0.000590764,0.008983193,0.004649477,0.999948740
1713723987860124672.000000,-0.009254149,0.282150298,8.223444939,0.000406240,0.009377839,0.003751338,0.999948919
1713723987893475584.000000,-0.008339249,0.281630576,8.237984657,-0.001303175,0.009860200,0.003853762,0.999943137
1713723987926826752.000000,-0.007122408,0.284929127,8.256804466,0.000868194,0.010739373,0.003648127,0.999935329
1713723987960177408.000000,-0.005943764,0.283939123,8.270489693,-0.000111854,0.011476310,0.003723473,0.999927282
1713723987993508864.000000,-0.005388147,0.283925503,8.283433914,0.000419278,0.012021815,0.003230362,0.999922454
1713723988026868224.000000,-0.004722198,0.282937974,8.297053337,0.000232158,0.012216034,0.003125071,0.999920487
1713723988060227328.000000,-0.002997158,0.286724746,8.302649498,0.000962606,0.012594161,0.003630724,0.999913692
1713723988093586688.000000,-0.001729760,0.285774082,8.316440582,0.000057447,0.012564940,0.003565873,0.999914765
1713723988126946304.000000,-0.000845998,0.284724712,8.329935074,0.000014498,0.012920492,0.003991069,0.999908626
1713723988160305408.000000,0.000705547,0.284263760,8.343111992,0.001480478,0.013159064,0.003796086,0.999905109
1713723988193665024.000000,0.001955654,0.283758610,8.363562584,0.000534100,0.013687679,0.004317278,0.999896944
1713723988227024640.000000,0.002715361,0.283886880,8.376260757,0.002237650,0.013792937,0.003913504,0.999894798
1713723988260383744.000000,0.004068923,0.283778965,8.389863014,0.001069641,0.014290812,0.004609085,0.999886692
1713723988293743104.000000,0.004132676,0.284122676,8.402895927,0.002103171,0.014373145,0.004256368,0.999885499
1713723988327102720.000000,0.005621796,0.284183890,8.423448563,0.001945701,0.014743170,0.003883347,0.999881864
1713723988360462080.000000,0.006026068,0.284834176,8.435896873,0.004102865,0.015406697,0.004267253,0.999863803
1713723988393821440.000000,0.006132158,0.285572886,8.449673653,0.001712025,0.015542460,0.004286604,0.999868572
1713723988427181312.000000,0.006700115,0.285639197,8.463457108,0.002222319,0.015926721,0.004342301,0.999861300
1713723988460540416.000000,0.010424029,0.286929339,8.478771210,0.003642861,0.015916694,0.003707602,0.999859869
1713723988493899776.000000,0.010479528,0.287613094,8.491818428,0.003250259,0.016409310,0.004223587,0.999851227
1713723988527259648.000000,0.010433613,0.288468301,8.505323410,0.003069422,0.016436782,0.003201758,0.999855101
1713723988560618752.000000,0.010446492,0.288705289,8.518622398,0.003010928,0.016890576,0.003723687,0.999845922
1713723988593977856.000000,0.010865705,0.289822459,8.537778854,0.005502471,0.016869882,0.003086871,0.999837816
1713723988627337984.000000,0.010934867,0.290884554,8.551232338,0.003651417,0.017333200,0.003429263,0.999837279
1713723988660697344.000000,0.010961795,0.291981310,8.564156532,0.004356181,0.017192462,0.002425376,0.999839842
1713723988694056448.000000,0.010863147,0.291516870,8.577503204,0.005066745,0.017547520,0.002685932,0.999829590
1713723988727416320.000000,0.009749725,0.292069525,8.569922447,0.005610832,0.017696204,0.002319386,0.999825001
1713723988760775680.000000,0.009760229,0.292353302,8.582921982,0.004373915,0.017799731,0.001862281,0.999830306
1713723988794134784.000000,0.009594915,0.293294132,8.595483780,0.005074176,0.018170165,0.002436288,0.999819100
1713723988827494656.000000,0.010101042,0.295076698,8.607563019,0.006681291,0.018048709,0.001903391,0.999812961
1713723988860854016.000000,0.011861706,0.295768112,8.629074097,0.005567069,0.018175997,0.002208623,0.999816895
1713723988894213120.000000,0.011841795,0.295931816,8.641446114,0.007704716,0.017882291,0.001392461,0.999809444
1713723988927572736.000000,0.012352749,0.296177894,8.654347420,0.006647584,0.018478351,0.002530570,0.999804020
1713723988960932352.000000,0.012428874,0.296991587,8.667127609,0.006992836,0.018163852,0.001525467,0.999809444
1713723988994291712.000000,0.014219656,0.298262954,8.688350677,0.007258146,0.018207649,0.002159128,0.999805570
1713723989027651072.000000,0.014548302,0.299043953,8.700315475,0.009267018,0.018484708,0.002166673,0.999783874
1713723989061010688.000000,0.015209246,0.299083889,8.714062691,0.006582160,0.018532777,0.001943977,0.999804735
1713723989094370048.000000,0.014972458,0.299167603,8.728365898,0.007104037,0.018783897,0.002369666,0.999795556
1713723989127730176.000000,0.020388575,0.295938253,8.745094299,0.008271058,0.018265668,0.002336185,0.999796271
1713723989161089792.000000,0.020842973,0.296954483,8.758508682,0.006915556,0.018545767,0.002781498,0.999800265
1713723989194449664.000000,0.020167559,0.297755003,8.771434784,0.007917082,0.018577665,0.001465182,0.999795020
1713723989227809792.000000,0.021531226,0.298739076,8.784636497,0.007321421,0.019063214,0.003019416,0.999786913
1713723989261169152.000000,0.023353973,0.298784673,8.805126190,0.007849826,0.018689122,0.002027898,0.999792457
1713723989294529280.000000,0.024222277,0.299683273,8.818758011,0.006893785,0.019305844,0.002227354,0.999787390
1713723989327888896.000000,0.024846435,0.300969720,8.830942154,0.008798362,0.019257098,0.002018337,0.999773800
1713723989361249024.000000,0.025308711,0.302280694,8.843881607,0.007225084,0.019502088,0.002386717,0.999780893
1713723989394608640.000000,0.028108075,0.303597569,8.866550446,0.007856324,0.019502617,0.002023595,0.999776900
1713723989427968512.000000,0.028427973,0.304072618,8.879190445,0.007542429,0.019605331,0.001894851,0.999777615
1713723989461328384.000000,0.028595228,0.305178910,8.891245842,0.008406684,0.019872116,0.002206721,0.999764800
1713723989494688256.000000,0.029072706,0.305852324,8.905171394,0.007808209,0.019911984,0.001535600,0.999770105
1713723989528048384.000000,0.037127949,0.303969413,8.895195007,0.007297750,0.019734234,0.002215251,0.999776185
1713723989561408000.000000,0.036806628,0.304080725,8.907958984,0.007837600,0.019559911,0.001175324,0.999777317
1713723989594768128.000000,0.035955857,0.304174930,8.920011520,0.007053536,0.019739790,0.002249652,0.999777794
1713723989628127488.000000,0.037710041,0.304032505,8.935066223,0.007979969,0.019361855,0.001568850,0.999779463
1713723989661487872.000000,0.039412878,0.305051059,8.957301140,0.007075971,0.019518154,0.002359182,0.999781728
1713723989694847232.000000,0.039471768,0.305162400,8.970150948,0.007886088,0.019441467,0.001465026,0.999778867
1713723989728207872.000000,0.040306620,0.304685116,8.983979225,0.006832702,0.019697551,0.002262435,0.999780118
1713723989761567232.000000,0.040594503,0.305290699,8.991180420,0.007889954,0.019588636,0.001931285,0.999775171
1713723989794927360.000000,0.041059516,0.304955155,9.018976212,0.006595285,0.019620972,0.001993300,0.999783814
1713723989828287488.000000,0.041559611,0.305895060,9.032171249,0.007340551,0.019755371,0.002156548,0.999775589
1713723989861646848.000000,0.041799676,0.305962086,9.045579910,0.007731408,0.019660467,0.001933766,0.999774933
1713723989895007232.000000,0.042071428,0.306680083,9.058702469,0.006970545,0.019924263,0.002614619,0.999773800
1713723989928366592.000000,0.047206610,0.306887567,9.060302734,0.007293867,0.019136321,0.002157165,0.999787927
1713723989961726976.000000,0.048106436,0.308848649,9.072777748,0.006950678,0.019557249,0.003533927,0.999778390
1713723989995086592.000000,0.048327330,0.310195565,9.085238457,0.008086652,0.019294452,0.002681923,0.999777555
1713723990028446720.000000,0.043806132,0.310576379,9.111572266,0.006306499,0.020249629,0.002272117,0.999772489
1713723990061809664.000000,0.046872031,0.309475273,9.138748169,0.007656806,0.019747583,0.001570692,0.999774456
1713723990095161088.000000,0.047732417,0.310076118,9.152206421,0.006272161,0.020289740,0.003016499,0.999769926
1713723990128512256.000000,0.047549102,0.311235577,9.165054321,0.006252240,0.019956335,0.002172382,0.999778926
1713723990161863680.000000,0.047221933,0.312594056,9.178286552,0.006527530,0.019941136,0.002082606,0.999777734
1713723990195214848.000000,0.049635157,0.313905954,9.197243690,0.007505961,0.020405531,0.002505793,0.999760509
1713723990228566016.000000,0.049638778,0.314582944,9.210765839,0.005592167,0.020231782,0.002328176,0.999776959
1713723990261916928.000000,0.049131382,0.315155834,9.223857880,0.005358744,0.020344006,0.002659306,0.999775171
1713723990295268096.000000,0.050355949,0.315482080,9.236465454,0.006933376,0.020341162,0.002027204,0.999767005
1713723990328619008.000000,0.053335179,0.311459720,9.220910072,0.005371770,0.020161631,0.004455473,0.999772370
1713723990361969920.000000,0.053344104,0.312214911,9.234257698,0.005110736,0.019946875,0.003297685,0.999782562
1713723990395320832.000000,0.053982101,0.311824888,9.247702599,0.004564049,0.020231239,0.004269996,0.999775827
1713723990428671488.000000,0.054751709,0.312859148,9.260321617,0.006185515,0.019921761,0.003638313,0.999775827
1713723990462022656.000000,0.055152778,0.312313944,9.282457352,0.004585216,0.019958822,0.004465051,0.999780357
1713723990495373568.000000,0.054492448,0.313726932,9.294921875,0.005233983,0.019211380,0.003860104,0.999794304
1713723990528724480.000000,0.053918082,0.313725233,9.308031082,0.005246092,0.018065192,0.004500890,0.999812961
1713723990562074880.000000,0.053705335,0.314936608,9.320976257,0.006123235,0.016545027,0.004793975,0.999832928
1713723990595425536.000000,0.050985370,0.314105839,9.342755318,0.004303126,0.013492023,0.005157387,0.999886513
1713723990628776192.000000,0.048209868,0.314986765,9.355629921,0.004265841,0.010053962,0.005070383,0.999927580
1713723990662127104.000000,0.044747066,0.315332651,9.367333412,0.006976841,0.005368899,0.005546069,0.999945939
1713723990695477248.000000,0.040486995,0.316905856,9.378832817,0.005204322,-0.000257675,0.006761549,0.999963582
1713723990728827904.000000,0.033538435,0.313404739,9.385216713,0.004522364,-0.007028497,0.005584499,0.999949515
1713723990762178304.000000,0.027897682,0.313645005,9.397065163,0.005835704,-0.013514167,0.006378969,0.999871314
1713723990795529216.000000,0.022051154,0.314293653,9.408716202,0.007589828,-0.019813489,0.007004246,0.999750376
1713723990828879104.000000,0.016067851,0.316226661,9.423754692,0.004227409,-0.025782509,0.006445544,0.999637902
1713723990862229504.000000,0.009457956,0.315559953,9.442033768,0.004275002,-0.030707518,0.005458131,0.999504387
1713723990895579904.000000,0.006195196,0.315992057,9.454172134,0.006815607,-0.033899765,0.007995949,0.999370039
1713723990928930048.000000,0.002255100,0.317492872,9.467709541,0.004308023,-0.037317812,0.005884932,0.999276876
1713723990962279936.000000,0.001820277,0.319099188,9.475737572,0.004046595,-0.039476421,0.005976292,0.999194443
1713723990995630336.000000,-0.004942669,0.317093730,9.500047684,0.004877807,-0.039931282,0.006375629,0.999170244
1713723991028980224.000000,-0.005883698,0.318285614,9.513094902,0.004499428,-0.040099714,0.005644670,0.999169648
1713723991062330880.000000,-0.005966208,0.319502145,9.526848793,0.002979425,-0.039231040,0.005393089,0.999211252
1713723991095680768.000000,-0.005448929,0.320142239,9.539385796,0.003335500,-0.037755176,0.005534834,0.999266207
1713723991129029632.000000,-0.002917293,0.322862864,9.556738853,0.004216289,-0.035356846,0.005826114,0.999348938
1713723991162378752.000000,-0.000981294,0.323962182,9.569858551,0.003232479,-0.032702498,0.005473439,0.999445021
1713723991195728128.000000,0.000967174,0.325356960,9.582728386,0.002750333,-0.029868925,0.005193184,0.999536574
1713723991229076736.000000,0.003991648,0.325858533,9.595603943,0.003677316,-0.027490962,0.004290202,0.999606073
1713723991262425856.000000,0.006920260,0.327148706,9.616871834,0.005408974,-0.024387853,0.005747622,0.999671400
1713723991295774976.000000,0.009134062,0.328465372,9.630365372,0.002284715,-0.022457734,0.004748317,0.999733925
1713723991329123584.000000,0.010918470,0.329744846,9.643269539,0.002624431,-0.020604763,0.004563306,0.999773860
1713723991362471936.000000,0.012860589,0.330443859,9.654763222,0.005625856,-0.019149024,0.004388933,0.999791205
1713723991395820800.000000,0.009295994,0.328236669,9.676836967,0.005502567,-0.017429240,0.003917266,0.999825299
1713723991429169152.000000,0.011131334,0.329469562,9.690915108,0.001382417,-0.016304523,0.004545392,0.999855876
1713723991462518016.000000,0.012189572,0.329395860,9.704086304,0.001952738,-0.015648335,0.004314185,0.999866426
1713723991495866624.000000,0.012489522,0.330165893,9.713869095,0.005935904,-0.015052751,0.004312567,0.999859869
1713723991529214720.000000,0.012626361,0.330710620,9.736277580,0.003373613,-0.014677557,0.004815308,0.999875009
1713723991562562816.000000,0.012611448,0.331711084,9.749609947,0.001875536,-0.014880333,0.003003350,0.999883056
1713723991595910912.000000,0.013194543,0.330842972,9.762062073,0.003443480,-0.014496713,0.004081560,0.999880731
1713723991629259008.000000,0.015380874,0.331051230,9.764495850,0.005716654,-0.014741226,0.003958328,0.999867201
1713723991662606848.000000,0.012623475,0.332033187,9.797861099,0.002192576,-0.014195233,0.003842941,0.999889493
1713723991695954944.000000,0.013140641,0.332256675,9.811124802,0.002470553,-0.014429620,0.003463662,0.999886930
1713723991729302528.000000,0.014091716,0.331001729,9.823604584,0.005055621,-0.014069268,0.004006331,0.999880254
1713723991762650624.000000,0.014445921,0.332254738,9.836356163,0.003986848,-0.013858011,0.003947209,0.999888301
1713723991795998208.000000,0.016282525,0.327893525,9.819087982,0.002823949,-0.014006933,0.002260655,0.999895334
1713723991829346304.000000,0.016677013,0.327878952,9.831993103,0.003379093,-0.013606946,0.003372086,0.999896049
1713723991862693888.000000,0.016451074,0.326628268,9.843615532,0.007390699,-0.013767909,0.001956418,0.999876022
1713723991896041216.000000,0.016773079,0.328220487,9.856850624,0.005362386,-0.013491216,0.002709668,0.999890924
1713723991929389056.000000,0.016906496,0.329608858,9.880820274,0.002859837,-0.013814438,0.002451101,0.999897540
1713723991962735872.000000,0.016841734,0.328754246,9.893576622,0.004748929,-0.013459418,0.002413019,0.999895275
1713723991996083200.000000,0.016857738,0.328158259,9.905479431,0.008074132,-0.013467721,0.002562504,0.999873519
1713723992029430272.000000,0.016975705,0.329158515,9.919625282,0.004084175,-0.013434638,0.003021002,0.999896944
1713723992062777856.000000,0.015680958,0.329174936,9.942198753,0.003602651,-0.013612270,0.001870385,0.999899149
1713723992095824896.000000,0.015982794,0.327576190,9.954428673,0.007201316,-0.013340538,0.003184881,0.999880016
1713723992129556992.000000,0.014872682,0.328819841,9.966464043,0.007553972,-0.013198988,0.003123074,0.999879479
1713723992163290624.000000,0.016811743,0.330088645,9.975092888,0.004239122,-0.013530251,0.002130570,0.999897301
1713723992197027328.000000,0.014955508,0.330007732,9.993037224,0.005569289,-0.013345147,0.003107334,0.999890625
1713723992230765824.000000,0.014961934,0.329040617,10.005302429,0.009051879,-0.013457537,0.002563504,0.999865234
1713723992264507392.000000,0.014964093,0.330444306,10.018520355,0.007242207,-0.013394175,0.002957602,0.999879777
1713723992298251008.000000,0.015833586,0.331297398,10.034496307,0.005194307,-0.013832376,0.003216943,0.999885678
1713723992331996672.000000,0.014707692,0.331790894,10.053944588,0.007417576,-0.014048663,0.003100886,0.999869049
1713723992365745408.000000,0.015030083,0.332294911,10.066215515,0.010615311,-0.014154484,0.003912029,0.999835908
1713723992399496192.000000,0.015065301,0.333664238,10.080795288,0.006124853,-0.014718746,0.003637992,0.999866366
1713723992433249280.000000,0.014472989,0.332876980,10.095851898,0.006351304,-0.015163835,0.002793389,0.999860942
1713723992467004416.000000,0.013590225,0.331960201,10.078904152,0.009402836,-0.015387135,0.004146738,0.999828875
1713723992500762368.000000,0.013394408,0.332498819,10.091651917,0.009636741,-0.015813353,0.003456865,0.999822617
1713723992534523136.000000,0.013373972,0.333393365,10.106590271,0.005640562,-0.016110362,0.003886927,0.999846816
1713723992568285696.000000,0.012924537,0.331935048,10.146982193,0.006762393,-0.016460031,0.003786561,0.999834538
1713723992602051072.000000,0.011962076,0.332490534,10.139516830,0.009969610,-0.016895177,0.004259657,0.999798536
1713723992635818240.000000,0.011602228,0.333041131,10.152761459,0.007986128,-0.017263312,0.004773129,0.999807715
1713723992669587968.000000,0.011022241,0.333734572,10.167114258,0.005689435,-0.018224543,0.003484075,0.999811649
1713723992703360512.000000,0.011289435,0.332786739,10.181085587,0.007321001,-0.018234843,0.004694745,0.999795973
1713723992737135104.000000,0.009765520,0.333924502,10.200113297,0.010304892,-0.018808180,0.004686736,0.999759018
1713723992770912768.000000,0.009499840,0.335329890,10.214121819,0.006789174,-0.019086488,0.005251151,0.999781013
1713723992804691712.000000,0.008900832,0.336316049,10.227867126,0.005648233,-0.019937564,0.004309943,0.999776006
1713723992838473728.000000,0.009240424,0.336189389,10.233363152,0.008869543,-0.020388687,0.005603842,0.999737144
1713723992872258304.000000,0.006990602,0.337664813,10.259093285,0.009601238,-0.020649996,0.005876041,0.999723434
1713723992906044672.000000,0.006336652,0.339129299,10.273159027,0.006317469,-0.021331942,0.005600993,0.999736845
1713723992939833600.000000,0.006084364,0.339364886,10.286455154,0.006841479,-0.022085626,0.006156036,0.999713719
1713723992973625088.000000,0.007112996,0.339577019,10.299996376,0.010397776,-0.022796430,0.006361399,0.999665856
1713723993007419392.000000,0.003245712,0.339211583,10.296751976,0.008620413,-0.022825515,0.007074691,0.999677300
1713723993041215744.000000,0.002967648,0.339558184,10.311064720,0.007481004,-0.023758482,0.005846330,0.999672711
1713723993075014400.000000,0.003050664,0.339340955,10.324661255,0.008074680,-0.023964517,0.007675068,0.999650776
1713723993109203968.000000,0.003112811,0.339819491,10.337222099,0.009814917,-0.024859538,0.006963728,0.999618590
1713723993142520064.000000,0.000290011,0.339811265,10.357472420,0.007973094,-0.024955178,0.007666173,0.999627411
1713723993175835136.000000,-0.000638964,0.340509772,10.370549202,0.008320530,-0.025876304,0.006911658,0.999606609
1713723993209149952.000000,-0.000781368,0.340618640,10.384325981,0.007954470,-0.026311750,0.007433887,0.999594569
1713723993242464768.000000,-0.001308452,0.340564728,10.396346092,0.009858048,-0.026806133,0.007073530,0.999567091
1713723993275779328.000000,-0.002305339,0.341541290,10.417581558,0.007652495,-0.027361616,0.008034894,0.999564052
1713723993309093120.000000,-0.003619579,0.342364252,10.430932045,0.007387585,-0.028419329,0.007027717,0.999544144
1713723993342406656.000000,-0.004030856,0.341369331,10.444086075,0.008310078,-0.028972056,0.007247227,0.999519467
1713723993375719936.000000,-0.004756612,0.342948794,10.456350327,0.009584491,-0.029406486,0.008296559,0.999487162
1713723993409032960.000000,-0.009150383,0.340624839,10.458971024,0.006972134,-0.029894153,0.007726932,0.999498963
1713723993442345728.000000,-0.010338014,0.341609091,10.472054482,0.007511214,-0.030345026,0.007799765,0.999480844
1713723993475657984.000000,-0.011034512,0.340596050,10.484870911,0.009249920,-0.031061832,0.007530082,0.999446392
1713723993508969472.000000,-0.011859089,0.340382159,10.497415543,0.009922946,-0.031160126,0.009522293,0.999419808
1713723993542281216.000000,-0.013058236,0.341643184,10.518743515,0.006433345,-0.032380957,0.008401511,0.999419630
1713723993575591936.000000,-0.014318247,0.341667712,10.532016754,0.006808219,-0.032675702,0.008021849,0.999410629
1713723993608902912.000000,-0.014305232,0.340633869,10.543844223,0.010483192,-0.032451369,0.009695256,0.999371290
1713723993642213632.000000,-0.014118999,0.341606975,10.557659149,0.008409886,-0.032437462,0.009174572,0.999396265
1713723993675523840.000000,-0.015523174,0.343906194,10.577802658,0.005323110,-0.032431770,0.008021639,0.999427676
1713723993708833536.000000,-0.015073178,0.343480587,10.590897560,0.007063703,-0.031723354,0.009074844,0.999430537
1713723993742142976.000000,-0.014712253,0.343563169,10.603412628,0.009461822,-0.031252600,0.009558408,0.999421060
1713723993775451648.000000,-0.015249921,0.344405472,10.617247581,0.005765043,-0.030964492,0.008510370,0.999467611
1713723993808760064.000000,-0.016117450,0.345807165,10.638231277,0.004981802,-0.030419396,0.008003329,0.999492824
1713723993842068992.000000,-0.016012473,0.345872700,10.650782585,0.006624058,-0.029659299,0.009112581,0.999496639
1713723993875376384.000000,-0.016227489,0.346451670,10.663706779,0.007618165,-0.029630953,0.009017800,0.999491274
1713723993908684288.000000,-0.015937462,0.346598327,10.677945137,0.004240865,-0.029815791,0.008263878,0.999512255
1713723993941991680.000000,-0.016853731,0.347689569,10.697676659,0.005380945,-0.029570071,0.008528180,0.999511898
1713723993975298304.000000,-0.017018249,0.347411901,10.710424423,0.006635949,-0.029394882,0.009127199,0.999504209
1713723994008604928.000000,-0.017599259,0.348275781,10.724152565,0.005291618,-0.029479446,0.008139751,0.999518275
1713723994041911040.000000,-0.017340008,0.348516524,10.738253593,0.004171188,-0.029372456,0.007982516,0.999527991
1713723994075216896.000000,-0.018809887,0.349166095,10.756987572,0.004510176,-0.029138360,0.007489624,0.999537170
1713723994108521472.000000,-0.018323446,0.349051595,10.769440651,0.007008193,-0.028660949,0.008576962,0.999527812
1713723994141834496.000000,-0.018581927,0.350611478,10.783679962,0.003952849,-0.028565973,0.007502155,0.999556005
1713723994175146752.000000,-0.019177910,0.350920856,10.797700882,0.002241005,-0.028479410,0.006132681,0.999573052
1713723994208459008.000000,-0.017413359,0.351790249,10.787296295,0.004768627,-0.027883062,0.007141010,0.999574363
1713723994241770496.000000,-0.017166177,0.352870345,10.800059319,0.004925455,-0.027498718,0.007307400,0.999583006
1713723994275081984.000000,-0.017891571,0.353888482,10.814511299,0.001340823,-0.027607592,0.005407392,0.999603391
1713723994308392448.000000,-0.018045390,0.352396935,10.853009224,0.002894709,-0.027184576,0.005893673,0.999608934
1713723994341703168.000000,-0.024445869,0.355110735,10.868161201,0.005373274,-0.026786169,0.005567842,0.999611259
1713723994375013120.000000,-0.024653384,0.356111318,10.882082939,0.002741129,-0.026729830,0.005732047,0.999622583
1713723994408322816.000000,-0.025330490,0.357180119,10.895868301,0.002380638,-0.027222963,0.004557692,0.999616265
1713723994441632000.000000,-0.020569833,0.354542315,10.905472755,0.003401606,-0.027362809,0.005107180,0.999606729
1713723994474940928.000000,-0.022666674,0.356837988,10.901469231,0.005705475,-0.027036497,0.005113222,0.999605119
1713723994508249856.000000,-0.022891255,0.357864529,10.916307449,0.001365269,-0.026986063,0.004823963,0.999623299
1713723994541557248.000000,-0.023351714,0.358511865,10.930411339,0.001296096,-0.027194697,0.004558690,0.999618948
1713723994574865664.000000,-0.023424204,0.358348906,10.942375183,0.004389082,-0.026874073,0.004701197,0.999618232
1713723994608172544.000000,-0.027383795,0.359422475,10.945786476,0.003014150,-0.026147606,0.005452821,0.999638736
1713723994641479424.000000,-0.027866596,0.360179245,10.960513115,0.000645301,-0.026587687,0.004045702,0.999638081
1713723994674785792.000000,-0.027934480,0.359786540,10.974451065,0.001494914,-0.026377667,0.005007423,0.999638438
1713723994708091904.000000,-0.024184421,0.359735489,10.995441437,0.004801583,-0.026701175,0.004185882,0.999623239
1713723994741397504.000000,-0.029393749,0.360755116,11.005877495,0.001284058,-0.026155923,0.004544661,0.999646723
1713723994774703360.000000,-0.029709764,0.361707509,11.019834518,0.001386259,-0.026632570,0.003800388,0.999637127
1713723994808007936.000000,-0.029580671,0.360628158,11.032890320,0.003387766,-0.026640629,0.004461507,0.999629378
1713723994841312768.000000,-0.030142987,0.361903042,11.044803619,0.004489248,-0.026820581,0.004474697,0.999620199
1713723994874616576.000000,-0.032535661,0.362706095,11.064294815,0.001591084,-0.027014313,0.003739113,0.999626815
1713723994907920640.000000,-0.032948617,0.362998068,11.077387810,0.002595541,-0.027234768,0.004195879,0.999616981
1713723994941223936.000000,-0.033372264,0.362057805,11.090340614,0.005004837,-0.027586857,0.004009044,0.999598920
1713723994974526976.000000,-0.033628155,0.362430036,11.103748322,0.003106925,-0.027464587,0.004584307,0.999607444
1713723995007829504.000000,-0.036537677,0.363245934,11.109777451,0.002924377,-0.027775710,0.003726174,0.999602973
1713723995041131264.000000,-0.037159313,0.363239080,11.123017311,0.003290137,-0.028189806,0.004145090,0.999588668
1713723995074433024.000000,-0.037783548,0.364044458,11.134819984,0.007052929,-0.028582944,0.004166191,0.999557912
1713723995107693312.000000,-0.036289193,0.366014868,11.156211853,0.003127404,-0.028648335,0.004219098,0.999575794
1713723995141043456.000000,-0.036916710,0.364968330,11.181975365,0.002503429,-0.028492022,0.003727577,0.999583960
1713723995174393856.000000,-0.036082335,0.364761114,11.194561958,0.004849588,-0.027586756,0.003977363,0.999599755
1713723995207744000.000000,-0.034770746,0.366285890,11.206609726,0.006460995,-0.025629308,0.004494488,0.999640584
1713723995241095168.000000,-0.032847360,0.369037122,11.220434189,0.002610643,-0.023146804,0.004202931,0.999719858
1713723995274445056.000000,-0.029757164,0.368970603,11.240292549,0.003208144,-0.020214634,0.004164588,0.999781847
1713723995307795712.000000,-0.027030932,0.369212806,11.251836777,0.007454616,-0.016949844,0.004039531,0.999820411
1713723995341146112.000000,-0.024013575,0.370513111,11.265535355,0.004774964,-0.013321888,0.004101818,0.999891520
1713723995374497280.000000,-0.020569600,0.372056335,11.280168533,0.002600610,-0.009677341,0.003286985,0.999944389
1713723995407847680.000000,-0.017464295,0.370799929,11.299369812,0.004358871,-0.005299374,0.004337859,0.999967098
1713723995441198080.000000,-0.013933325,0.371297985,11.312365532,0.004680910,-0.001637711,0.003976651,0.999979794
1713723995474548480.000000,-0.010277185,0.372249603,11.326266289,0.002437634,0.002094219,0.003704938,0.999988019
1713723995507899648.000000,-0.006921128,0.372929722,11.339217186,0.003626916,0.005562750,0.003499098,0.999971867
1713723995541250304.000000,-0.001773429,0.374086976,11.357461929,0.004418048,0.009072140,0.004431579,0.999939322
1713723995574600704.000000,0.001229541,0.374602228,11.371080399,0.002758587,0.011634620,0.002836288,0.999924481
1713723995607951360.000000,0.004391480,0.375165284,11.383921623,0.003391646,0.014407855,0.004154775,0.999881804
1713723995641302272.000000,0.006844626,0.376138091,11.397235870,0.004439390,0.015939085,0.003742723,0.999856174
1713723995674652928.000000,0.006401710,0.374866188,11.377165794,0.002554283,0.016972743,0.004470248,0.999842763
1713723995708004352.000000,0.007592628,0.374709159,11.390873909,0.002852578,0.017452098,0.002811426,0.999839723
1713723995741355008.000000,0.009226689,0.374340266,11.404038429,0.002772414,0.018194148,0.004777352,0.999819219
1713723995774705920.000000,0.010533372,0.373996913,11.418067932,0.002034419,0.017750366,0.003930706,0.999832749
1713723995808056320.000000,0.010872374,0.377936572,11.433158875,0.001541170,0.017804576,0.004162249,0.999831736
1713723995841407488.000000,0.011348803,0.377454758,11.445994377,0.003696859,0.017293289,0.004090353,0.999835312
1713723995874758144.000000,0.012014973,0.377579898,11.459648132,0.001634705,0.017146574,0.005066661,0.999838889
1713723995908109312.000000,0.011595376,0.377222985,11.474684715,0.000595534,0.016322244,0.003339916,0.999861062
1713723995941460736.000000,0.013047968,0.379062831,11.492548943,0.001412990,0.016252378,0.004653847,0.999856114
1713723995974811904.000000,0.013125109,0.378844231,11.505198479,0.003007862,0.016067840,0.004418201,0.999856651
1713723996008162560.000000,0.013670678,0.379785836,11.519271851,0.000568358,0.016235149,0.004834071,0.999856412
1713723996041513728.000000,0.013560952,0.379960477,11.533807755,-0.000662653,0.015737662,0.004203584,0.999867201
1713723996074930176.000000,0.014659651,0.380580902,11.550357819,0.001513470,0.015351284,0.004641584,0.999870300
1713723996108247040.000000,0.015293513,0.381143749,11.562730789,0.002986682,0.015413001,0.006025487,0.999858677
1713723996141563648.000000,0.015182694,0.382983357,11.576962471,-0.001340273,0.014942409,0.004514831,0.999877274
1713723996174879744.000000,0.015145841,0.383179635,11.591995239,-0.001205813,0.014674657,0.004250554,0.999882579
1713723996208195328.000000,0.015933961,0.382957220,11.594014168,0.002105996,0.014884897,0.005707872,0.999870777
1713723996241511168.000000,0.016016224,0.384413064,11.606979370,0.001026585,0.014444010,0.005176986,0.999881804
1713723996274826240.000000,0.015854044,0.385846823,11.622010231,-0.002191477,0.013663268,0.004298292,0.999895096
1713723996308141056.000000,0.015841508,0.385676771,11.634609222,-0.000157317,0.013812997,0.005505426,0.999889433
1713723996341455104.000000,0.016710984,0.386307418,11.651197433,0.001042654,0.013411065,0.005799613,0.999892771
1713723996374769152.000000,0.016698709,0.387410134,11.665019989,-0.001261897,0.012944692,0.005271744,0.999901593
1713723996408082688.000000,0.016878136,0.388239443,11.678568840,-0.000985975,0.012680341,0.005247880,0.999905407
1713723996441395968.000000,0.016829075,0.388171732,11.690988541,-0.000329193,0.012478288,0.005846847,0.999905050
1713723996474708992.000000,0.016901169,0.390040308,11.709206581,0.000542328,0.012172347,0.005770560,0.999909103
1713723996508021504.000000,0.016599623,0.391430229,11.723015785,-0.002167413,0.011833146,0.005230181,0.999913990
1713723996541334016.000000,0.016865250,0.391354114,11.736557007,-0.002337216,0.011428615,0.004495685,0.999921858
1713723996574645504.000000,0.017971316,0.391847581,11.748026848,0.001170428,0.011683178,0.006178825,0.999912024
1713723996607957248.000000,0.017825535,0.391265720,11.750747681,-0.000355501,0.011616508,0.005581431,0.999916971
1713723996641267968.000000,0.017342972,0.392829508,11.765610695,-0.003963855,0.010955160,0.003956113,0.999924302
1713723996674579200.000000,0.017421659,0.392852843,11.778847694,-0.002524040,0.010971102,0.004287663,0.999927461
1713723996707889408.000000,0.016800188,0.395000786,11.799281120,0.000789450,0.011127461,0.005389663,0.999923348
1713723996741199616.000000,0.017290760,0.395435214,11.809066772,-0.003128459,0.010652075,0.003494833,0.999932289
1713723996774509312.000000,0.016625542,0.396439403,11.822960854,-0.003848837,0.010152593,0.002497568,0.999937952
1713723996807818752.000000,0.017033445,0.395849526,11.835559845,-0.001434821,0.010417850,0.004352701,0.999935269
1713723996841127168.000000,0.016619533,0.396784306,11.847830772,-0.002595289,0.010042543,0.003453283,0.999940276
1713723996874435840.000000,0.016277868,0.397535175,11.869763374,-0.004691331,0.009358735,0.001789181,0.999943674
1713723996907744256.000000,0.016226934,0.397137135,11.882563591,-0.002854584,0.009064592,0.002506433,0.999951720
1713723996941051648.000000,0.015827304,0.397518933,11.894930840,-0.001069943,0.008733418,0.002435383,0.999958336
1713723996974359552.000000,0.015902905,0.398548543,11.908717155,-0.004044924,0.008168397,0.001568055,0.999957323
1713723997007666944.000000,0.015850823,0.400066167,11.929538727,-0.003504225,0.007799614,0.001819805,0.999961793
1713723997040973312.000000,0.015409818,0.399133027,11.942285538,-0.001110337,0.007277284,0.000891713,0.999972522
1713723997074279680.000000,0.015216772,0.399765640,11.955394745,-0.001116618,0.007037266,0.001464905,0.999973536
1713723997107585792.000000,0.015625967,0.399463445,11.970129013,-0.003797869,0.006158853,0.001172621,0.999973178
1713723997140896768.000000,0.014386831,0.408113718,11.978705406,-0.002605704,0.006238047,0.001213437,0.999976456
1713723997174238720.000000,0.013726694,0.406870544,11.991090775,0.001197859,0.005638771,0.000733846,0.999983191
1713723997207580160.000000,0.013737342,0.406920493,12.005226135,-0.001865828,0.005402471,0.001322222,0.999982774
1713723997240921856.000000,0.012929176,0.405851811,12.021292686,-0.002487283,0.004574282,-0.000096622,0.999986529
1713723997274262784.000000,0.012658045,0.408523262,12.039574623,-0.001779726,0.004365567,0.001320733,0.999988019
1713723997307603712.000000,0.011921559,0.407561809,12.052707672,0.001400287,0.003402474,0.000359232,0.999993205
1713723997340944384.000000,0.011708281,0.407646149,12.067721367,-0.002788976,0.002957154,0.000977300,0.999991298
1713723997374285056.000000,0.011546843,0.403126717,12.079945564,-0.003184449,0.002309189,0.000622510,0.999992132
1713723997407624960.000000,0.010859573,0.410435677,12.099481583,-0.000969194,0.001948950,0.001342428,0.999996781
1713723997440965120.000000,0.010462509,0.409574032,12.113492012,0.000307740,0.001471493,0.001515809,0.999997735
1713723997474305280.000000,0.010039819,0.409406483,12.128782272,-0.003240222,0.000768348,0.000460092,0.999994397
1713723997507645440.000000,0.009899436,0.406521618,12.143692970,-0.002784576,0.000547679,0.001261591,0.999995232
1713723997540984576.000000,0.011121178,0.411929071,12.152108192,0.000714709,0.000164292,0.001175708,0.999999106
1713723997574324224.000000,0.011006494,0.411742240,12.166287422,-0.000973237,0.000490096,0.001022462,0.999998927
1713723997607663104.000000,0.011421051,0.412129164,12.180870056,-0.002554595,0.000864073,0.000542971,0.999996245
1713723997641002496.000000,0.012367034,0.411393076,12.194665909,-0.001532507,0.001834301,0.001385146,0.999996185
1713723997674340608.000000,0.013188079,0.413129300,12.209272385,0.001332124,0.002271042,0.001103306,0.999995947
1713723997707679488.000000,0.013818715,0.414120138,12.223197937,-0.001391635,0.003013030,0.001641420,0.999993205
1713723997741018112.000000,0.014162362,0.415228039,12.236878395,-0.001221890,0.003270052,0.000465349,0.999993861
1713723997774356480.000000,0.015440534,0.414572239,12.250061989,0.000298857,0.004049977,0.001533485,0.999990642
1713723997807694080.000000,0.016401764,0.416026026,12.267114639,0.002386686,0.004595358,0.000817807,0.999986291
1713723997841031936.000000,0.018189888,0.417373300,12.281645775,-0.001921749,0.005330971,0.001704654,0.999982476
1713723997874369536.000000,0.019425133,0.418249577,12.295676231,-0.001835648,0.005888080,0.001423398,0.999980032
1713723997907706880.000000,0.018783389,0.416925728,12.302445412,0.000534933,0.007023940,0.002124483,0.999972999
1713723997941043968.000000,0.022454217,0.420525908,12.293133736,-0.000540748,0.007581038,0.001975375,0.999969244
1713723997974381568.000000,0.023365624,0.421928138,12.307498932,-0.002473870,0.007891391,0.001831164,0.999964178
1713723998007718400.000000,0.024124106,0.421828449,12.320569038,-0.000991940,0.008346781,0.002219117,0.999962270
1713723998041054720.000000,0.023876781,0.422501326,12.359380722,0.001109174,0.008621230,0.002953538,0.999957919
1713723998074391040.000000,0.026738971,0.423578620,12.352643013,-0.002415891,0.008427318,0.002439731,0.999958634
1713723998107749888.000000,0.026935980,0.424338132,12.366175652,-0.002422950,0.008468224,0.002356137,0.999958456
1713723998141065472.000000,0.027777787,0.423713923,12.378454208,0.001217826,0.008706811,0.002921389,0.999957085
1713723998174380288.000000,0.028054891,0.425271124,12.391896248,-0.000896939,0.009004342,0.003570222,0.999952734
1713723998207695360.000000,0.029368054,0.425093859,12.413424492,-0.002360144,0.008653833,0.001696570,0.999958396
1713723998241009152.000000,0.030106487,0.424652249,12.426780701,-0.001547026,0.009311396,0.003165746,0.999950469
1713723998274322944.000000,0.029939016,0.425088495,12.438723564,0.002067811,0.009222375,0.002619144,0.999951899
1713723998307636480.000000,0.029237501,0.428283840,12.446339607,-0.001739988,0.009575216,0.003001891,0.999948204
1713723998340949760.000000,0.028204745,0.426987678,12.462744713,-0.001265871,0.009833492,0.001892293,0.999949157
1713723998374262272.000000,0.028690560,0.426902473,12.475593567,-0.000092936,0.010160328,0.002538326,0.999945223
1713723998407574528.000000,0.028580558,0.428741962,12.487705231,0.001555742,0.010412435,0.002427286,0.999941707
1713723998440887040.000000,0.028698588,0.430595309,12.501109123,-0.001321786,0.010367895,0.002306365,0.999942720
1713723998474198272.000000,0.029298475,0.431104630,12.522575378,-0.001150335,0.010398480,0.002635696,0.999941826
1713723998507509760.000000,0.029268896,0.431528121,12.534717560,0.001324704,0.010274007,0.002018954,0.999944389
1713723998540820480.000000,0.029822940,0.432822436,12.547954559,-0.000028743,0.010506229,0.003111741,0.999940038
1713723998574130688.000000,0.029459149,0.433635205,12.555358887,-0.001369740,0.010197477,0.002269753,0.999944508
1713723998607441152.000000,0.031293344,0.432505190,12.581837654,-0.001195513,0.010434699,0.002613922,0.999941409
1713723998640750592.000000,0.031464841,0.433283150,12.593523979,0.002847598,0.010553248,0.002468527,0.999937296
1713723998674060288.000000,0.032096684,0.434906751,12.607587814,-0.001276230,0.010688273,0.002978978,0.999937654
1713723998707369216.000000,0.032231994,0.435476959,12.621859550,-0.001324536,0.010384910,0.002432885,0.999942243
1713723998740678400.000000,0.033030473,0.431488216,12.630535126,0.000546646,0.010611654,0.002788181,0.999939680
1713723998773986048.000000,0.032908946,0.433578193,12.642459869,0.001780419,0.010765857,0.003201380,0.999935389
1713723998807294464.000000,0.033046566,0.435353160,12.656441689,-0.001646038,0.010646041,0.002200379,0.999939620
1713723998840601344.000000,0.034130182,0.439806163,12.668258667,-0.000225008,0.011071827,0.002905416,0.999934494
1713723998873908736.000000,0.034901857,0.435789049,12.688168526,0.001825007,0.010913891,0.002536939,0.999935567
1713723998907215872.000000,0.035470452,0.437528551,12.701563835,0.000089387,0.011082072,0.003004254,0.999934077
1713723998940522240.000000,0.035210166,0.439443141,12.715070724,-0.000605375,0.010838842,0.002061008,0.999938965
1713723998973828352.000000,0.036388051,0.439725786,12.728048325,-0.000101443,0.011034118,0.002632691,0.999935687
1713723999007133696.000000,0.035382669,0.439733475,12.745501518,0.002403856,0.010809693,0.002426454,0.999935806
1713723999040438784.000000,0.035797667,0.440790951,12.759474754,-0.000752664,0.010526871,0.002616977,0.999940932
1713723999073744128.000000,0.035444740,0.442213625,12.773126602,-0.000766830,0.009546546,0.002093330,0.999951959
1713723999107048448.000000,0.035353288,0.443134189,12.785791397,0.001457408,0.008458599,0.002128833,0.999960899
1713723999140374784.000000,0.033748258,0.440716147,12.799047470,0.001787318,0.007532819,0.003103088,0.999965250
1713723999173701632.000000,0.032604571,0.442291170,12.813632011,-0.001632410,0.005576981,0.001767047,0.999981582
1713723999207027200.000000,0.031504020,0.442980707,12.827285767,-0.001230129,0.004271732,0.002167132,0.999987781
1713723999240352768.000000,0.030751828,0.447849929,12.838759422,0.003083882,0.002701933,0.002168279,0.999989331
1713723999273678592.000000,0.028469181,0.449075222,12.864903450,0.000675890,0.000979475,0.002839776,0.999995351
1713723999307003136.000000,0.026455740,0.450519592,12.878798485,-0.000545317,-0.001133483,0.001331842,0.999998331
1713723999340327936.000000,0.025166638,0.450391203,12.891791344,0.000947447,-0.002715506,0.002765505,0.999992073
1713723999373652736.000000,0.023159489,0.452265322,12.903982162,0.002495067,-0.004550133,0.002667810,0.999983013
1713723999406976768.000000,0.019386241,0.447678238,12.924332619,-0.000467417,-0.006606154,0.002486783,0.999975026
1713723999440300544.000000,0.016151190,0.448445350,12.937443733,-0.000337695,-0.008685051,0.002331570,0.999959528
1713723999473624064.000000,0.014304584,0.448032975,12.949973106,0.002122893,-0.010291128,0.003691514,0.999938011
1713723999506947328.000000,0.013754620,0.449669659,12.963480949,0.001729714,-0.012675242,0.003790445,0.999911010
1713723999540270080.000000,0.013789966,0.446566910,12.969899178,-0.000364393,-0.015402875,0.002246492,0.999878824
1713723999573592320.000000,0.012248320,0.446104258,12.982169151,0.002494077,-0.016758632,0.003959959,0.999848664
1713723999606915072.000000,0.010895834,0.446836829,12.994602203,0.003853687,-0.018069696,0.004991773,0.999816835
1713723999640236800.000000,0.008595391,0.448714644,13.008584976,0.000637871,-0.019593926,0.003138733,0.999802947
1713723999673559040.000000,0.006805730,0.448001862,13.026700974,0.001398450,-0.020210756,0.003412595,0.999788940
1713723999706879744.000000,0.006536319,0.448099822,13.039409637,0.003077211,-0.019917199,0.004083963,0.999788582
1713723999740201216.000000,0.006018823,0.449680239,13.052895546,0.002001165,-0.019589329,0.003230893,0.999800920
1713723999773521664.000000,0.005961674,0.450105757,13.067184448,0.001055889,-0.019244676,0.002794089,0.999810338
1713723999806842624.000000,0.006262074,0.450709671,13.080686569,0.002300472,-0.018530378,0.003651062,0.999818981
1713723999840162816.000000,0.006264825,0.450388908,13.099353790,0.003330795,-0.017901964,0.003384839,0.999828517
1713723999873482752.000000,0.005917587,0.451580346,13.113643646,0.001088233,-0.017360540,0.002696946,0.999845088
1713723999906801920.000000,0.005745031,0.452516377,13.127000809,0.001821090,-0.017030528,0.002697782,0.999849737
1713723999940121344.000000,0.005612795,0.453227580,13.140491486,0.002088292,-0.016390376,0.002685430,0.999859929
1713723999973440512.000000,0.010982689,0.452763289,13.121951103,0.001795251,-0.016264746,0.002904406,0.999861956
1713724000006758912.000000,0.010707818,0.453401417,13.135446548,0.002170215,-0.015885064,0.002558149,0.999868274
1713724000040077568.000000,0.010639190,0.453955770,13.148927689,0.001566722,-0.015016343,0.002698695,0.999882460
1713724000073395200.000000,0.010559469,0.453568906,13.161763191,0.003208252,-0.014457927,0.001956422,0.999888420
1713724000106714368.000000,0.003876875,0.455360919,13.218594551,0.002982249,-0.012904037,0.002416779,0.999909401
1713724000140076288.000000,0.003400845,0.455934882,13.231556892,0.003519978,-0.012664245,0.001234239,0.999912858
1713724000173300480.000000,0.003350128,0.456051469,13.244800568,0.002991624,-0.012034423,0.001677333,0.999921739
1713724000206994944.000000,0.004578393,0.455616534,13.247462273,0.004481874,-0.012043898,0.001431874,0.999916434
1713724000240692224.000000,0.002614216,0.457490712,13.278506279,0.003751475,-0.011935665,0.002071233,0.999919593
1713724000274391040.000000,0.001854867,0.457684875,13.292154312,0.003674821,-0.012000472,0.001836789,0.999919593
1713724000308091392.000000,0.001274161,0.457360685,13.305350304,0.005333434,-0.011932616,0.001387669,0.999913633
1713724000341794560.000000,0.000767294,0.457696736,13.318854332,0.004592862,-0.011838110,0.002252229,0.999916852
1713724000375499008.000000,0.009385421,0.456932813,13.284143448,0.003596489,-0.012744697,0.001419312,0.999911308
1713724000409206272.000000,0.008999120,0.456928611,13.298173904,0.003099721,-0.012180179,0.001913623,0.999919236
1713724000442915328.000000,0.008398692,0.457186371,13.310845375,0.005019446,-0.012230182,0.000900401,0.999912262
1713724000476626432.000000,0.008062485,0.457268357,13.325427055,0.003246820,-0.011723234,0.001748784,0.999924541
1713724000510339584.000000,0.008570012,0.458693087,13.342659950,0.003475924,-0.012151577,0.000743881,0.999919951
1713724000544054784.000000,0.008066955,0.459298044,13.356436729,0.003032972,-0.011906709,0.001521837,0.999923348
1713724000577771776.000000,0.007152302,0.460190922,13.369383812,0.002938467,-0.011807865,0.000890406,0.999925613
1713724000611491328.000000,0.007547967,0.460934937,13.383873940,0.002900630,-0.011755877,0.001105126,0.999926150
1713724000645212160.000000,0.007947558,0.461578637,13.401073456,0.002161649,-0.011463459,0.001192221,0.999931276
1713724000678935808.000000,0.007083366,0.462459981,13.414757729,0.002003536,-0.011555009,0.000152742,0.999931216
1713724000712660736.000000,0.006650771,0.462492794,13.428474426,0.001217713,-0.011216868,0.000906640,0.999935985
1713724000746388736.000000,0.006176497,0.462795883,13.440400124,0.003526714,-0.011330597,0.000057948,0.999929607
1713724000780118272.000000,0.007017765,0.464811444,13.456091881,0.000719687,-0.011245282,0.001249515,0.999935806
1713724000813849344.000000,0.006159023,0.465549737,13.469366074,0.001176363,-0.011666669,0.000125895,0.999931276
1713724000847582976.000000,0.006472612,0.464635432,13.483240128,0.001168188,-0.011112810,0.001612397,0.999936342
1713724000881318912.000000,0.005232574,0.464820862,13.496240616,0.002615803,-0.011142454,0.000700177,0.999934256
1713724000915056384.000000,0.006368157,0.467226923,13.515315056,-0.000707932,-0.011082345,0.001559720,0.999937117
1713724000948796160.000000,0.006099139,0.467913598,13.529168129,-0.001010669,-0.011402163,0.001169745,0.999933839
1713724000982537728.000000,0.006324912,0.467779100,13.537177086,0.000609933,-0.011055736,0.002342578,0.999935985
1713724001016282112.000000,0.005822180,0.469204515,13.551054001,-0.001662031,-0.011238141,0.002067703,0.999933362
1713724001050027520.000000,0.006401312,0.471597552,13.575728416,-0.001722035,-0.011673054,0.001590769,0.999929190
1713724001083775488.000000,0.006313393,0.471983224,13.589339256,-0.001590202,-0.011687908,0.003743588,0.999923468
1713724001117525248.000000,0.005346037,0.473029941,13.602987289,-0.001385366,-0.012785259,0.002767369,0.999913573
1713724001151277824.000000,0.004110718,0.473291844,13.617426872,-0.003413528,-0.013282477,0.002727610,0.999902248
1713724001185228544.000000,0.007024024,0.475040704,13.609434128,-0.002194232,-0.014239611,0.002670191,0.999892712
1713724001218503680.000000,0.006378626,0.475287050,13.623588562,-0.003585001,-0.014624096,0.003065034,0.999881983
1713724001251778048.000000,0.005674777,0.476574719,13.637335777,-0.003824834,-0.014809066,0.002853610,0.999879003
1713724001285052160.000000,0.001361570,0.476036757,13.671938896,-0.003362891,-0.014695633,0.002179612,0.999884069
1713724001318324736.000000,0.003402574,0.476565778,13.695156097,-0.003527602,-0.014767149,0.002404088,0.999881923
1713724001351597056.000000,0.003115258,0.477432966,13.708956718,-0.004098987,-0.014903007,0.001946948,0.999878705
1713724001384868608.000000,0.003001966,0.478684157,13.722439766,-0.004916199,-0.014448737,0.002653949,0.999880075
1713724001418139392.000000,0.002681664,0.479696184,13.735375404,-0.003675770,-0.014208140,0.001757987,0.999890745
1713724001451409920.000000,0.003702937,0.478474110,13.753361702,-0.004841364,-0.013116576,0.002798499,0.999898434
1713724001484678912.000000,0.003882093,0.479732126,13.766549110,-0.004142196,-0.012761786,0.001726931,0.999908566
1713724001517947648.000000,0.004618375,0.480757773,13.780261993,-0.005665360,-0.011456976,0.002137163,0.999916077
1713724001551215872.000000,0.005244233,0.481694728,13.792240143,-0.004705011,-0.010522309,0.001664984,0.999932170
1713724001584482816.000000,0.010808581,0.483661532,13.783938408,-0.004536779,-0.009658993,0.002656576,0.999939620
1713724001617749760.000000,0.011223160,0.484742671,13.797028542,-0.005013678,-0.008618104,0.002137976,0.999948084
1713724001651015168.000000,0.011947977,0.485317409,13.810326576,-0.005084227,-0.007705120,0.001413835,0.999956429
1713724001684280064.000000,0.012965899,0.486056983,13.822824478,-0.004554274,-0.006209860,0.002725760,0.999966681
1713724001717544704.000000,0.014855067,0.487542391,13.842655182,-0.005164173,-0.005531766,0.002320626,0.999968708
1713724001750808576.000000,0.016120577,0.488488436,13.856035233,-0.005623832,-0.004359758,0.003180504,0.999969661
1713724001784071168.000000,0.017208911,0.488559276,13.868844032,-0.004698758,-0.003580368,0.002586289,0.999979258
1713724001817333760.000000,0.017662838,0.490057737,13.875693321,-0.004793621,-0.002205316,0.003862986,0.999978602
1713724001850595328.000000,0.019638937,0.490805149,13.900457382,-0.004760576,-0.001784247,0.002598151,0.999983788
1713724001883856128.000000,0.020954441,0.491611511,13.913831711,-0.005109966,-0.000379413,0.003827892,0.999979556
1713724001917115648.000000,0.021199442,0.490753800,13.926234245,-0.003010951,-0.000104530,0.002368279,0.999992669
1713724001950375424.000000,0.023165962,0.491406590,13.939179420,-0.002304337,0.000944528,0.005296887,0.999982893
1713724001983633408.000000,0.022115989,0.491569221,13.939348221,-0.005110960,0.000873321,0.002729033,0.999982893
1713724002016891136.000000,0.022321366,0.491339266,13.952948570,-0.004567455,0.001230173,0.002335070,0.999986172
1713724002050148608.000000,0.023256212,0.490118235,13.964704514,0.000088225,0.001691038,0.004085528,0.999990225
1713724002083405312.000000,0.023562830,0.491286457,13.978088379,-0.002072558,0.001813550,0.003896273,0.999988675
1713724002116660480.000000,0.024086457,0.494649678,14.018133163,-0.003487020,0.001527217,0.002774400,0.999988973
1713724002149915392.000000,0.024907304,0.493046671,14.030578613,-0.000681013,0.002216761,0.004487113,0.999987304
1713724002183165440.000000,0.025031468,0.492406785,14.043105125,0.000731160,0.002218152,0.003637805,0.999990642
1713724002216446720.000000,0.025201010,0.492818058,14.057200432,-0.001649798,0.002662326,0.003707586,0.999988258
1713724002249726464.000000,0.027036758,0.490767181,14.041607857,-0.000903073,0.002595499,0.003169888,0.999991238
1713724002283006464.000000,0.027583994,0.488878131,14.054286003,0.000656788,0.003044492,0.003387336,0.999989450
1713724002316285184.000000,0.028018339,0.489000320,14.066834450,0.001649829,0.003518214,0.003477372,0.999986470
1713724002349563392.000000,0.028292451,0.489035279,14.080755234,-0.000842782,0.003472293,0.002641965,0.999990165
1713724002382840832.000000,0.028513791,0.487347156,14.098574638,0.000699589,0.003962275,0.002925016,0.999987662
1713724002416118272.000000,0.029021872,0.485319763,14.110744476,0.003671147,0.004297356,0.002967397,0.999979615
1713724002449393920.000000,0.030141400,0.483614177,14.123845100,0.003066014,0.004854987,0.003791752,0.999976397
1713724002482669568.000000,0.030044802,0.483338773,14.138154984,0.000377261,0.004664811,0.001950868,0.999987185
1713724002515944448.000000,0.029698802,0.485998839,14.154808998,0.003462734,0.005369706,0.002455523,0.999976635
1713724002549218816.000000,0.030405825,0.484824210,14.166532516,0.007085837,0.005880897,0.003503163,0.999951541
1713724002582492928.000000,0.029955624,0.486259252,14.180332184,0.003718493,0.005692398,0.002132139,0.999974668
1713724002615765504.000000,0.029640971,0.484948665,14.194101334,0.003106535,0.005497004,0.001100401,0.999979496
1713724002649038080.000000,0.029761231,0.494484842,14.240295410,0.006880468,0.005761196,0.002734081,0.999956071
1713724002682310144.000000,0.029695045,0.494812995,14.252461433,0.008013785,0.005578110,0.002048835,0.999950230
1713724002715580672.000000,0.029584700,0.495549887,14.266259193,0.004931933,0.005342999,0.001270783,0.999972761
1713724002748850944.000000,0.029536549,0.495195031,14.279490471,0.006539063,0.005123023,0.001924588,0.999963701
1713724002782121216.000000,0.033746202,0.488062620,14.249796867,0.007135347,0.004580741,0.002178691,0.999961674
1713724002815390208.000000,0.033699270,0.489286631,14.262842178,0.005950951,0.004410843,0.001460600,0.999971509
1713724002848658688.000000,0.033867486,0.490544528,14.275877953,0.005667192,0.004312387,0.001706057,0.999973178
1713724002881926400.000000,0.034014940,0.490174115,14.288260460,0.006143308,0.003948797,0.001243229,0.999972582
1713724002915193088.000000,0.034107700,0.492671669,14.304202080,0.008288736,0.003833612,0.001937103,0.999956489
1713724002948459520.000000,0.034179997,0.493916273,14.317623138,0.005720865,0.003552565,0.001329756,0.999976456
1713724002981725696.000000,0.033957627,0.494668245,14.331098557,0.005330316,0.003249199,0.001164640,0.999979854
1713724003014991104.000000,0.033822682,0.493206978,14.343367577,0.008923725,0.002981391,0.000664214,0.999955595
1713724003048255488.000000,0.032685414,0.496421307,14.349595070,0.008543496,0.002965278,0.001689275,0.999957740
1713724003081519104.000000,0.032152668,0.497427523,14.363646507,0.005610054,0.002180067,0.000413440,0.999981821
1713724003114782208.000000,0.032065243,0.497057498,14.376795769,0.006759917,0.002060945,0.001285100,0.999974251
1713724003148044544.000000,0.034210552,0.496863514,14.392308235,0.009963321,0.001403837,0.000768010,0.999949157
1713724003181300480.000000,0.031401698,0.498113126,14.406969070,0.006859591,0.001162519,0.001448075,0.999974728
1713724003214576896.000000,0.030972764,0.498881578,14.420565605,0.006286066,0.000686311,0.000745273,0.999979734
1713724003247853312.000000,0.030921049,0.496951014,14.433724403,0.007289936,0.000256278,0.001201349,0.999972701
1713724003281128704.000000,0.030841913,0.496774316,14.446164131,0.010170057,-0.000109753,0.001159067,0.999947667
1713724003314403584.000000,0.029379712,0.500776470,14.464306831,0.005465669,-0.000139670,0.000654769,0.999984920
1713724003347677184.000000,0.029311823,0.500470757,14.477807045,0.005705655,-0.000872187,0.000496420,0.999983251
1713724003380951040.000000,0.029631637,0.498117626,14.490581512,0.007721245,-0.001224208,0.000692397,0.999969244
1713724003414223360.000000,0.030755304,0.492527217,14.500361443,0.007339290,-0.001491851,0.000392069,0.999971926
1713724003447495168.000000,0.027257776,0.503078520,14.522727966,0.004337970,-0.001805142,0.000562137,0.999988854
1713724003480766208.000000,0.027465323,0.501185894,14.536935806,0.004598562,-0.002155147,0.001010632,0.999986589
1713724003514037248.000000,0.027712880,0.498268366,14.550112724,0.007243050,-0.002440851,0.000566293,0.999970615
1713724003547306496.000000,0.028570579,0.488823831,14.558116913,0.004376872,-0.002521451,0.000393532,0.999987185
1713724003580576000.000000,0.025393406,0.508216202,14.570812225,0.004067753,-0.002961696,-0.000226379,0.999987364
1713724003613844480.000000,0.025508629,0.505929530,14.584852219,0.004649390,-0.002974757,0.000908972,0.999984443
1713724003647112192.000000,0.025189176,0.503593326,14.597745895,0.007517745,-0.003522064,0.000114437,0.999965549
1713724003680378880.000000,0.025544148,0.501717091,14.611587524,0.004431513,-0.003873674,0.000454773,0.999982595
1713724003713645312.000000,0.023410851,0.505289197,14.631223679,0.003092140,-0.004562096,-0.000092449,0.999984801
1713724003746910464.000000,0.023252586,0.502523065,14.644722939,0.004306187,-0.004767779,0.000781145,0.999979079
1713724003780175104.000000,0.022784814,0.501140416,14.657507896,0.006586656,-0.005148794,0.000808944,0.999964714
1713724003813439488.000000,0.022180708,0.499633133,14.672464371,0.002451218,-0.005789478,0.000702452,0.999980032
1713724003846703104.000000,0.020804154,0.503125608,14.688824654,0.003079702,-0.006505963,-0.000035502,0.999974132
1713724003879965440.000000,0.020947894,0.500991404,14.701592445,0.006428643,-0.006665724,0.001630110,0.999955893
1713724003913227520.000000,0.020556914,0.501243472,14.715203285,0.004759578,-0.007185685,0.000865087,0.999962568
1713724003946489088.000000,0.020007078,0.501550555,14.729215622,0.003064116,-0.007753415,0.000210318,0.999965250
1713724003979749376.000000,0.020258032,0.504679918,14.743771553,0.005001101,-0.007691699,0.001820719,0.999956310
1713724004013009664.000000,0.020103652,0.504001081,14.756998062,0.005700420,-0.008285967,0.001373028,0.999948502
1713724004046268416.000000,0.019804182,0.503910422,14.770998001,0.003638204,-0.008403430,0.001561925,0.999956906
1713724004079526912.000000,0.019055329,0.502866387,14.784645081,0.004796973,-0.008574911,0.001314299,0.999950886
1713724004112784896.000000,0.019315807,0.505359232,14.799523354,0.005121286,-0.008473268,0.002568552,0.999947667
1713724004146041600.000000,0.018832944,0.505560517,14.812769890,0.004761072,-0.008583762,0.002194210,0.999949455
1713724004179298048.000000,0.017984904,0.503006876,14.824618340,0.003880351,-0.008367850,0.002076116,0.999955356
1713724004212618240.000000,0.017773610,0.505783021,14.839221954,0.004595583,-0.008475965,0.001994885,0.999951601
1713724004245979904.000000,0.017962117,0.507992089,14.853121758,0.005651221,-0.008386322,0.002706715,0.999945223
1713724004279223808.000000,0.017298801,0.508578598,14.866509438,0.004266349,-0.008643911,0.001916851,0.999951720
1713724004312835072.000000,0.016777305,0.509047091,14.879935265,0.004011665,-0.008678398,0.001886219,0.999952495
1713724004346447104.000000,0.016539820,0.508735240,14.892538071,0.005988167,-0.008559553,0.002346825,0.999942720
1713724004380060416.000000,0.017224519,0.509145796,14.909300804,0.006061685,-0.008663383,0.003174519,0.999939084
1713724004413675520.000000,0.016570553,0.510074556,14.923385620,0.003740308,-0.009010395,0.002476778,0.999949396
1713724004447292416.000000,0.016420702,0.509734452,14.936484337,0.004879907,-0.008975602,0.002905175,0.999943614
1713724004480910336.000000,0.016523145,0.510418296,14.948003769,0.007324044,-0.008623920,0.004042089,0.999927878
1713724004514529792.000000,0.016773134,0.511447132,14.964523315,0.005998101,-0.008550150,0.003617494,0.999938965
1713724004548150272.000000,0.016139667,0.512225509,14.978751183,0.004206988,-0.008631716,0.002842517,0.999949932
1713724004581772800.000000,0.016017567,0.511503160,14.991341591,0.006101737,-0.008273570,0.003882945,0.999939680
1713724004615396864.000000,0.016364187,0.512515306,15.002985954,0.007443857,-0.008293080,0.004047007,0.999929786
1713724004649021952.000000,0.016057834,0.513771176,15.020029068,0.004562163,-0.008615785,0.003244006,0.999947250
1713724004682648320.000000,0.015850803,0.513857603,15.033219337,0.005519786,-0.008667114,0.003615401,0.999940693
1713724004716276736.000000,0.016211951,0.513175607,15.046089172,0.006220433,-0.008336739,0.004757081,0.999934614
1713724004749906176.000000,0.016570047,0.513808846,15.059421539,0.005216899,-0.008445532,0.003705630,0.999943852
1713724004783537152.000000,0.015615379,0.517496705,15.052827835,0.005006995,-0.008241694,0.003941635,0.999945760
1713724004817169408.000000,0.015527343,0.517147362,15.065849304,0.005109139,-0.008132422,0.003288751,0.999948502
1713724004850803712.000000,0.015818197,0.516699195,15.078346252,0.006888024,-0.007790431,0.003858943,0.999938488
1713724004884439040.000000,0.016054163,0.517030358,15.091714859,0.005803582,-0.007518593,0.004050363,0.999946713
1713724004918075648.000000,0.015847502,0.516830325,15.107912064,0.004817953,-0.007565220,0.003148782,0.999954879
1713724004951713792.000000,0.015782576,0.515741944,15.120628357,0.006529805,-0.007482139,0.002634323,0.999947309
1713724004985353472.000000,0.016097665,0.515680611,15.132669449,0.008309890,-0.006982867,0.004191925,0.999932349
1713724005018994688.000000,0.016111521,0.515479386,15.162686348,0.004486635,-0.007298651,0.002592174,0.999960005
1713724005052637440.000000,0.015391136,0.516044736,15.163716316,0.005096525,-0.007124458,0.002727894,0.999957979
1713724005086281216.000000,0.015393550,0.515161574,15.175591469,0.007431899,-0.006977913,0.002794444,0.999944210
1713724005119927040.000000,0.015331866,0.515940666,15.187935829,0.007177963,-0.006787878,0.002943736,0.999946892
1713724005153573632.000000,0.014843209,0.515904427,15.202613831,0.005575020,-0.006891477,0.002069745,0.999958575
1713724005187222016.000000,0.015522293,0.517629862,15.211163521,0.006633691,-0.006760929,0.002430245,0.999952257
1713724005220871936.000000,0.015556800,0.517250240,15.222723961,0.009580226,-0.006727557,0.002792850,0.999927640
1713724005254523392.000000,0.015479657,0.518266499,15.235457420,0.007543397,-0.006561101,0.002485161,0.999947011
1713724005288176128.000000,0.015206322,0.518070519,15.249341011,0.006972915,-0.006636849,0.001628543,0.999952376
1713724005321680640.000000,0.015122240,0.518377185,15.263782501,0.009070664,-0.006353138,0.001753835,0.999937236
1713724005355314944.000000,0.015349530,0.518648386,15.275593758,0.011083762,-0.005922358,0.002008155,0.999919057
1713724005388951296.000000,0.014783744,0.519455075,15.289399147,0.007743601,-0.006055818,0.000987168,0.999951243
1713724005422589184.000000,0.014769662,0.519339442,15.302934647,0.008671436,-0.006072002,0.001152188,0.999943316
1713724005456228608.000000,0.014798339,0.520072877,15.318510056,0.010874649,-0.005861630,0.001018362,0.999923229
1713724005489869312.000000,0.014943286,0.520748377,15.331068993,0.011046434,-0.005658092,0.001637262,0.999921679
1713724005523511552.000000,0.014298731,0.521420896,15.344783783,0.009077071,-0.006091342,0.000656888,0.999940038
1713724005557155584.000000,0.013925933,0.521576285,15.358950615,0.009757271,-0.005804047,0.001465664,0.999934494
1713724005590800896.000000,0.014644263,0.524616599,15.365134239,0.012372518,-0.006256221,0.001298455,0.999903023
1713724005624448000.000000,0.014263046,0.525404632,15.378801346,0.010499431,-0.006168003,0.001670154,0.999924481
1713724005658096896.000000,0.013301905,0.526060224,15.392553329,0.009941362,-0.006515000,0.000599706,0.999929190
1713724005691746560.000000,0.013623252,0.525769889,15.405118942,0.010823899,-0.006186617,0.001757431,0.999920785
1713724005725398016.000000,0.016085323,0.526191711,15.425821304,0.012302206,-0.006608663,0.001729593,0.999901056
1713724005759051008.000000,0.016076682,0.526214361,15.439674377,0.010242677,-0.006557231,0.002153339,0.999923766
1713724005792705536.000000,0.015797792,0.526438773,15.452771187,0.010375696,-0.006713601,0.002332876,0.999920964
1713724005826361600.000000,0.016120102,0.525689423,15.465665817,0.012692948,-0.006472281,0.002465892,0.999895453
1713724005860019200.000000,0.014990137,0.527452946,15.471220970,0.013123963,-0.006175235,0.003817820,0.999887526
1713724005893678336.000000,0.014804768,0.528163016,15.485331535,0.010482489,-0.006346141,0.002852214,0.999920845
1713724005927339008.000000,0.014570247,0.528232098,15.498481750,0.011163528,-0.005971299,0.003035699,0.999915302
1713724005961001728.000000,0.015249235,0.528116763,15.508847237,0.014571009,-0.005719651,0.003116539,0.999872684
1713724005994665472.000000,0.014837950,0.529782712,15.526870728,0.012240787,-0.005482642,0.003358043,0.999904454
1713724006028330240.000000,0.014055904,0.530157268,15.540154457,0.011758338,-0.005500696,0.001953438,0.999913812
1713724006061997056.000000,0.015278865,0.529021859,15.553612709,0.012612552,-0.005381473,0.002722978,0.999902308
1713724006095665408.000000,0.016701251,0.528479576,15.561225891,0.014822587,-0.005381425,0.002148279,0.999873400
1713724006129335296.000000,0.014768518,0.530362904,15.584399223,0.011842730,-0.005018678,0.002445947,0.999914289
1713724006163006720.000000,0.015049268,0.531057119,15.597873688,0.012202527,-0.005398014,0.001891284,0.999909222
1713724006196679936.000000,0.015897453,0.529929340,15.611293793,0.012338729,-0.005368491,0.002390331,0.999906659
1713724006230354432.000000,0.016056135,0.530280292,15.623907089,0.013274292,-0.005042696,0.002439115,0.999896228
1713724006264029952.000000,0.016051922,0.529971182,15.635292053,0.010132384,-0.004981678,0.001950541,0.999934375
1713724006297707520.000000,0.016051859,0.530145884,15.649028778,0.009864801,-0.005168169,0.001538808,0.999936819
1713724006331380224.000000,0.017028296,0.528820276,15.662100792,0.012602651,-0.005016285,0.001832687,0.999906361
1713724006364586240.000000,0.016883912,0.532025814,15.679036140,0.010506219,-0.004855035,0.002359503,0.999930263
1713724006397791488.000000,0.016844843,0.531293690,15.694251060,0.008138474,-0.005433077,0.001019574,0.999951601
1713724006430995200.000000,0.017196337,0.531064689,15.707530975,0.008460768,-0.005041580,0.001695615,0.999950111
1713724006464197376.000000,0.017423082,0.531210124,15.719732285,0.011521642,-0.004871610,0.001864853,0.999920070
1713724006497398528.000000,0.017898785,0.531754196,15.734603882,0.007387071,-0.004852420,0.001901876,0.999959171
1713724006530598912.000000,0.015009216,0.532394469,15.753038406,0.007284676,-0.005152871,0.000694012,0.999960005
1713724006563797504.000000,0.015143108,0.531740189,15.765734673,0.008593769,-0.005071144,0.001809690,0.999948621
1713724006596994304.000000,0.013678121,0.533643901,15.777372360,0.010059854,-0.005155431,0.001376109,0.999935150
1713724006630190080.000000,0.014763562,0.533882141,15.793052673,0.006521088,-0.005474552,0.001033516,0.999963224
1713724006663384832.000000,0.016315151,0.533207774,15.800168037,0.006562256,-0.005892624,0.001480958,0.999960065
1713724006696578304.000000,0.015714874,0.533264935,15.812555313,0.007709438,-0.006184228,0.001275410,0.999950409
1713724006729770496.000000,0.014885163,0.534353375,15.825897217,0.006881445,-0.006110409,0.001554648,0.999956489
1713724006762960896.000000,0.015862163,0.535645306,15.839859009,0.005216529,-0.006567822,0.001527083,0.999963641
1713724006796150784.000000,0.012952589,0.536570549,15.865202904,0.005071555,-0.006614873,0.001694309,0.999963880
1713724006829338624.000000,0.013188347,0.536393642,15.877588272,0.008082327,-0.006849576,0.002618688,0.999940515
1713724006862525184.000000,0.012936673,0.537289739,15.891566277,0.004975520,-0.007098181,0.002882245,0.999958277
1713724006895710976.000000,0.012406664,0.537731051,15.906763077,0.003782310,-0.007380326,0.001645261,0.999964297
1713724006928894720.000000,0.010822725,0.538553417,15.922033310,0.006588691,-0.007143379,0.002813366,0.999948859
1713724006962077952.000000,0.010828524,0.539337873,15.934758186,0.006952168,-0.007229277,0.003668475,0.999942958
1713724006995259648.000000,0.010036721,0.540568113,15.949237823,0.003191559,-0.007893415,0.002550851,0.999960542
1713724007028439808.000000,0.009559020,0.540910363,15.962735176,0.003988456,-0.007965783,0.002856262,0.999956250
1713724007061618688.000000,0.014221229,0.539855182,15.961374283,0.006066607,-0.008799301,0.003163618,0.999937892
1713724007094796288.000000,0.014150837,0.541944742,15.974876404,0.003572355,-0.008871607,0.003561598,0.999948025
1713724007127972352.000000,0.013573847,0.543386400,15.988668442,0.002594143,-0.009390065,0.002706738,0.999948919
1713724007161147648.000000,0.013904594,0.541923761,16.001701355,0.003919092,-0.009439486,0.003394667,0.999942005
1713724007194321152.000000,0.013392855,0.542511702,16.014570236,0.005543311,-0.009595798,0.004049143,0.999930382
1713724007227493888.000000,0.013487872,0.542594492,16.029087067,0.002025054,-0.009940063,0.003573723,0.999942183
1713724007260664576.000000,0.012954253,0.542338133,16.042556763,0.002224569,-0.010190059,0.003274522,0.999940276
1713724007293834496.000000,0.013171227,0.541433394,16.055301666,0.004262839,-0.009966299,0.003686198,0.999934494
1713724007327008000.000000,0.013810605,0.543699324,16.067804337,0.004711363,-0.009972747,0.004166629,0.999930501
1713724007360217088.000000,0.012436016,0.544665039,16.087841034,0.002030562,-0.010260263,0.003338071,0.999939740
1713724007393424896.000000,0.012286272,0.543959439,16.101188660,0.002941763,-0.010467988,0.003228571,0.999935746
1713724007426631424.000000,0.013055943,0.543226421,16.113445282,0.006498955,-0.010219217,0.004723627,0.999915540
1713724007459836672.000000,0.013415612,0.544864893,16.128665924,0.002501129,-0.010886039,0.004180935,0.999928892
1713724007493040896.000000,0.012001590,0.546612263,16.147903442,-0.000212196,-0.011630576,0.002643688,0.999928892
1713724007526243328.000000,0.012368686,0.545928121,16.161411285,0.001659511,-0.011618647,0.004366841,0.999921620
1713724007559444992.000000,0.012616774,0.546290755,16.174543381,0.002328556,-0.011820791,0.004174579,0.999918759
1713724007592644352.000000,0.011869882,0.546810448,16.190099716,-0.000710745,-0.012119711,0.003474319,0.999920309
1713724007625843456.000000,0.010011748,0.549303710,16.194725037,0.000724819,-0.011963570,0.003402091,0.999922454
1713724007659041280.000000,0.010499375,0.549327016,16.207967758,0.000825820,-0.011821477,0.004131864,0.999921262
1713724007692237056.000000,0.010387378,0.549947739,16.221641541,-0.000321730,-0.011950782,0.003330425,0.999923050
1713724007725431808.000000,0.012405250,0.547952652,16.246171951,0.000082186,-0.012304093,0.004644836,0.999913514
1713724007758626048.000000,0.012219197,0.549519837,16.264514923,-0.000040533,-0.012681357,0.003970525,0.999911726
1713724007791818240.000000,0.012547597,0.549583495,16.277885437,0.001490757,-0.012536296,0.004725493,0.999909222
1713724007825009408.000000,0.012244639,0.551702023,16.291294098,0.000180037,-0.012855629,0.004576582,0.999906898
1713724007858198528.000000,0.012524569,0.550187111,16.306642532,-0.000757939,-0.013113286,0.003866771,0.999906301
1713724007891387136.000000,0.010837567,0.552237213,16.322219849,0.000729495,-0.013003075,0.003686167,0.999908447
1713724007924574464.000000,0.011725045,0.552976370,16.335371017,0.001762129,-0.012864034,0.004816713,0.999904156
1713724007957760256.000000,0.011895617,0.553580582,16.350284576,-0.000982933,-0.013564182,0.003173010,0.999902546
1713724007990944768.000000,0.011658394,0.552796006,16.364875793,-0.000652697,-0.013494943,0.003560403,0.999902487
1713724008024128512.000000,0.006907649,0.551635206,16.357442856,0.000857815,-0.013519730,0.002530008,0.999905050
1713724008057310464.000000,0.007134323,0.552233219,16.370691299,0.001041427,-0.013647423,0.002877465,0.999902189
1713724008090491136.000000,0.006616558,0.553197324,16.384847641,-0.001605085,-0.014360613,0.002112580,0.999893367
1713724008123670016.000000,0.007468969,0.552742779,16.399547577,-0.000651508,-0.014395747,0.001938212,0.999894321
1713724008156848384.000000,0.006196365,0.552693546,16.413818359,0.000742788,-0.014572034,0.002661981,0.999890029
1713724008190025216.000000,0.006151212,0.553870082,16.426879883,0.001341422,-0.014962369,0.002279326,0.999884605
1713724008223200768.000000,0.006404235,0.555176973,16.441709518,-0.002176214,-0.015376199,0.002211131,0.999876976
1713724008256375040.000000,0.006568472,0.555606902,16.454916000,-0.001166905,-0.015760466,0.002129196,0.999872923
1713724008289548032.000000,0.004384815,0.556067348,16.469110489,0.000435324,-0.015678659,0.002949680,0.999872684
1713724008322724352.000000,0.003907267,0.557225525,16.482618332,-0.001449488,-0.016081275,0.002088754,0.999867499
1713724008356091648.000000,0.003895043,0.558913171,16.496271133,-0.001449898,-0.016279900,0.000967330,0.999865949
1713724008389316608.000000,0.002962406,0.559292376,16.509195328,-0.001019557,-0.016453177,0.001644622,0.999862790
1713724008423057408.000000,0.001374504,0.558922052,16.517185211,0.002236629,-0.017011169,0.000861234,0.999852479
1713724008456801536.000000,0.001174965,0.560356915,16.530864716,-0.000241086,-0.017331308,0.001834114,0.999848127
1713724008490548992.000000,0.000657548,0.561598957,16.545433044,-0.002188313,-0.018146992,0.001465781,0.999831915
1713724008524300032.000000,0.000339893,0.561093748,16.557975769,0.001079893,-0.018793995,0.001926074,0.999821007
1713724008558054656.000000,-0.000227199,0.562641680,16.573776245,0.002855805,-0.019185701,0.003356416,0.999806285
1713724008591813120.000000,-0.001130656,0.563464165,16.588567734,-0.000643891,-0.020248486,0.002025243,0.999792755
1713724008625574656.000000,-0.000911972,0.563956618,16.601408005,0.001701868,-0.020217756,0.003987286,0.999786198
1713724008659339776.000000,-0.001211273,0.564304471,16.613971710,0.002205857,-0.020659463,0.004620031,0.999773443
1713724008693107968.000000,-0.002020651,0.564895213,16.632791519,0.001030263,-0.021020314,0.004286494,0.999769330
1713724008726879744.000000,-0.002566749,0.564813495,16.646028519,0.002425382,-0.021369809,0.003513417,0.999762535
1713724008760655104.000000,-0.002165090,0.564702511,16.659364700,0.002393094,-0.021011893,0.005404097,0.999761760
1713724008794434304.000000,-0.001943736,0.565120518,16.672355652,0.002176121,-0.021990180,0.004451923,0.999745905
1713724008828216832.000000,-0.004264288,0.558774889,16.682413101,0.000879995,-0.021797780,0.004961883,0.999749720
1713724008862002688.000000,-0.004341005,0.558703363,16.695081711,0.003115715,-0.022058774,0.005019763,0.999739230
1713724008895792128.000000,-0.004116108,0.559148014,16.708875656,0.001388450,-0.022116924,0.006144463,0.999735534
1713724008929584640.000000,-0.004556350,0.559425056,16.722717285,0.001430153,-0.022704674,0.005473711,0.999726236
1713724008963380992.000000,-0.005826842,0.559659600,16.739154816,0.001865764,-0.022774974,0.005653535,0.999722958
1713724008997180672.000000,-0.005800301,0.560503244,16.751529694,0.003218560,-0.022761954,0.006235254,0.999716341
1713724009030983936.000000,-0.005690661,0.561265409,16.765201569,0.001502047,-0.023332773,0.006259009,0.999707043
1713724009064791040.000000,-0.006283268,0.561975539,16.778617859,0.001429346,-0.023339596,0.006528336,0.999705315
1713724009098601216.000000,-0.007489024,0.562348068,16.793481827,0.003011371,-0.023635585,0.005751433,0.999699593
1713724009132414464.000000,-0.007249855,0.563907743,16.805984497,0.003178595,-0.023567488,0.006860938,0.999693632
1713724009166231552.000000,-0.007682450,0.564573109,16.819702148,0.000841278,-0.024377281,0.005930795,0.999684930
1713724009200052224.000000,-0.008393628,0.566100597,16.832271576,0.001408069,-0.024122901,0.006787039,0.999684989
1713724009233876224.000000,-0.009356725,0.564280450,16.842489243,0.003095665,-0.024133325,0.006005157,0.999686003
1713724009267704064.000000,-0.009039679,0.565585911,16.855569839,0.001366015,-0.023954708,0.006956806,0.999687910
1713724009301535232.000000,-0.009443721,0.567271352,16.868589401,0.001051574,-0.024190027,0.005559393,0.999691427
1713724009335369472.000000,-0.009443269,0.567684948,16.882307053,0.001540659,-0.022809034,0.006076563,0.999720275
1713724009369207296.000000,-0.006207289,0.569371641,16.898687363,0.002213530,-0.021163672,0.005631641,0.999757707
1713724009403287296.000000,-0.004346334,0.570248783,16.912315369,0.000400503,-0.018781701,0.005050628,0.999810815
1713724009436505600.000000,-0.001324314,0.570791304,16.924833298,0.000281026,-0.015245207,0.004790083,0.999872327
1713724009469722624.000000,0.002621726,0.571192920,16.935710907,0.002052143,-0.010877564,0.004383045,0.999929190
1713724009502938624.000000,0.013659034,0.567638576,16.947620392,0.000995768,-0.005670705,0.004780896,0.999971986
1713724009536153088.000000,0.019986406,0.568410575,16.959318161,-0.000041690,0.000909416,0.003712520,0.999992728
1713724009569367040.000000,0.027304761,0.569012046,16.970331192,0.001350891,0.008480101,0.004048751,0.999954939
1713724009602579200.000000,0.035880852,0.570023417,16.982940674,0.000500486,0.015577151,0.003930090,0.999870896
1713724009635790080.000000,0.042972520,0.570477784,16.994859695,0.001113522,0.022405263,0.002127256,0.999746084
1713724009668999680.000000,0.050544262,0.571263552,17.007034302,0.001561876,0.029009910,0.003818887,0.999570668
1713724009702208512.000000,0.060869705,0.586564004,17.046047211,0.001783389,0.033010282,0.001660055,0.999452114
1713724009735415808.000000,0.065763570,0.586945653,17.059236526,0.002486042,0.037187640,0.001999729,0.999303281
1713724009768622336.000000,0.069986776,0.587206960,17.072496414,0.002233387,0.040595487,0.001839467,0.999171495
1713724009801827072.000000,0.075319774,0.587346256,17.085098267,0.002478123,0.043211814,0.000667566,0.999062657
1713724009835031040.000000,0.080168493,0.587237418,17.098571777,0.001962386,0.046482973,0.001122901,0.998916507
1713724009868233984.000000,0.084782965,0.587639809,17.111276627,0.003252466,0.050095905,-0.000105491,0.998739183
1713724009901435136.000000,0.091230281,0.568625748,17.100811005,-0.002074131,0.054909870,0.001200494,0.998488486
1713724009934635520.000000,0.097766742,0.568627238,17.112373352,-0.000863675,0.060274642,0.000019274,0.998181522
1713724009967834112.000000,0.105836466,0.569292307,17.123617172,-0.001428443,0.067135848,0.001264555,0.997742057
1713724010001032192.000000,0.114264168,0.570302665,17.133798599,-0.001922078,0.074257731,-0.000584278,0.997237086
1713724010034228480.000000,0.127558872,0.573180974,17.148252487,-0.002141375,0.082579985,0.000359863,0.996582150
1713724010067423744.000000,0.136655793,0.572476268,17.157728195,-0.000675825,0.090815671,-0.001942774,0.995865583
1713724010100618240.000000,0.147574976,0.573179185,17.166311264,-0.000245875,0.101090975,-0.000513905,0.994877040
1713724010133810688.000000,0.158290997,0.573785245,17.175292969,-0.002029780,0.110239707,-0.001806837,0.993901312
1713724010167002368.000000,0.173002616,0.569444954,17.180875778,-0.001566109,0.119315423,0.000111550,0.992855191
1713724010200193280.000000,0.184115678,0.569803953,17.188861847,-0.000892598,0.128586248,-0.000619950,0.991697788
1713724010233381888.000000,0.195321679,0.570447266,17.197341919,-0.002882564,0.138044924,-0.001124315,0.990421236
1713724010266570240.000000,0.207931250,0.569362044,17.206720352,-0.002641633,0.147380784,-0.001481625,0.989075243
1713724010299757312.000000,0.217848390,0.568659604,17.211452484,-0.000056276,0.156962022,-0.001034769,0.987604141
1713724010332942848.000000,0.230298698,0.569241643,17.219331741,-0.001872620,0.166896209,-0.000331044,0.985972643
1713724010366127360.000000,0.241989166,0.570315540,17.227996826,-0.003369992,0.175732940,-0.001837569,0.984430432
1713724010399310592.000000,0.254654765,0.577778995,17.239711761,0.000076464,0.183621719,-0.004461278,0.982986867
1713724010432525824.000000,0.272447199,0.572706521,17.250377655,-0.000195057,0.190147832,-0.003320198,0.981749833
1713724010465740032.000000,0.282382309,0.574961543,17.260524750,-0.003502757,0.196200907,-0.003155663,0.980552435
1713724010498952960.000000,0.290912569,0.575656891,17.270063400,-0.002746408,0.201057270,-0.003934811,0.979567766
1713724010532164096.000000,0.298640192,0.578963876,17.277021408,-0.000463860,0.205627009,-0.002511545,0.978627145
1713724010565374720.000000,0.298665285,0.570579529,17.290376663,-0.004415229,0.208857134,-0.000524166,0.977936149
1713724010598583552.000000,0.304730952,0.571104348,17.300680161,-0.004415097,0.211465552,-0.001200551,0.977374792
1713724010631791104.000000,0.309970766,0.571246803,17.309484482,-0.001145869,0.214206696,-0.000966621,0.976787210
1713724010664997888.000000,0.316434711,0.576373756,17.319740295,-0.003951131,0.216158792,-0.000817606,0.976349950
1713724010698203136.000000,0.328213394,0.574937582,17.336303711,-0.004965567,0.217607856,-0.002100318,0.976021469
1713724010731406848.000000,0.333744168,0.575297654,17.345586777,-0.002140393,0.219836473,-0.001279187,0.975533605
1713724010764609792.000000,0.338504910,0.577704966,17.354766846,-0.001549451,0.221636698,-0.002627640,0.975124538
1713724010797811456.000000,0.345779717,0.579262137,17.366863251,-0.004928176,0.223307759,-0.001650795,0.974734128
1713724010831012352.000000,0.359491438,0.578380644,17.382427216,-0.004064766,0.224366128,-0.001699876,0.974494994
1713724010864211200.000000,0.364688307,0.580010891,17.392051697,-0.003078273,0.226229340,-0.001294648,0.974068344
1713724010897409280.000000,0.369973868,0.581965685,17.402595520,-0.004784998,0.228084460,-0.001543550,0.973628402
1713724010930605568.000000,0.370864451,0.584351182,17.410612106,-0.004655382,0.230295956,-0.001289594,0.973108709
1713724010963800832.000000,0.390678972,0.572079957,17.426498413,-0.006137812,0.230598122,-0.000197902,0.973029733
1713724010996995328.000000,0.396700144,0.573956907,17.435962677,-0.005384322,0.233437791,-0.000170705,0.972356856
1713724011030188288.000000,0.403464377,0.576500416,17.446193695,-0.007497070,0.236652464,-0.000297786,0.971565425
1713724011063380224.000000,0.410777450,0.577953458,17.455404282,-0.007613878,0.240797579,-0.000534343,0.970545411
1713724011096570368.000000,0.430404067,0.578027844,17.465581894,-0.005565410,0.245126531,-0.000605723,0.969474971
1713724011129759744.000000,0.439577997,0.579837322,17.473039627,-0.007996125,0.251528889,-0.000616555,0.967816591
1713724011162947584.000000,0.449124634,0.581711590,17.479686737,-0.008120206,0.258962274,-0.001761595,0.965851724
1713724011196135168.000000,0.461136401,0.583581984,17.484947205,-0.006304856,0.266996503,-0.001205618,0.963676155
1713724011229320192.000000,0.483908236,0.582743526,17.494300842,-0.007403719,0.274589449,-0.001598946,0.961531758
1713724011262504704.000000,0.496224046,0.584871233,17.499938965,-0.009643300,0.283348083,-0.001661527,0.958967209
1713724011295687680.000000,0.507655382,0.584579706,17.504310608,-0.008276154,0.291754216,-0.002590614,0.956454039
1713724011328869888.000000,0.521329641,0.587075472,17.507614136,-0.006215947,0.300034970,-0.002092667,0.953905642
1713724011362050304.000000,0.538832664,0.586296201,17.508430481,-0.010042859,0.306259274,0.000152281,0.951895177
1713724011395213056.000000,0.548842430,0.588060141,17.513713837,-0.008410208,0.313838065,-0.000146745,0.949439287
1713724011428435968.000000,0.559766650,0.589919388,17.518115997,-0.007249760,0.320988476,0.000372059,0.947055280
1713724011461658112.000000,0.573563933,0.591416001,17.523441315,-0.009624875,0.326069742,-0.001017820,0.945296228
1713724011494878208.000000,0.593641162,0.591428399,17.532388687,-0.008504964,0.331432521,-0.000014427,0.943440616
1713724011528097536.000000,0.604217410,0.592690170,17.536994934,-0.007461441,0.336525708,-0.001185196,0.941644013
1713724011561316352.000000,0.615515590,0.595121384,17.542160034,-0.008955547,0.341841966,-0.000372699,0.939714730
1713724011594532864.000000,0.626667142,0.595435560,17.548545837,-0.009798470,0.346431732,-0.001541081,0.938022792
1713724011627748608.000000,0.643875360,0.596062779,17.556760788,-0.006429945,0.351153821,-0.002470383,0.936292470
1713724011660963840.000000,0.655241966,0.598189652,17.561668396,-0.008841682,0.356436282,-0.001372188,0.934276819
1713724011694177024.000000,0.666772366,0.599562287,17.567459106,-0.010619339,0.361055017,-0.003041584,0.932479084
1713724011727389696.000000,0.668623209,0.601965964,17.563951492,-0.007072739,0.366457373,-0.002663280,0.930404186
1713724011760601600.000000,0.687153101,0.599865794,17.581840515,-0.007253080,0.370999157,-0.001822402,0.928603113
1713724011793811456.000000,0.698422909,0.601296306,17.587486267,-0.010329733,0.375516385,-0.001289057,0.926757336
1713724011827020288.000000,0.708266497,0.600669622,17.592241287,-0.008230978,0.378944755,-0.002127937,0.925380290
1713724011860228864.000000,0.724444628,0.601246715,17.602554321,-0.006883562,0.381487012,-0.001211024,0.924347818
1713724011893435136.000000,0.733435869,0.602240503,17.609878540,-0.009732416,0.382978529,-0.002675742,0.923702180
1713724011926640896.000000,0.742223024,0.602630913,17.616222382,-0.008061094,0.384972334,-0.001571350,0.922891557
1713724011959845888.000000,0.753315926,0.600830317,17.632570267,-0.006203998,0.385062844,-0.003866817,0.922861397
1713724011993048832.000000,0.761556387,0.601970673,17.640029907,-0.008273295,0.385869533,-0.002581239,0.922512650
1713724012026251008.000000,0.769714117,0.603246987,17.647674561,-0.008911664,0.386472464,-0.003063824,0.922252834
1713724012059452416.000000,0.784249306,0.600732863,17.657960892,-0.008301574,0.386476636,-0.003796524,0.922254026
1713724012092652032.000000,0.791548729,0.601090133,17.664312363,-0.005815999,0.388154894,-0.005817746,0.921557486
1713724012125850880.000000,0.801417351,0.602589786,17.671089172,-0.008296588,0.390520155,-0.004338285,0.920546770
1713724012159048448.000000,0.817119122,0.601563215,17.678619385,-0.010362979,0.392052799,-0.004222705,0.919874728
1713724012192244736.000000,0.826364040,0.600580394,17.682966232,-0.006979576,0.396139085,-0.004864094,0.918151140
1713724012225440512.000000,0.837094069,0.601482689,17.687162399,-0.007712810,0.400802106,-0.005463196,0.916115999
1713724012258634496.000000,0.853613377,0.602203071,17.691234589,-0.010953293,0.405658394,-0.004760419,0.913946748
1713724012291827968.000000,0.865296125,0.601514041,17.693321228,-0.008271173,0.412216067,-0.005007518,0.911034822
1713724012325019904.000000,0.877399445,0.601721585,17.694759369,-0.007182218,0.419246137,-0.006195229,0.907823145
1713724012358210048.000000,0.893654585,0.604417324,17.696485519,-0.009596515,0.426419050,-0.004351635,0.904464364
1713724012391387136.000000,0.906937599,0.604478300,17.698051453,-0.009273956,0.433072537,-0.005142007,0.901296794
1713724012424605696.000000,0.924839497,0.605250537,17.700643539,-0.006799975,0.439596325,-0.006117530,0.898148954
1713724012457822208.000000,0.938819408,0.606791079,17.702720642,-0.009911539,0.445797056,-0.004999205,0.895065308
1713724012491038208.000000,0.947410107,0.607383013,17.706666946,-0.009443363,0.451139569,-0.004468157,0.892392278
1713724012524252928.000000,0.959577560,0.607791066,17.708276749,-0.006766202,0.456161380,-0.003742314,0.889863551
1713724012557466368.000000,0.972407818,0.609635055,17.712833405,-0.008657251,0.459499627,-0.004435277,0.888124764
1713724012590678528.000000,0.983536720,0.611180782,17.716737747,-0.008900657,0.462563366,-0.003912131,0.886532903
1713724012623889152.000000,0.996766090,0.612686753,17.722805023,-0.006423405,0.464340270,-0.004895761,0.885620117
1713724012657098752.000000,1.006870747,0.614380181,17.728000641,-0.008139553,0.465741843,-0.003613616,0.884875834
1713724012690307328.000000,1.019269943,0.613974512,17.738088608,-0.008491251,0.465784401,-0.005179778,0.884842336
1713724012723514624.000000,1.029367447,0.615435064,17.743869781,-0.007255164,0.466069192,-0.002953467,0.884713650
1713724012756720896.000000,1.037736893,0.617341042,17.750465393,-0.007995407,0.464962214,-0.003914102,0.885285795
1713724012789925632.000000,1.047114372,0.618712604,17.757553101,-0.009143484,0.464486182,-0.003513666,0.885526299
1713724012823128832.000000,1.054851055,0.621843517,17.760997772,-0.006063710,0.463764429,-0.005283720,0.885922074
1713724012856331264.000000,1.061333656,0.624128819,17.769527435,-0.006719955,0.464068621,-0.001772319,0.885772049
1713724012889532928.000000,1.079563618,0.623860300,17.777423859,-0.009414180,0.465064734,-0.003290063,0.885220587
1713724012922732288.000000,1.088464737,0.624576926,17.780797958,-0.008527901,0.466546506,-0.003520941,0.884448647
1713724012955931392.000000,1.096644878,0.625569344,17.783340454,-0.004988738,0.468900830,-0.004026310,0.883227646
1713724012989128704.000000,1.109770775,0.628080726,17.787181854,-0.008287052,0.471718788,-0.002915805,0.881705344
1713724013022325248.000000,1.119469166,0.630062878,17.789173126,-0.007727298,0.474951595,-0.003140363,0.879972458
1713724013055520256.000000,1.142440319,0.625520110,17.799808502,-0.007408395,0.479629010,-0.002539931,0.877436459
1713724013088714240.000000,1.151859283,0.626305282,17.799610138,-0.006198498,0.484696954,-0.004143982,0.874650359
1713724013121906688.000000,1.166856766,0.627812564,17.799478531,-0.007972459,0.491020381,-0.002639199,0.871107638
1713724013155098112.000000,1.177079678,0.628483415,17.797971725,-0.007081215,0.496793717,-0.004390501,0.867828727
1713724013188288512.000000,1.188377857,0.629096985,17.795444489,-0.007531046,0.503870189,-0.002572370,0.863742709
1713724013221477632.000000,1.206046104,0.629119575,17.795967102,-0.006586073,0.509620547,-0.005025922,0.860359430
1713724013254665728.000000,1.216693401,0.629907310,17.792163849,-0.003758782,0.516233563,-0.003892276,0.856430769
1713724013287851776.000000,1.227820873,0.626213253,17.796432495,-0.009040460,0.521642566,-0.004081891,0.853106558
1713724013321037056.000000,1.237674713,0.627224624,17.794649124,-0.007635758,0.526202738,-0.004232510,0.850314319
1713724013354221056.000000,1.247273445,0.627836347,17.793243408,-0.007339977,0.530039132,-0.004103165,0.847931564
1713724013387384576.000000,1.263377666,0.628667593,17.796644211,-0.006327731,0.532747209,-0.005442753,0.846233368
1713724013420616960.000000,1.272337437,0.630501926,17.797378540,-0.007560023,0.534725785,-0.004037943,0.844982266
1713724013453847808.000000,1.280067921,0.631665230,17.799692154,-0.008489839,0.535355210,-0.005646085,0.844565511
1713724013487077888.000000,1.296117783,0.632961452,17.804470062,-0.008156860,0.536433041,-0.005198635,0.843887508
1713724013520306944.000000,1.302709103,0.633096516,17.806886673,-0.006655704,0.536398828,-0.006958778,0.843909740
1713724013553534720.000000,1.310680389,0.634359479,17.809675217,-0.007656884,0.536984086,-0.005251995,0.843541265
1713724013586761984.000000,1.334963322,0.637680471,17.822525024,-0.010359153,0.537100494,-0.005886241,0.843434215
1713724013619987456.000000,1.341916561,0.637587607,17.824747086,-0.008707983,0.537856698,-0.006627480,0.842965305
1713724013653212416.000000,1.332520962,0.637295485,17.817089081,-0.007138175,0.538886487,-0.007387692,0.842315733
1713724013686435840.000000,1.371261597,0.640179396,17.835643768,-0.011467074,0.540696621,-0.006840955,0.841111779
1713724013719658496.000000,1.379081249,0.641204178,17.836166382,-0.010308249,0.543242335,-0.006928371,0.839484096
1713724013752880640.000000,1.385992050,0.641047955,17.835708618,-0.010295142,0.545926034,-0.007774999,0.837734044
1713724013786100992.000000,1.417068481,0.642814517,17.848627090,-0.010807135,0.549231470,-0.007100464,0.835570276
1713724013819320320.000000,1.424075127,0.642514646,17.846233368,-0.010988889,0.552875459,-0.008290743,0.833150208
1713724013852539648.000000,1.430980682,0.642636001,17.841917038,-0.010080578,0.558019638,-0.008052690,0.829727471
1713724013885756672.000000,1.448843002,0.643896341,17.841117859,-0.012211055,0.563738108,-0.008417492,0.825820506
1713724013918973184.000000,1.455981255,0.642890811,17.834136963,-0.008715403,0.571398020,-0.010188724,0.820563614
1713724013952188672.000000,1.464994431,0.643450081,17.826446533,-0.011133658,0.579781055,-0.009401334,0.814642012
1713724013985403392.000000,1.487478256,0.645577371,17.823146820,-0.012587635,0.588097095,-0.009827541,0.808632672
1713724014018616320.000000,1.496938705,0.645002961,17.813905716,-0.009977311,0.597011089,-0.009407988,0.802115858
1713724014051828736.000000,1.513604164,0.646625638,17.808143616,-0.011127530,0.604653001,-0.010495238,0.796342134
1713724014085040384.000000,1.525636673,0.647305131,17.802825928,-0.013268099,0.611697495,-0.010066584,0.790916443
1713724014118250496.000000,1.536190033,0.646927476,17.797019958,-0.010744277,0.618246794,-0.010599486,0.785839200
1713724014151459328.000000,1.564101219,0.645639658,17.799371719,-0.011906642,0.623976111,-0.009521378,0.781294703
1713724014184667904.000000,1.574488640,0.646168768,17.794954300,-0.013441001,0.628247678,-0.009924849,0.777833998
1713724014217874688.000000,1.584199905,0.646570683,17.790395737,-0.010881345,0.632282615,-0.009198252,0.774606764
1713724014251080704.000000,1.601391792,0.647942781,17.789779663,-0.013306689,0.635046542,-0.009965606,0.772294998
1713724014284285440.000000,1.610764503,0.648329973,17.787834167,-0.012026266,0.637122095,-0.010082239,0.770603240
1713724014317490176.000000,1.620516777,0.648969710,17.786823273,-0.012611340,0.638550043,-0.009381794,0.769419789
1713724014350692864.000000,1.641505241,0.650275469,17.791061401,-0.014316468,0.639920712,-0.010120668,0.768240929
1713724014383888896.000000,1.650959969,0.650516927,17.790336609,-0.015016129,0.641306520,-0.010259255,0.767069280
1713724014417110784.000000,1.659732819,0.650717199,17.788515091,-0.012808361,0.643555522,-0.011937037,0.765199244
1713724014450330624.000000,1.688505173,0.648171067,17.792797089,-0.016381053,0.646449208,-0.009811630,0.762718141
1713724014483549952.000000,1.697661400,0.649236441,17.790357590,-0.016053682,0.649566412,-0.010806686,0.760058582
1713724014516767232.000000,1.706684113,0.649274826,17.786388397,-0.016269840,0.653905332,-0.010780647,0.756324708
1713724014549984256.000000,1.723142624,0.649714410,17.783153534,-0.016900700,0.658718765,-0.011447525,0.752112389
1713724014583199232.000000,1.731542587,0.650092185,17.777980804,-0.017837657,0.664111257,-0.011222186,0.747336745
1713724014616413696.000000,1.744490623,0.650406957,17.770965576,-0.017350852,0.670728743,-0.011736414,0.741406977
1713724014649626368.000000,1.752648354,0.651726365,17.762836456,-0.018681221,0.677927732,-0.010750032,0.734812558
1713724014682838528.000000,1.757811546,0.652493477,17.750736237,-0.018075459,0.684463203,-0.012600206,0.728714466
1713724014716048640.000000,1.765618324,0.653086722,17.741024017,-0.015544333,0.691599727,-0.012470447,0.722006083
1713724014749257984.000000,1.776961327,0.655059516,17.733669281,-0.019555239,0.697498024,-0.011421683,0.716228843
1713724014782466304.000000,1.785175323,0.655684650,17.726268768,-0.018842714,0.702580452,-0.012657072,0.711242259
1713724014815673344.000000,1.794473648,0.656394124,17.719528198,-0.016972298,0.707762480,-0.012014768,0.706144452
1713724014848879104.000000,1.803716660,0.657761455,17.713985443,-0.020918725,0.711297810,-0.012065371,0.702475905
1713724014882083584.000000,1.811565399,0.658398628,17.708509445,-0.019376695,0.714638829,-0.012200182,0.699118853
1713724014915287296.000000,1.873140335,0.646107078,17.712162018,-0.018240234,0.717612207,-0.011705641,0.696105659
1713724014948489472.000000,1.881790161,0.647923052,17.708829880,0.020301431,-0.719208956,0.009908625,-0.694426537
1713724014981690112.000000,1.889564514,0.648812532,17.706781387,0.020841777,-0.719836712,0.010377924,-0.693752944
1713724015014890496.000000,1.914096832,0.648930609,17.708246231,-0.016963659,0.720207989,-0.011182769,0.693460763
1713724015048088832.000000,1.922248840,0.650470555,17.708337784,-0.019387551,0.719469190,-0.009566090,0.694187820
1713724015081286144.000000,1.931371689,0.652089715,17.710096359,0.020163935,-0.718424439,0.009319999,-0.695250332
1713724015114482176.000000,1.938318253,0.652219236,17.712247849,-0.018590350,0.716779470,-0.010708511,0.696969926
1713724015147677184.000000,1.967678070,0.652970254,17.715990067,-0.017453570,0.714409888,-0.009796561,0.699441254
1713724015180870912.000000,1.974822044,0.654370427,17.719964981,-0.020423012,0.711347938,-0.008516942,0.702491760
1713724015214063616.000000,1.979513168,0.654686749,17.723709106,-0.018137129,0.708657622,-0.007921994,0.705274999
1713724015247255040.000000,2.003436089,0.655479074,17.730051041,-0.018594313,0.705154479,-0.008896696,0.708754122
1713724015280445696.000000,2.007276535,0.655918241,17.735307693,-0.017644964,0.701463878,-0.008353052,0.712437689
1713724015313634304.000000,2.010982513,0.656397223,17.741735458,-0.017071215,0.696575284,-0.008161239,0.717234194
1713724015346822144.000000,2.023829460,0.656988382,17.747766495,-0.017076576,0.690603852,-0.007181724,0.722995996
1713724015380000000.000000,2.028029442,0.656803727,17.756662369,-0.015693657,0.683080435,-0.007498422,0.730136096
1713724015413227776.000000,2.033811569,0.657598138,17.767242432,-0.015275835,0.675081432,-0.006404996,0.737557292
1713724015446454528.000000,2.047861099,0.659338295,17.778434753,-0.017447921,0.666949332,-0.005510337,0.744878352
1713724015479680000.000000,2.055304527,0.659694016,17.789449692,-0.017418779,0.659171820,-0.005348710,0.751771569
1713724015512905216.000000,2.061560631,0.659413576,17.799079895,-0.014639678,0.652348161,-0.005461884,0.757758439
1713724015546128384.000000,2.080177307,0.661827385,17.810794830,-0.016504006,0.645941854,-0.004718547,0.763193667
1713724015579350528.000000,2.087978363,0.662082016,17.820075989,-0.017564910,0.640131950,-0.004936946,0.768048346
1713724015612571392.000000,2.095191002,0.662051320,17.827140808,-0.014341004,0.635686874,-0.004492383,0.771800756
1713724015645791488.000000,2.117281914,0.663188934,17.835149765,-0.017976975,0.631349206,-0.003850192,0.775280774
1713724015679010304.000000,2.124497414,0.663136601,17.840383530,-0.014794905,0.628393888,-0.004381613,0.777742326
1713724015712228608.000000,2.134202957,0.663448334,17.844076157,-0.015862454,0.626105130,-0.002960634,0.779571712
1713724015745445376.000000,2.174480438,0.667555451,17.858463287,-0.018455610,0.624152780,-0.003687488,0.781075597
1713724015778660864.000000,2.183608055,0.667442441,17.860530853,-0.017415406,0.623407245,-0.003337446,0.781696260
1713724015811875072.000000,2.192014694,0.666902542,17.862249374,-0.016398581,0.622886121,-0.004183316,0.782129467
1713724015845088768.000000,2.211379051,0.669226408,17.867238998,-0.017406501,0.622966528,-0.002967404,0.782049179
1713724015878300672.000000,2.220792770,0.670220494,17.869373322,-0.017824015,0.622860074,-0.003790903,0.782121003
1713724015911511808.000000,2.230985641,0.670272112,17.870605469,-0.018147226,0.623097241,-0.002768893,0.781928897
1713724015944721920.000000,2.246917725,0.671178102,17.874752045,-0.016800247,0.623129904,-0.004841744,0.781922936
1713724015977931008.000000,2.257832527,0.671925783,17.876316071,-0.018441468,0.623409808,-0.002447288,0.781673908
1713724016011138560.000000,2.268253326,0.673209310,17.878250122,-0.019298701,0.623138726,-0.003040886,0.781867325
1713724016044345088.000000,2.296643257,0.671509266,17.885410309,-0.018575110,0.623448610,-0.003060931,0.781637728
1713724016077550848.000000,2.306033134,0.672377348,17.886674881,-0.017317085,0.623609364,-0.004146507,0.781533301
1713724016110755328.000000,2.317461967,0.673637271,17.887990952,-0.019803442,0.623598456,-0.002200647,0.781490922
1713724016143958784.000000,2.314810753,0.674333811,17.884117126,-0.019502942,0.623693466,-0.002226310,0.781422555
1713724016177160960.000000,2.340704918,0.673592567,17.891506195,-0.017746232,0.623949051,-0.003761437,0.781254530
1713724016210361856.000000,2.351570129,0.675200105,17.893091202,-0.018548783,0.624174953,-0.002380013,0.781060755
1713724016243561984.000000,2.370553017,0.679520965,17.898012161,-0.019592911,0.624216020,-0.003116410,0.780999899
1713724016276761088.000000,2.381638527,0.679409385,17.899305344,-0.018748965,0.624721527,-0.002504940,0.780618608
1713724016309958400.000000,2.391835213,0.680207968,17.900577545,-0.017432492,0.624685109,-0.004626741,0.780668437
1713724016343155712.000000,2.412047386,0.680694282,17.903892517,-0.018905355,0.625065863,-0.002254664,0.780339837
1713724016376273920.000000,2.422816277,0.682309747,17.905740738,-0.019095983,0.624910057,-0.002797882,0.780458152
1713724016409702656.000000,2.433586121,0.682407618,17.907192230,-0.018236043,0.625053644,-0.003032389,0.780362844
1713724016443133184.000000,2.448420525,0.683734298,17.909246445,-0.016966280,0.625353575,-0.003270481,0.780150294
1713724016476565248.000000,2.460321426,0.684961200,17.911193848,-0.018970471,0.625251591,-0.002056222,0.780189931
1713724016509998592.000000,2.471426964,0.685909748,17.913211823,-0.018754415,0.625381291,-0.001960749,0.780091524
1713724016543433728.000000,2.495347977,0.688764215,17.922775269,-0.016833983,0.626253009,-0.003208885,0.779431522
1713724016576869888.000000,2.506528854,0.690023303,17.924541473,-0.017491926,0.626640439,-0.002066961,0.779109478
1713724016610307840.000000,2.518116951,0.691310048,17.926952362,-0.019034371,0.626605332,-0.001925273,0.779101968
1713724016643747840.000000,2.526151657,0.688121319,17.922050476,-0.017761353,0.626603782,-0.001688175,0.779133797
1713724016677188608.000000,2.536746025,0.688813388,17.923509598,-0.016314732,0.627070248,-0.002677712,0.778787255
1713724016710631680.000000,2.548776627,0.690374851,17.925573349,-0.018563036,0.627449811,-0.001081589,0.778435051
1713724016744075776.000000,2.579890251,0.691527784,17.936321259,-0.018995892,0.628042638,-0.000921643,0.777946591
1713724016777521664.000000,2.590259552,0.691207170,17.938232422,-0.016326996,0.628368914,-0.003186725,0.777737737
1713724016810968576.000000,2.583718300,0.692810774,17.931957245,-0.016287232,0.628589034,-0.002037191,0.777564406
1713724016844417536.000000,2.602579117,0.694484830,17.935007095,-0.019832214,0.628608763,-0.001566851,0.777467251
1713724016877868288.000000,2.614340782,0.694861054,17.936643600,-0.018048223,0.629244864,-0.001680549,0.776995718
1713724016911320064.000000,2.624286652,0.695469499,17.938579559,-0.015213003,0.629423141,-0.004484084,0.776900947
1713724016944773376.000000,2.668960571,0.695803463,17.950277328,-0.018584730,0.630080223,-0.001422502,0.776306391
1713724016978228224.000000,2.680895805,0.697665036,17.952426910,-0.019093435,0.630227208,-0.002271198,0.776172638
1713724017011684864.000000,2.691753387,0.698676944,17.953964233,-0.016853217,0.630766213,-0.001839147,0.775787711
1713724017045142784.000000,2.703010559,0.702233076,17.956089020,-0.017665954,0.630678415,-0.002848604,0.775838017
1713724017078602496.000000,2.715955734,0.701935232,17.958446503,-0.018873554,0.631070554,-0.002186681,0.775492787
1713724017112064000.000000,2.727070808,0.703388512,17.960527420,-0.017868554,0.631444931,-0.002542348,0.775210738
1713724017145526528.000000,2.737812996,0.704143465,17.962835312,-0.016659897,0.631562829,-0.004325602,0.775133669
1713724017178990848.000000,2.751437187,0.705797136,17.963968277,-0.017865855,0.632363439,-0.002544147,0.774461687
1713724017212456192.000000,2.763391495,0.707137227,17.965944290,-0.018662903,0.632904053,-0.003466571,0.773997545
1713724017245923840.000000,2.775483131,0.706930935,17.967107773,-0.018124217,0.634104013,-0.003279090,0.773028433
1713724017279392768.000000,2.790098190,0.707258821,17.968385696,-0.017422035,0.635036290,-0.004466721,0.772272944
1713724017312863232.000000,2.801757812,0.708718538,17.969654083,-0.018885922,0.636244297,-0.003285642,0.771249533
1713724017346334976.000000,2.813303947,0.709503531,17.971263885,-0.019166030,0.637111843,-0.003579851,0.770524800
1713724017379879168.000000,2.829916000,0.709345579,17.972831726,-0.016835628,0.637677729,-0.004550311,0.770105779
1713724017413136640.000000,2.841310501,0.710416615,17.974431992,-0.017896062,0.638156831,-0.003690873,0.769689500
1713724017446393856.000000,2.852488518,0.712019026,17.976558685,-0.018058218,0.638316989,-0.004102691,0.769550920
1713724017479649280.000000,2.875240326,0.709274888,17.976894379,-0.017562253,0.638133585,-0.003688431,0.769716501
1713724017512904704.000000,2.886148453,0.710350633,17.978631973,-0.016768986,0.638289869,-0.003881551,0.769603729
1713724017546158592.000000,2.897706032,0.710708857,17.980649948,-0.017369328,0.638165414,-0.004220571,0.769691825
1713724017579411200.000000,2.911932945,0.711452603,17.982822418,-0.016651863,0.638475418,-0.003522080,0.769454062
1713724017612664064.000000,2.923814774,0.711284876,17.984611511,-0.016508343,0.638209939,-0.003704467,0.769676447
1713724017645915392.000000,2.936246872,0.710506976,17.986068726,-0.016539451,0.638436496,-0.002829877,0.769491613
1713724017679165952.000000,2.950560570,0.711262047,17.987939835,-0.014524622,0.638550162,-0.004017213,0.769432724
1713724017712415488.000000,2.962923050,0.711538136,17.989038467,-0.014865649,0.638757288,-0.002371474,0.769261003
1713724017745664000.000000,2.975346565,0.712104559,17.990894318,-0.015491763,0.638526261,-0.002590707,0.769439816
1713724017778911744.000000,2.988696098,0.714000404,17.994312286,-0.013810652,0.638717473,-0.003560228,0.769309163
1713724017812158464.000000,2.999610901,0.714014411,17.995464325,-0.011223936,0.638913929,-0.003951654,0.769186258
1713724017845405184.000000,3.012669563,0.714953303,17.997879028,-0.015017305,0.638565600,-0.002431299,0.769417048
1713724017878649856.000000,3.033118248,0.714814365,18.000692368,-0.014113118,0.638500869,-0.002700364,0.769487023
1713724017911894272.000000,3.044110298,0.713166595,18.002328873,-0.011412308,0.638181031,-0.003914423,0.769791901
1713724017945137664.000000,3.056336403,0.713598609,18.005302429,-0.013130737,0.637299299,-0.002928666,0.770498991
1713724017978380544.000000,3.069345474,0.715619504,18.009481430,-0.013465612,0.635835767,-0.003614528,0.771698475
1713724018011621632.000000,3.080918312,0.714891434,18.013355255,-0.012299570,0.634379625,-0.003425361,0.772916317
1713724018044862464.000000,3.091649055,0.715543389,18.017902374,-0.011461020,0.632337332,-0.004603630,0.774594784
1713724018078102272.000000,3.103403091,0.717183352,18.021549225,-0.013322786,0.630466342,-0.003848095,0.776092708
1713724018111341568.000000,3.114186287,0.718084455,18.026218414,-0.012479743,0.628807425,-0.004565706,0.777447641
1713724018144579328.000000,3.124952316,0.718295813,18.029788971,-0.011266714,0.627638519,-0.005138990,0.778406501
1713724018177816576.000000,3.138287544,0.720249593,18.031339645,-0.012355924,0.626661181,-0.005380363,0.779175341
1713724018211052800.000000,3.150158882,0.720773399,18.034473419,-0.012578190,0.626231015,-0.005222594,0.779518664
1713724018244288768.000000,3.161295891,0.720856309,18.036623001,-0.011305075,0.626402795,-0.005699704,0.779396772
1713724018277522944.000000,3.184597015,0.724850535,18.044446945,-0.011452274,0.627082050,-0.006057085,0.778845489
1713724018310756608.000000,3.196776390,0.725666285,18.046037674,-0.012183197,0.627844632,-0.006179275,0.778218865
1713724018343989248.000000,3.208661079,0.726039171,18.046501160,-0.011546314,0.629251599,-0.006441188,0.777089238
1713724018377214464.000000,3.215195656,0.722912312,18.039579391,-0.012702524,0.630467713,-0.007107139,0.776079059
1713724018410470912.000000,3.227466583,0.723773360,18.038825989,-0.012692709,0.632776439,-0.006976706,0.774199009
1713724018443727360.000000,3.240287781,0.723875046,18.038148880,-0.013841036,0.634680390,-0.007528879,0.772614121
1713724018476982016.000000,3.257017136,0.723724723,18.039859772,-0.012292559,0.637240946,-0.007709579,0.770528138
1713724018510236160.000000,3.269500732,0.723945916,18.038753510,-0.013325381,0.639439762,-0.008179955,0.768682301
1713724018543490048.000000,3.281838417,0.724943757,18.037357330,-0.013498512,0.641988158,-0.008598042,0.766547561
1713724018576742144.000000,3.299747467,0.724582195,18.040126801,-0.012238129,0.644640446,-0.009155190,0.764333129
1713724018609993984.000000,3.311268806,0.725869715,18.038162231,-0.011734732,0.647353232,-0.009677241,0.762038410
1713724018643244544.000000,3.324756622,0.726942956,18.036319733,-0.014050337,0.649918795,-0.007892751,0.759832799
1713724018676494080.000000,3.339270592,0.726822317,18.036209106,-0.013323691,0.652529597,-0.008099587,0.757602811
1713724018709743616.000000,3.350762367,0.727284133,18.034503937,-0.011415933,0.654343665,-0.009016354,0.756057441
1713724018742990848.000000,3.363589287,0.729003787,18.033706665,-0.013238735,0.655967534,-0.007191803,0.754638731
1713724018776238080.000000,3.390831947,0.731598675,18.039953232,-0.012923528,0.657062590,-0.008609639,0.753676116
1713724018809484800.000000,3.402574539,0.732351363,18.039802551,-0.010716047,0.657801270,-0.007605470,0.753076971
1713724018842729728.000000,3.414825439,0.733820617,18.041025162,-0.012432109,0.657712340,-0.007697037,0.753127337
1713724018875974144.000000,3.428068161,0.734424114,18.041742325,-0.012304517,0.657851994,-0.007903040,0.753005266
1713724018909217536.000000,3.439599991,0.734883428,18.042602539,-0.010806560,0.657953680,-0.007852394,0.752939999
1713724018942460416.000000,3.451075554,0.736154199,18.044296265,-0.011085557,0.657745481,-0.008745714,0.753107965
1713724018975701760.000000,3.465680122,0.737467647,18.044683456,-0.011448327,0.657917857,-0.007816147,0.752962112
1713724019008942592.000000,3.477434158,0.738420606,18.046503067,-0.011190590,0.657809794,-0.008173862,0.753056645
1713724019042182656.000000,3.489335060,0.738626122,18.047565460,-0.010404292,0.658010900,-0.008342360,0.752890289
1713724019075421696.000000,3.503624916,0.738739014,18.047584534,-0.010594649,0.658097744,-0.008214233,0.752813160
1713724019108659968.000000,3.516063690,0.739645481,18.049034119,-0.011225053,0.658195078,-0.007621113,0.752725244
1713724019141897472.000000,3.528583527,0.739658058,18.050354004,-0.011325563,0.658505559,-0.007947984,0.752448738
1713724019175133440.000000,3.543306351,0.740547538,18.050193787,-0.009517947,0.658983231,-0.008229854,0.752052486
1713724019208368896.000000,3.555559158,0.741406918,18.050945282,-0.011144787,0.659356773,-0.007663907,0.751708567
1713724019241603584.000000,3.568168640,0.742287755,18.051647186,-0.011165691,0.659923196,-0.007492197,0.751212835
1713724019274837248.000000,3.589250565,0.741682291,18.055109024,-0.010143751,0.660637736,-0.008678755,0.750586152
1713724019308070144.000000,3.601033211,0.742512822,18.055204391,-0.008961021,0.661355257,-0.008009853,0.749976575
1713724019341302016.000000,3.614234924,0.743501723,18.056232452,-0.011527086,0.661615491,-0.007588815,0.749716341
1713724019374524672.000000,3.626917839,0.744998157,18.056192398,-0.010388482,0.662498057,-0.007358895,0.748955488
1713724019407779584.000000,3.638968468,0.744551420,18.056808472,-0.009890030,0.662775993,-0.008911642,0.748699427
1713724019441033984.000000,3.651306152,0.745696068,18.056734085,-0.008789172,0.663562119,-0.007575543,0.748031259
1713724019474287872.000000,3.665091515,0.748888612,18.058465958,-0.011936081,0.663490355,-0.007024264,0.748056710
1713724019507539968.000000,3.678318977,0.749242663,18.059728622,-0.011921121,0.663726687,-0.007212698,0.747845471
1713724019540792064.000000,3.689888000,0.749153078,18.060489655,-0.008754170,0.663838208,-0.008796060,0.747773349
1713724019574042880.000000,3.708901405,0.748505116,18.063098907,-0.012222894,0.663900971,-0.006595777,0.747691631
1713724019607292160.000000,3.722681046,0.749784112,18.064966202,-0.014421579,0.663721085,-0.006737496,0.747810841
1713724019640541440.000000,3.735219955,0.748483777,18.065708160,-0.012053649,0.663904428,-0.007946457,0.747678161
1713724019673788928.000000,3.747017860,0.749830961,18.066881180,-0.011101793,0.663993061,-0.008191193,0.747611463
1713724019707035904.000000,3.761206627,0.751017570,18.068683624,-0.015184707,0.663778663,-0.006728348,0.747744739
1713724019740282880.000000,3.774052620,0.751154661,18.069749832,-0.013906399,0.664246202,-0.007138390,0.747350454
1713724019773527552.000000,3.793642998,0.750617981,18.070789337,-0.011835361,0.664325893,-0.009095497,0.747294009
1713724019806771968.000000,3.805890083,0.752675474,18.071668625,-0.013327400,0.664943099,-0.008289504,0.746729136
1713724019840015360.000000,3.819585800,0.754435599,18.071916580,-0.014877144,0.665516376,-0.006993880,0.746202290
1713724019873258240.000000,3.829236031,0.752952814,18.071468353,-0.014382928,0.666720390,-0.007593581,0.745130479
1713724019906499584.000000,3.840379715,0.753826261,18.071626663,-0.012324073,0.667519510,-0.009712634,0.744427085
1713724019939739904.000000,3.853953362,0.755351424,18.071756363,-0.015254869,0.668544471,-0.007269489,0.743480146
1713724019972979712.000000,3.866457939,0.757330179,18.070608139,-0.015455749,0.669251382,-0.007092816,0.742841482
1713724020006219008.000000,3.878881454,0.757032514,18.070711136,-0.013948875,0.670340717,-0.008837231,0.741869807
1713724020039456512.000000,3.890419960,0.758885264,18.070516586,-0.013172845,0.671555340,-0.009484018,0.740776658
1713724020072693504.000000,3.908534050,0.760373354,18.070957184,-0.015834082,0.672383726,-0.007239200,0.739998043
1713724020105929728.000000,3.921485901,0.761050522,18.071027756,-0.015182056,0.673560560,-0.007697402,0.738936067
1713724020139164672.000000,3.934282303,0.760931611,18.070472717,-0.013947162,0.674719632,-0.008587919,0.737892449
1713724020172399616.000000,3.947532654,0.761815846,18.069847107,-0.014789916,0.675922573,-0.007900887,0.736781955
1713724020205633024.000000,3.961050987,0.761965990,18.069614410,-0.015769009,0.676941574,-0.007985717,0.735824525
1713724020238864896.000000,3.974011421,0.762183905,18.069107056,-0.015039479,0.678322613,-0.007375252,0.734573245
1713724020272096512.000000,3.996752739,0.763677359,18.067710876,-0.015123308,0.678997874,-0.008835342,0.733931363
1713724020305327104.000000,4.009941101,0.764462948,18.067058563,-0.015295680,0.680371046,-0.007603414,0.732668817
1713724020338556672.000000,4.023249626,0.765288651,18.066686630,-0.016109576,0.681241214,-0.008472390,0.731832802
1713724020371785984.000000,4.029829025,0.765394926,18.067966461,-0.015653804,0.682796121,-0.007660357,0.730401099
1713724020404655104.000000,4.041354179,0.765626669,18.067302704,-0.014868809,0.683636725,-0.009742361,0.729605913
1713724020438472960.000000,4.054391861,0.767456412,18.065803528,-0.015146444,0.685186267,-0.007715622,0.728169620
1713724020472294656.000000,4.079286575,0.767514586,18.062046051,-0.017116955,0.685893357,-0.008043067,0.727456331
1713724020506119936.000000,4.092405319,0.768086433,18.060817719,-0.015972445,0.687502325,-0.007405705,0.725968778
1713724020539949056.000000,4.104186058,0.769239783,18.060321808,-0.014705904,0.688341796,-0.009798227,0.725171268
1713724020573783040.000000,4.118331909,0.769782841,18.058948517,-0.016293682,0.689610422,-0.007398699,0.723959446
1713724020607620096.000000,4.131438255,0.771211445,18.058303833,-0.017149720,0.690534115,-0.008445445,0.723047256
1713724020641461248.000000,4.143896103,0.771335304,18.057210922,-0.016029460,0.691954553,-0.008156407,0.721717060
1713724020675305984.000000,4.159972191,0.771727681,18.055036545,-0.015298658,0.692775786,-0.009655858,0.720926166
1713724020709155328.000000,4.173621178,0.772610784,18.054311752,-0.017291406,0.693969131,-0.007511442,0.719757915
1713724020743008256.000000,4.186185837,0.773387671,18.053737640,-0.016784821,0.694954991,-0.008247467,0.718810022
1713724020776865280.000000,4.198597908,0.773067534,18.052139282,-0.016336629,0.696229458,-0.008795265,0.717579544
1713724020810725888.000000,4.210318565,0.774733186,18.051488876,-0.016188188,0.697603047,-0.009043535,0.716244578
1713724020844590592.000000,4.223640442,0.775673926,18.050743103,-0.017612301,0.698613405,-0.008231783,0.715235233
1713724020878459136.000000,4.241840363,0.775063932,18.047466278,-0.016772203,0.699974597,-0.008088109,0.713924944
1713724020912332032.000000,4.253926277,0.775480628,18.046386719,-0.017085629,0.701567590,-0.009505250,0.712334692
1713724020946208768.000000,4.266717911,0.776062906,18.044443130,-0.017157679,0.703590870,-0.008727759,0.710344613
1713724020980088832.000000,4.282086372,0.776245117,18.041606903,-0.017330712,0.705189824,-0.009628606,0.708741307
1713724021013973760.000000,4.294594765,0.777256250,18.039180756,-0.017425140,0.707513750,-0.009018647,0.706427276
1713724021047861504.000000,4.306427002,0.777563155,18.037063599,-0.017627142,0.709247947,-0.010288816,0.704663634
1713724021081753856.000000,4.319095612,0.778893530,18.033670425,-0.016147930,0.711581349,-0.010212081,0.702344000
1713724021115650304.000000,4.331224442,0.779901922,18.031415939,0.017809756,-0.713360906,0.010499619,-0.700491846
1713724021149550080.000000,4.343656540,0.780464947,18.028741837,0.017910002,-0.715680182,0.010447377,-0.698120415
1713724021183454208.000000,4.358259201,0.778673291,18.025499344,-0.015222909,0.717100084,-0.012812226,0.696686208
1713724021217362688.000000,4.370136261,0.779979765,18.023290634,-0.015468547,0.718596876,-0.010956499,0.695168555
1713724021251273984.000000,4.383335114,0.781568050,18.022745132,-0.017178325,0.719035149,-0.010814772,0.694677234
1713724021285190144.000000,4.398266792,0.779897690,18.020954132,-0.016199991,0.719473064,-0.010711986,0.694248736
1713724021319109632.000000,4.409199715,0.780109286,18.022705078,-0.014319757,0.719121814,-0.012395479,0.694625914
1713724021353033216.000000,4.422901154,0.780877471,18.024368286,-0.016759586,0.718549371,-0.009930926,0.695203066
1713724021386960896.000000,4.438288689,0.781200707,18.024484634,0.017317774,-0.717694283,0.010756126,-0.696059883
1713724021421218304.000000,4.456302643,0.782035589,18.021286011,-0.015965113,0.716411233,-0.011872794,0.697394490
1713724021454681088.000000,4.468271255,0.782612026,18.023000717,-0.014077199,0.715308964,-0.012667341,0.698551774
1713724021488146432.000000,4.482871056,0.784004688,18.025859833,-0.017083218,0.713285267,-0.009535149,0.700600743
1713724021521612544.000000,4.495937347,0.785325885,18.028450012,-0.017374795,0.710556924,-0.009526382,0.703360736
1713724021555081216.000000,4.507345200,0.784436405,18.032909393,0.014433075,-0.707215846,0.011351052,-0.706759334
1713724021588551168.000000,4.519779205,0.785012186,18.037868500,0.014097081,-0.703476310,0.009103704,-0.710520685
1713724021622023424.000000,4.535824776,0.785677314,18.042049408,-0.017658506,0.698656201,-0.010247330,0.715166271
1713724021655496960.000000,4.547877312,0.786304116,18.047740936,-0.014562882,0.695472777,-0.009576659,0.718341053
1713724021688973312.000000,4.561461449,0.786904275,18.053558350,-0.017482774,0.691637754,-0.008049744,0.721988142
1713724021722450688.000000,4.574018478,0.786460161,18.059608459,-0.014861542,0.688974261,-0.009745848,0.724567950
1713724021755930112.000000,4.586117744,0.788328350,18.060935974,-0.014922070,0.686473429,-0.008020392,0.726957619
1713724021789411584.000000,4.599167824,0.789511144,18.065303802,-0.017692707,0.684306502,-0.008534756,0.728929877
1713724021822895104.000000,4.610959053,0.790349960,18.066465378,-0.015477052,0.683596313,-0.007439090,0.729658365
1713724021856379648.000000,4.629632950,0.790760994,18.070070267,-0.016117223,0.682603478,-0.009467153,0.730549872
1713724021889866496.000000,4.641861916,0.792367756,18.070669174,-0.015377053,0.682771981,-0.008203000,0.730423689
1713724021923355904.000000,4.655074120,0.794230163,18.071247101,-0.016987054,0.682688057,-0.007602895,0.730472922
1713724021956846336.000000,4.669158936,0.794016361,18.071552277,-0.016772211,0.682911634,-0.007161158,0.730273366
1713724021990338560.000000,4.679833412,0.794814348,18.071514130,-0.014095471,0.683166206,-0.009632950,0.730063438
1713724022023833088.000000,4.692594528,0.796611071,18.071241379,-0.015894715,0.683564544,-0.007123546,0.729682207
1713724022057329152.000000,4.708169937,0.799072266,18.072978973,-0.017622957,0.683643103,-0.007345804,0.729566753
1713724022090827520.000000,4.719889641,0.798904657,18.072631836,-0.014825502,0.683974385,-0.007963036,0.729311943
1713724022124326912.000000,4.731562614,0.799823523,18.073276520,-0.014959020,0.683930576,-0.008284200,0.729346693
1713724022157828864.000000,4.749232292,0.802226961,18.074747086,-0.016792893,0.684272230,-0.007275576,0.728997052
1713724022191332352.000000,4.761887550,0.802624345,18.074382782,-0.016453160,0.684525549,-0.007193472,0.728767753
1713724022224837888.000000,4.773964882,0.803115547,18.074449539,-0.015391302,0.684587657,-0.008415799,0.728719473
1713724022258345216.000000,4.785210609,0.805670381,18.075408936,-0.016573839,0.685099542,-0.007082545,0.728226483
1713724022291854080.000000,4.798243523,0.806270719,18.075244904,-0.016734507,0.685275733,-0.007388478,0.728054047
1713724022325365248.000000,4.811559677,0.805881977,18.074687958,-0.016439309,0.685712457,-0.006893820,0.727654278
1713724022358878208.000000,4.824674606,0.806717157,18.075292587,-0.016195964,0.686046958,-0.007420548,0.727339149
1713724022392393216.000000,4.838174820,0.807221651,18.075202942,-0.017192757,0.686263263,-0.007103401,0.727115393
1713724022426088960.000000,4.851254463,0.808240771,18.075147629,-0.016741093,0.686662972,-0.006415003,0.726754904
1713724022459378176.000000,4.863533020,0.809400439,18.075151443,-0.016651290,0.686380088,-0.007247444,0.727016270
1713724022492666368.000000,4.883919716,0.811020970,18.076538086,-0.017209718,0.686866105,-0.006367318,0.726552367
1713724022525954560.000000,4.896509171,0.811834693,18.077232361,-0.017059539,0.686861455,-0.007780775,0.726546466
1713724022559241472.000000,4.910250664,0.811859965,18.077579498,-0.017184196,0.687348604,-0.006064027,0.726099074
1713724022592528384.000000,4.923947334,0.813355207,18.077508926,-0.016814679,0.687132001,-0.007226116,0.726302087
1713724022625814272.000000,4.937741280,0.812869549,18.077754974,-0.017469032,0.687266350,-0.005919921,0.726171374
1713724022659099648.000000,4.950550079,0.814045727,18.078174591,-0.016146619,0.687452614,-0.006396100,0.726021647
1713724022692384000.000000,4.963069916,0.815376043,18.078521729,-0.017462404,0.687424600,-0.005762184,0.726022959
1713724022725668096.000000,4.975927353,0.816355705,18.079278946,-0.016914895,0.687504172,-0.005526925,0.725962460
1713724022758951936.000000,4.988684654,0.816480279,18.079959869,-0.015967961,0.687425196,-0.006707422,0.726048768
1713724022792235008.000000,5.000917435,0.818283319,18.080101013,-0.015910218,0.687686801,-0.005349678,0.725813448
1713724022825517056.000000,5.014412880,0.819447696,18.081167221,-0.017288035,0.687389016,-0.005369074,0.726063907
1713724022858798848.000000,5.027119637,0.819697082,18.081678391,-0.016355120,0.687661767,-0.004906287,0.725830436
1713724022892080128.000000,5.038184166,0.820269048,18.083221436,-0.014467691,0.687694371,-0.006698588,0.725825250
1713724022925360384.000000,5.057145119,0.822335005,18.081844330,-0.015504323,0.687833250,-0.004895447,0.725686610
1713724022958640384.000000,5.070721626,0.823138058,18.083299637,-0.017272936,0.687663436,-0.005317267,0.725804627
1713724022991919872.000000,5.082941055,0.822069883,18.083808899,-0.015161530,0.687860489,-0.005031458,0.725667119
1713724023025198336.000000,5.096673965,0.823505461,18.084884644,-0.014373542,0.687095344,-0.006206546,0.726398587
1713724023058476288.000000,5.110561371,0.824616313,18.087480545,-0.017087348,0.686139226,-0.004410455,0.727256238
1713724023091753728.000000,5.123729706,0.825043023,18.090526581,-0.017616136,0.684797764,-0.004652109,0.728505373
1713724023125030400.000000,5.136575699,0.825304151,18.092105865,-0.015611302,0.683440626,-0.005205811,0.729820669
1713724023158306560.000000,5.149057388,0.826057255,18.095134735,-0.015612379,0.681780756,-0.005105204,0.731372237
1713724023191582208.000000,5.162876129,0.827103496,18.098827362,-0.018211387,0.679958463,-0.003800566,0.733014643
1713724023224857600.000000,5.175668716,0.828177810,18.101074219,-0.016709710,0.678670526,-0.004923040,0.734236240
1713724023258131712.000000,5.187935829,0.828396559,18.102741241,-0.015111111,0.678058207,-0.004439783,0.734839439
1713724023291405568.000000,5.201208115,0.829550624,18.105289459,-0.017682347,0.677221358,-0.004165580,0.735555053
1713724023324679168.000000,5.218523026,0.830487967,18.106464386,-0.017612724,0.676936507,-0.004051788,0.735819578
1713724023357951744.000000,5.230474472,0.829787374,18.107395172,-0.015780084,0.676972210,-0.004714066,0.735824347
1713724023391223552.000000,5.242735863,0.830716014,18.108005524,-0.014440769,0.677072287,-0.004629523,0.735760272
1713724023424481024.000000,5.256703377,0.832844496,18.109811783,-0.017920259,0.676693738,-0.004065734,0.736035347
1713724023457770240.000000,5.269019127,0.832538366,18.110792160,-0.017330727,0.676717341,-0.005115188,0.736021221
1713724023491058944.000000,5.281106949,0.832181573,18.110334396,-0.013454079,0.677411795,-0.005365395,0.735461414
1713724023524347648.000000,5.296236038,0.833401442,18.110263824,-0.016137775,0.677666366,-0.005171087,0.735174239
1713724023557635072.000000,5.309916496,0.834437728,18.110763550,-0.017271664,0.678203762,-0.004758607,0.734655559
1713724023590922240.000000,5.322043419,0.833366394,18.110647202,-0.014886857,0.678911328,-0.005859350,0.734046042
1713724023624208640.000000,5.334919930,0.834141195,18.109670639,-0.013278420,0.679550529,-0.006843748,0.733476698
1713724023657494528.000000,5.349327087,0.835753918,18.110067368,-0.017118078,0.680277646,-0.005263276,0.732735813
1713724023690779648.000000,5.362864494,0.836348891,18.110185623,-0.016916666,0.680926442,-0.005653501,0.732134700
1713724023724064256.000000,5.376484871,0.836786866,18.108741760,-0.014142288,0.681696475,-0.007230018,0.731462717
1713724023757348608.000000,5.389343262,0.838007390,18.108604431,-0.014478182,0.682635665,-0.007756385,0.730574369
1713724023790631936.000000,5.404446602,0.839594483,18.108896255,-0.018352885,0.683467269,-0.006159191,0.729724467
1713724023823914752.000000,5.419830322,0.839446127,18.108135223,-0.016270485,0.684715509,-0.006747638,0.728597641
1713724023857197056.000000,5.432737350,0.839328289,18.107137680,-0.015230376,0.685636401,-0.007762697,0.727743447
1713724023890478848.000000,5.446591377,0.840101600,18.106647491,-0.017681753,0.686441422,-0.007234455,0.726934135
1713724023923759616.000000,5.459415436,0.840594053,18.106189728,-0.016093129,0.687406898,-0.008665828,0.726042569
1713724023957040640.000000,5.472299576,0.840857387,18.105411530,-0.015889296,0.688353896,-0.007952362,0.725157440
1713724023990319872.000000,5.485576630,0.842248738,18.105308533,-0.017423965,0.688869655,-0.008409203,0.724627078
1713724024023599360.000000,5.498744011,0.843400121,18.104129791,-0.016987933,0.689907014,-0.008418952,0.723649681
1713724024056877824.000000,5.511072159,0.844614685,18.103546143,-0.016032077,0.690855742,-0.009637681,0.722750604
1713724024090156032.000000,5.524457932,0.845194340,18.103055954,-0.017815676,0.691641271,-0.008971101,0.721965730
1713724024123433472.000000,5.541758537,0.846085608,18.101337433,-0.016581651,0.692797899,-0.009320048,0.720880926
1713724024156710144.000000,5.554980278,0.846273601,18.100261688,-0.017015468,0.693690658,-0.009695197,0.720006883
1713724024189986816.000000,5.567896843,0.847306550,18.099235535,-0.016949983,0.694924057,-0.009393565,0.718822062
1713724024223262208.000000,5.580430031,0.848116040,18.099046707,-0.017167730,0.695903540,-0.010950286,0.717846513
1713724024256537088.000000,5.593061447,0.849120617,18.097940445,-0.017029449,0.697229207,-0.010298653,0.716571987
1713724024289811968.000000,5.606018066,0.850173831,18.096946716,-0.017133631,0.698097706,-0.010424042,0.715721607
1713724024323085824.000000,5.619457245,0.851189911,18.095718384,-0.017830169,0.699449182,-0.009397757,0.714398086
1713724024356358656.000000,5.631826401,0.851854444,18.094686508,-0.016986949,0.700286329,-0.011175210,0.713572443
1713724024389631232.000000,5.644893646,0.852586508,18.093139648,-0.017054273,0.701665759,-0.009356881,0.712240696
1713724024422752256.000000,5.661487579,0.853129566,18.090011597,-0.017822731,0.702241778,-0.009932715,0.711646140
1713724024456216320.000000,5.674888611,0.853173971,18.088884354,-0.017854335,0.703555286,-0.009111180,0.710357845
1713724024489682432.000000,5.686424255,0.853666663,18.088375092,-0.016024327,0.704335272,-0.010509469,0.709608793
1713724024523150080.000000,5.699790955,0.854774833,18.087249756,-0.017128350,0.704722881,-0.008926877,0.709219754
1713724024556619520.000000,5.711996078,0.856224418,18.088153839,-0.017282825,0.704879344,-0.009539803,0.709052563
1713724024590090240.000000,5.724466324,0.856086969,18.088853836,-0.016890477,0.705023587,-0.009549793,0.708918393
1713724024623563264.000000,5.735593796,0.857330084,18.089883804,-0.015526856,0.705162048,-0.010466197,0.708799005
1713724024657038080.000000,5.750901222,0.858088076,18.088224411,-0.017318871,0.704815984,-0.008810920,0.709124029
1713724024690514176.000000,5.763103485,0.859097838,18.089353561,-0.017387364,0.704801440,-0.009101113,0.709133148
1713724024723991808.000000,5.774869919,0.858487010,18.090259552,-0.015955569,0.704977453,-0.010649972,0.708970249
1713724024757471488.000000,5.789564133,0.858443379,18.088790894,-0.015447360,0.704849660,-0.010091960,0.709116697
1713724024790953472.000000,5.802696228,0.859801471,18.089866638,-0.017691499,0.704500318,-0.009116957,0.709424555
1713724024824436480.000000,5.814861298,0.860187292,18.090995789,-0.016548583,0.704571843,-0.009337053,0.709378242
1713724024857921024.000000,5.833244324,0.858069062,18.088455200,-0.015100385,0.703945100,-0.010584260,0.710014999
1713724024891407616.000000,5.845241547,0.859732330,18.089792252,-0.015747761,0.703891754,-0.009459807,0.710069716
1713724024924895744.000000,5.857888222,0.861196041,18.091808319,-0.017096605,0.703419089,-0.009817340,0.710501969
1713724024958385920.000000,5.872674942,0.860143721,18.091117859,-0.015855102,0.702892423,-0.009132951,0.711060941
1713724024991878144.000000,5.884321213,0.860995531,18.092931747,-0.015619256,0.702163517,-0.010238332,0.711770773
1713724025025371392.000000,5.896845818,0.862070262,18.094568253,-0.016006615,0.701771379,-0.009448572,0.712159753
1713724025058866176.000000,5.908617973,0.862872958,18.097320557,-0.016464911,0.701166391,-0.009834621,0.712739766
1713724025092363008.000000,5.925440788,0.861830354,18.095579147,-0.015301446,0.700145125,-0.010241553,0.713763237
1713724025125861632.000000,5.937811852,0.862707317,18.097408295,-0.015406416,0.699508309,-0.009947258,0.714389205
1713724025159361792.000000,5.950331688,0.864106774,18.099117279,-0.015729681,0.698896885,-0.010185918,0.714977026
1713724025192864256.000000,5.965541840,0.862894297,18.099391937,-0.015838820,0.698399246,-0.011026501,0.715448260
1713724025226368000.000000,5.977127075,0.864127278,18.100433350,-0.014643053,0.698514521,-0.011373038,0.715355694
1713724025259873280.000000,5.989374161,0.865227103,18.101745605,-0.015541366,0.698174536,-0.011906297,0.715659916
1713724025293380608.000000,6.001903534,0.866459012,18.101985931,-0.014489040,0.698164046,-0.011564928,0.715697825
1713724025326889216.000000,6.014924049,0.865602851,18.102899551,-0.014780786,0.697848380,-0.013237158,0.715970635
1713724025360399872.000000,6.026995659,0.867273629,18.103324890,-0.013912572,0.698083937,-0.012477927,0.715771973
1713724025393912064.000000,6.039457321,0.868984222,18.104354858,-0.014142476,0.697908163,-0.013813816,0.715914428
1713724025427567360.000000,6.052182198,0.870948970,18.103870392,-0.013821613,0.697930872,-0.013110329,0.715911746
1713724025460889856.000000,6.064035416,0.870920539,18.104934692,-0.012636490,0.697812080,-0.015248372,0.716007113
1713724025494211840.000000,6.076354027,0.872709751,18.104808807,-0.012319951,0.698026657,-0.013920746,0.715830505
1713724025527534592.000000,6.088422775,0.875262380,18.105678558,-0.012364498,0.697615862,-0.015274448,0.716202497
1713724025560855808.000000,6.100908279,0.877082705,18.105869293,-0.011930883,0.697602034,-0.015196268,0.716225028
1713724025594178048.000000,6.112537384,0.878529251,18.106924057,-0.011060530,0.697746038,-0.016569445,0.716068208
1713724025627498752.000000,6.125752449,0.881098866,18.107170105,-0.012437909,0.697836697,-0.014286726,0.716006458
1713724025660819712.000000,6.138659477,0.884075165,18.108058929,-0.012899795,0.697550535,-0.014483892,0.716273129
1713724025694140672.000000,6.151657104,0.885842323,18.108329773,-0.012319513,0.697478175,-0.015246373,0.716337979
1713724025727460864.000000,6.164360046,0.888035178,18.108535767,-0.012059160,0.697698593,-0.014852948,0.716135919
1713724025760781056.000000,6.177928925,0.889654160,18.109302521,-0.013438950,0.697426379,-0.015025203,0.716372907
