1713723116937391616.000000,0.053301722,0.006381331,0.202037945,0.002007218,0.042436741,-0.001446711,0.999096155
1713723116970698752.000000,0.067535289,0.025794251,0.326729953,0.003036480,0.040945835,0.001361238,0.999155819
1713723117004005888.000000,0.068523228,0.014038819,0.346271873,0.004360520,0.040031321,0.001148424,0.999188244
1713723117037312512.000000,0.068671092,0.028410636,0.364036441,0.005467576,0.039232951,0.001629399,0.999213815
1713723117070618880.000000,0.055070907,0.024027878,0.391650736,0.003386437,0.038428884,0.000259108,0.999255598
1713723117103926016.000000,0.069465093,0.026673732,0.418547779,0.003950219,0.036644809,0.001240697,0.999319792
1713723117137242368.000000,0.059202474,0.035856172,0.436978668,0.006603778,0.036421761,0.000066327,0.999314666
1713723117170558976.000000,0.055967882,0.043729514,0.459355146,0.005686965,0.035366457,0.000699965,0.999357998
1713723117203874560.000000,0.054785278,0.009785996,0.314249694,0.002183370,0.033905037,-0.002214131,0.999420285
1713723117237189888.000000,0.057115030,0.008250768,0.323473811,0.002878365,0.032845873,-0.000776600,0.999455988
1713723117270505472.000000,0.031559940,0.009211759,0.201208040,0.004755264,0.031906243,-0.001585723,0.999478281
1713723117303819776.000000,0.027366593,0.005521638,0.209204644,0.002836196,0.031222338,-0.000381269,0.999508381
1713723117337134336.000000,0.029683093,0.006323655,0.218327686,0.003204488,0.029315440,-0.001403109,0.999564111
1713723117370448640.000000,0.029658688,0.008669011,0.224935412,0.003816655,0.028477915,-0.000771343,0.999586880
1713723117403762176.000000,0.028026642,0.007134679,0.234266087,0.003585002,0.027081624,-0.000994579,0.999626338
1713723117437075712.000000,0.027963128,0.005122443,0.243825585,0.002593493,0.025671730,-0.000117054,0.999667048
1713723117470388736.000000,0.053375229,0.013674365,0.426386446,0.004011455,0.023579990,-0.002232880,0.999711454
1713723117503701248.000000,0.055897553,0.014510361,0.433619618,0.003365570,0.021931212,-0.001529057,0.999752700
1713723117537013248.000000,0.055692159,0.019488066,0.387078673,0.005632149,0.019615104,-0.000996770,0.999791265
1713723117570325248.000000,0.048830960,0.015063053,0.401598066,0.004039151,0.018981615,-0.000698194,0.999811411
1713723117603636736.000000,0.048425041,0.015792543,0.411736697,0.005720563,0.017070435,-0.001132589,0.999837279
1713723117636948224.000000,0.043675713,0.010672607,0.422464520,0.003489146,0.015999328,0.000155475,0.999865890
1713723117670258688.000000,0.046251498,0.016924603,0.431325167,0.005405193,0.013619796,-0.000519419,0.999892592
1713723117703569152.000000,0.046846699,0.011827402,0.443082184,0.004242403,0.011673605,-0.000115987,0.999922931
1713723117736879104.000000,0.047842827,0.016547872,0.581233919,0.005666667,0.010083023,-0.001012451,0.999932647
1713723117770189056.000000,0.042313308,0.011997117,0.589819729,0.003030862,0.008995857,-0.001267266,0.999954164
1713723117803498240.000000,0.043599900,0.014623843,0.405517757,0.004526293,0.007635452,-0.000387047,0.999960601
1713723117836807424.000000,0.045084175,0.012589882,0.415177405,0.005514781,0.006047580,0.000802335,0.999966204
1713723117870116352.000000,0.047520585,0.011878111,0.421465904,0.004194537,0.004656376,-0.000012109,0.999980390
1713723117903424256.000000,0.044984270,0.013761787,0.431203127,0.004911008,0.004284997,-0.000166990,0.999978781
1713723117936732416.000000,0.041961439,0.017370690,0.436172217,0.005744312,0.004691932,0.000875526,0.999972165
1713723117970039808.000000,0.042916790,0.017043889,0.443067789,0.006232986,0.004331901,-0.000670796,0.999971032
1713723118003347456.000000,0.040952355,0.016722726,0.702945709,0.004172532,0.003848632,-0.000420709,0.999983788
1713723118036654080.000000,0.040221184,0.016763885,0.708739281,0.005217546,0.003794822,-0.000772363,0.999978900
1713723118069960704.000000,0.037185542,0.017739814,0.489671707,0.005862331,0.005073789,-0.000258937,0.999969900
1713723118103265280.000000,0.032883909,0.017551705,0.722878397,0.005032782,0.004832114,-0.000955734,0.999975264
1713723118136582656.000000,0.030391267,0.018779734,0.729569852,0.004534009,0.004896917,-0.001171799,0.999977112
1713723118169898752.000000,0.044403065,0.017755684,0.518480361,0.005374267,0.003697961,-0.000752823,0.999978483
1713723118203214848.000000,0.043603420,0.017770927,0.527490973,0.006950870,0.004020839,-0.000789765,0.999967456
1713723118236530688.000000,0.040264755,0.019239701,0.531690657,0.005504626,0.004500641,-0.001587440,0.999973536
1713723118269846528.000000,0.042953074,0.021746067,0.765684903,0.004280049,0.003183536,-0.002139803,0.999983490
1713723118303161344.000000,0.042110901,0.018694490,0.545427859,0.006144492,0.003947161,-0.001558919,0.999972165
1713723118336476416.000000,0.041133020,0.019594504,0.549822271,0.007689258,0.004472067,-0.001132389,0.999959826
1713723118369790208.000000,0.046375651,0.019164417,0.562005758,0.004489338,0.003376397,-0.001551890,0.999983013
1713723118403104512.000000,0.048406959,0.018037997,0.572853506,0.004022322,0.002667421,-0.001605260,0.999987125
1713723118436418048.000000,0.048988912,0.015797388,0.581489205,0.006592866,0.002494195,-0.000304138,0.999975145
1713723118469731328.000000,0.047536738,0.023057580,0.586031258,0.006769748,0.002610754,-0.001454628,0.999972641
1713723118503044096.000000,0.047870707,0.020846454,0.597954869,0.003521169,0.002198456,-0.001096225,0.999990821
1713723118536356864.000000,0.041015297,0.030138813,0.956720948,0.003859811,0.002423749,-0.000561448,0.999989450
1713723118569669120.000000,0.041047189,0.030556550,0.966083586,0.005808797,0.002322230,-0.000796501,0.999980152
1713723118602980864.000000,0.037029088,0.031164927,0.972481370,0.003355731,0.003218552,-0.000988571,0.999988735
1713723118636292352.000000,0.037443455,0.029942209,0.983929694,0.002446531,0.002618505,-0.000785824,0.999993265
1713723118669603584.000000,0.034120254,0.021861495,0.988129199,0.001869309,0.003128281,-0.000291678,0.999993324
1713723118702914560.000000,0.043706045,0.033862919,0.998782814,0.004702535,0.001696704,-0.000515722,0.999987423
1713723118736224768.000000,0.041675281,0.031541601,1.008990049,0.001612050,0.002090966,-0.000823481,0.999996245
1713723118769534720.000000,0.040911343,0.030816039,1.016161919,0.001627803,0.001864662,-0.000150711,0.999997020
1713723118802844672.000000,0.044698916,0.035002731,1.080234885,0.003569646,0.001522077,0.000413636,0.999992371
1713723118836154112.000000,0.041221511,0.035716143,1.087651730,0.002170334,0.002445774,0.000252346,0.999994636
1713723118869463296.000000,0.038188335,0.035684004,1.096277833,0.001408828,0.002523544,-0.000386614,0.999995768
1713723118902771712.000000,0.039045386,0.037614912,1.101975560,0.002161428,0.002347050,0.001136839,0.999994278
1713723118936079616.000000,0.035887402,0.038211033,1.106858253,0.002968470,0.002722517,-0.000057128,0.999991894
1713723118969388288.000000,0.043044176,0.034900736,1.119359016,0.000493037,0.001950052,-0.000261308,0.999997973
1713723119002695680.000000,0.042100642,0.036527898,1.128605127,0.002293519,0.001654641,-0.000679947,0.999995828
1713723119036002560.000000,0.036693189,0.038107209,1.133651972,0.001604938,0.002904374,0.000257193,0.999994516
1713723119069309440.000000,0.045812208,0.032570973,0.936298668,0.001254482,0.001379974,-0.000824493,0.999997973
1713723119102611968.000000,0.046270061,0.033275697,0.943020046,-0.000070892,0.001678992,-0.000381314,0.999998510
1713723119135929856.000000,0.043485317,0.039066765,1.138527632,0.002499127,0.001287572,-0.001378461,0.999995112
1713723119169247488.000000,0.043592487,0.039181959,1.149703264,0.001467655,0.001526636,-0.000128056,0.999997795
1713723119202564352.000000,0.044622254,0.036172196,0.987665534,-0.000077451,0.001005302,-0.001741539,0.999998033
1713723119235880960.000000,0.044537883,0.036625344,0.998558939,-0.000223078,0.000915828,-0.001286896,0.999998748
1713723119269197056.000000,0.043995805,0.036678594,1.007743120,0.003643294,0.000645607,-0.001726132,0.999991655
1713723119302512640.000000,0.041494917,0.049080513,1.316581726,0.000227425,0.000448966,-0.001055358,0.999999344
1713723119335827968.000000,0.041177776,0.050364871,1.327925205,-0.000699585,-0.000042648,-0.002178676,0.999997377
1713723119369143552.000000,0.043825317,0.038703367,1.042286754,0.000327030,-0.000192397,-0.001413162,0.999998987
1713723119402458112.000000,0.043615311,0.037833169,1.051922798,0.003019937,-0.000274854,-0.002459928,0.999992371
1713723119435772928.000000,0.034850013,0.052927449,1.382938623,-0.000363460,-0.000021273,-0.001332641,0.999999046
1713723119469087232.000000,0.034583211,0.052853592,1.394731641,-0.001797065,-0.000507016,-0.002320748,0.999995589
1713723119502400512.000000,0.034784004,0.051685859,1.404334784,0.001126299,-0.000472688,-0.001831350,0.999997616
1713723119535714048.000000,0.044816073,0.038682263,1.096791983,0.001899648,-0.000765878,-0.001675660,0.999996483
1713723119569027072.000000,0.044718962,0.039627399,1.109316349,-0.002632902,-0.001323834,-0.002742096,0.999991953
1713723119602340096.000000,0.043321319,0.038647622,1.119363070,-0.001949602,-0.001444672,-0.002622327,0.999993682
1713723119635652608.000000,0.043285359,0.037363537,1.128475189,0.002737118,-0.001748655,-0.001930391,0.999992907
1713723119668964352.000000,0.035684068,0.040580951,1.147025347,-0.001682324,-0.001194374,-0.001803927,0.999996245
1713723119702276352.000000,0.035097133,0.041365050,1.159172893,-0.003554453,-0.001772976,-0.003305219,0.999986649
1713723119735587328.000000,0.035443086,0.040658779,1.168792248,-0.001782337,-0.001631558,-0.001089591,0.999996543
1713723119768898816.000000,0.042460226,0.038664021,1.171250343,0.000638611,-0.002940447,-0.001623263,0.999994159
1713723119802209024.000000,0.042949017,0.041326866,1.183699131,-0.003186071,-0.003138375,-0.001558502,0.999988854
1713723119835519488.000000,0.042385727,0.044078898,1.200877070,-0.002234605,-0.003980860,-0.001476717,0.999988496
1713723119868829184.000000,0.042538065,0.043299723,1.211149216,-0.000974315,-0.004441365,-0.000640035,0.999989450
1713723119902138880.000000,0.030254951,0.052703887,1.607983947,-0.001156055,-0.004423487,-0.000335869,0.999989569
1713723119935448064.000000,0.030082256,0.054520126,1.619313002,-0.004133120,-0.004865147,0.000096398,0.999979615
1713723119968757504.000000,0.040676329,0.045458823,1.250906229,-0.003338766,-0.005750011,-0.000409335,0.999977887
1713723120002065664.000000,0.040674198,0.045615178,1.259790421,0.000944871,-0.006307548,0.000052359,0.999979734
1713723120035373824.000000,0.039036747,0.045761816,1.271718502,-0.001887838,-0.006231775,0.000965281,0.999978364
1713723120068682240.000000,0.038519736,0.047385883,1.283419251,-0.003700973,-0.006930286,-0.000249654,0.999969125
1713723120101989632.000000,0.036503997,0.045567501,1.292381883,-0.002060317,-0.007095422,0.001065932,0.999972165
1713723120135306496.000000,0.036330927,0.046184596,1.301504850,0.001155345,-0.007375991,0.000918056,0.999971747
1713723120168623360.000000,0.041376173,0.047707044,1.315014720,-0.003329706,-0.008109374,0.001153617,0.999960959
1713723120201939968.000000,0.041047532,0.049652189,1.325849652,-0.003399400,-0.008754863,0.000893265,0.999955535
1713723120235256320.000000,0.041095126,0.050582014,1.336044788,-0.001484137,-0.008894471,0.001588545,0.999958158
1713723120268572160.000000,0.044264529,0.052731752,1.348171234,-0.001173856,-0.009563605,0.001822514,0.999952018
1713723120301887232.000000,0.044270299,0.055169184,1.359731078,-0.003463035,-0.010047456,0.001746824,0.999942005
1713723120335202816.000000,0.044514023,0.056773756,1.370718956,-0.003381044,-0.010303140,0.002734822,0.999937475
1713723120368517120.000000,0.027935663,0.054452047,1.833324313,-0.002298270,-0.010091121,0.002071611,0.999944329
1713723120401831680.000000,0.028543759,0.056480847,1.843763232,-0.002803040,-0.010135699,0.003507315,0.999938607
1713723120435145728.000000,0.032295335,0.053060345,1.412329197,-0.003403898,-0.010234998,0.001832043,0.999940217
1713723120468459008.000000,0.032870654,0.054259848,1.423077703,-0.003418148,-0.010494727,0.002852886,0.999935091
1713723120501772288.000000,0.032734308,0.055199295,1.432378531,-0.000385402,-0.011150819,0.002557202,0.999934494
1713723120535085312.000000,0.030999448,0.056024518,1.446181178,-0.002637825,-0.011445031,0.003633015,0.999924421
1713723120568398080.000000,0.030530497,0.058314230,1.457200170,-0.003167668,-0.012540258,0.002608282,0.999913037
1713723120601709824.000000,0.028592413,0.052141670,1.771648884,-0.003919502,-0.013512770,0.003321830,0.999895573
1713723120635021568.000000,0.028339213,0.053521451,1.780611753,-0.000801098,-0.013792225,0.003961069,0.999896765
1713723120668333568.000000,0.027700819,0.056100801,1.792203188,-0.003541979,-0.014181361,0.004031204,0.999885082
1713723120701644544.000000,0.026100626,0.056811821,1.804418325,-0.004466373,-0.015063352,0.003025777,0.999872029
1713723120734955264.000000,0.025542829,0.057690427,1.813814998,-0.001166666,-0.015315330,0.003671308,0.999875307
1713723120768265728.000000,0.025557317,0.057203986,1.825344682,-0.000408065,-0.015572927,0.004544650,0.999868393
1713723120801575936.000000,0.023920340,0.059799578,1.837373972,-0.003992544,-0.016442783,0.003096951,0.999852121
1713723120834885888.000000,0.022480499,0.063288286,1.845782518,-0.002856507,-0.016696950,0.003148069,0.999851584
1713723120868194816.000000,0.022301715,0.059959020,1.859069943,0.000539650,-0.017122958,0.004322152,0.999843955
1713723120901503744.000000,0.020943414,0.062206373,1.870018482,-0.002232258,-0.017977316,0.003613035,0.999829471
1713723120934812672.000000,0.019229855,0.062168960,1.882749557,-0.002773460,-0.018714329,0.002922644,0.999816775
1713723120968121088.000000,0.018214809,0.062462617,1.892453432,-0.000641331,-0.019307675,0.003386175,0.999807715
1713723121001428736.000000,0.018699087,0.062211487,1.603979349,0.000842192,-0.019373391,0.003572943,0.999805570
1713723121034736384.000000,0.017399903,0.063872628,1.615425587,-0.001835229,-0.020469917,0.003002818,0.999784291
1713723121068044032.000000,0.015368780,0.065308131,1.964643717,-0.002211604,-0.021605024,0.003007586,0.999759674
1713723121101347584.000000,0.014393310,0.065031439,1.973893762,0.001908012,-0.022369457,0.003090861,0.999743223
1713723121134664448.000000,0.013690167,0.065132909,1.985224843,-0.000052247,-0.022824688,0.003756997,0.999732494
1713723121167981056.000000,0.012116847,0.066219330,1.996682882,-0.001636856,-0.023653701,0.002171809,0.999716580
1713723121201297408.000000,0.011987151,0.065962963,2.008130789,-0.000666387,-0.023935974,0.003504128,0.999707162
1713723121234613504.000000,0.010834190,0.066397734,2.016995192,0.003108804,-0.024157060,0.003112604,0.999698520
1713723121267928832.000000,0.009372430,0.065356068,2.052803993,-0.000901342,-0.024582626,0.003036237,0.999692798
1713723121301244160.000000,0.008244503,0.066393308,2.063565969,-0.000692853,-0.024894549,0.002860236,0.999685764
1713723121334558976.000000,0.008116892,0.065411344,2.073721647,0.002008575,-0.025060652,0.002630593,0.999680459
1713723121367873792.000000,0.007121466,0.066506967,2.082973242,0.003372011,-0.025006944,0.002784779,0.999677777
1713723121401187328.000000,0.006168281,0.067976832,2.094511747,-0.000692212,-0.025364239,0.002238641,0.999675572
1713723121434501376.000000,0.005535637,0.069154441,2.106444597,-0.000108622,-0.025260333,0.001990612,0.999678969
1713723121467814656.000000,0.004762967,0.068853103,2.115113974,0.004244456,-0.025484895,0.002002880,0.999664247
1713723121501127936.000000,0.004503843,0.069741271,2.125523329,0.002113116,-0.025518313,0.002076986,0.999670029
1713723121534440448.000000,0.003255243,0.070624746,2.139645815,0.000010713,-0.025868377,0.001166984,0.999664664
1713723121567752960.000000,0.002999032,0.070116036,2.149470568,0.001541089,-0.026104489,0.001238940,0.999657273
1713723121601065216.000000,0.002339303,0.069505230,2.137977362,0.005217445,-0.025935018,0.002246992,0.999647498
1713723121634376448.000000,0.001311837,0.070870876,2.149915934,0.000724814,-0.026450207,0.000936120,0.999649465
1713723121667687936.000000,0.000212363,0.072464652,2.160737276,0.001124218,-0.027027622,0.000722530,0.999633849
1713723121700998656.000000,-0.000200748,0.070631512,2.192549706,0.005123218,-0.027532184,0.001037702,0.999607325
1713723121734309120.000000,-0.000917073,0.072400071,2.202367544,0.005857016,-0.027867680,0.001197748,0.999593794
1713723121767619328.000000,-0.000259126,0.072369762,2.195548058,0.001492810,-0.028398918,0.000645694,0.999595404
1713723121800929280.000000,-0.001199196,0.073603131,2.206199884,0.001939666,-0.028647820,0.000621541,0.999587536
1713723121834238720.000000,-0.004844993,0.072523639,2.276183128,0.005959888,-0.029148770,0.000871576,0.999556959
1713723121867547648.000000,-0.005688930,0.074086197,2.287143946,0.003112167,-0.029527156,0.001462327,0.999558091
1713723121900856832.000000,-0.003779779,0.077333167,2.236199141,0.002250238,-0.030271921,0.000243359,0.999539196
1713723121934164992.000000,-0.004633086,0.077696517,2.246455431,0.003692917,-0.030718664,0.000759232,0.999521017
1713723121967473152.000000,-0.005378798,0.078454658,2.255808353,0.007689660,-0.030887859,0.001094608,0.999492705
1713723122000780800.000000,-0.005304540,0.076246955,2.267000914,0.002050347,-0.031141885,0.000746542,0.999512613
1713723122034088448.000000,-0.006106774,0.077770859,2.278064013,0.002442318,-0.031474773,0.000575644,0.999501467
1713723122067395328.000000,-0.006621222,0.080604978,2.288696289,0.005132584,-0.031385496,0.000809923,0.999493897
1713723122100701440.000000,-0.004935216,0.077499010,2.298629999,0.005239205,-0.031695090,0.001448942,0.999482870
1713723122134018304.000000,-0.005778659,0.078713700,2.310754776,0.001828413,-0.032117106,0.000678608,0.999482274
1713723122167335424.000000,-0.006618226,0.079376504,2.321959019,0.002162713,-0.031938065,0.001188303,0.999486864
1713723122200652032.000000,-0.008914989,0.077371016,2.334524870,0.005433078,-0.031941369,0.000507725,0.999474883
1713723122233968384.000000,-0.009052540,0.077941507,2.345470428,0.004069136,-0.031833805,0.001167456,0.999484241
1713723122267284480.000000,-0.010116218,0.078416295,2.357970953,0.002367913,-0.032050788,0.000291496,0.999483466
1713723122300599808.000000,-0.015953779,0.075865127,2.472280979,0.002450945,-0.032291487,0.001096190,0.999474883
1713723122333914880.000000,-0.017351253,0.075412311,2.482402802,0.005552984,-0.033162810,0.001466414,0.999433517
1713723122367229696.000000,-0.022841103,0.083478317,2.545757532,0.002307302,-0.034523699,0.001364680,0.999400258
1713723122400544768.000000,-0.025632314,0.083209962,2.557446003,0.001445302,-0.036354966,0.000696316,0.999337673
1713723122433858304.000000,-0.027906561,0.081636526,2.568004847,0.003776832,-0.037920035,0.001166271,0.999273002
1713723122467172352.000000,-0.029327437,0.083101876,2.592414856,0.004322311,-0.039530966,0.001923045,0.999207199
1713723122500485888.000000,-0.032439943,0.083434641,2.604492664,0.001019771,-0.041363720,0.000606724,0.999143481
1713723122533798912.000000,-0.034659281,0.082859330,2.615454197,0.001543306,-0.042078942,0.000797980,0.999112844
1713723122567111424.000000,-0.031892721,0.074095219,2.557930946,0.004181069,-0.042293631,0.001590367,0.999095201
1713723122600423936.000000,-0.036698453,0.082750455,2.635392427,0.002900839,-0.042660266,0.001376440,0.999084532
1713723122633736192.000000,-0.035011709,0.080736704,2.609276056,0.002205998,-0.043043125,0.000198799,0.999070823
1713723122667047424.000000,-0.036180351,0.079910122,2.623322010,0.002973679,-0.042507462,0.001292940,0.999090970
1713723122700359168.000000,-0.034486797,0.084145039,2.657545805,0.004214993,-0.043290589,0.000845893,0.999053299
1713723122733669888.000000,-0.035983179,0.084064916,2.671891212,0.002687100,-0.043420874,0.001037509,0.999052763
1713723122766980352.000000,-0.040636607,0.085973315,2.699979782,0.003301837,-0.043640379,0.000316651,0.999041855
1713723122800290816.000000,-0.041431230,0.085187152,2.713334084,0.003579244,-0.043392211,0.001490626,0.999050617
1713723122833600512.000000,-0.056829657,0.095658183,2.948601723,0.004365157,-0.043186702,0.000915836,0.999057055
1713723122866910208.000000,-0.057795729,0.095549472,2.962492943,0.003398623,-0.043336570,0.001561509,0.999053597
1713723122900219392.000000,-0.053140182,0.098861590,2.956885099,0.004137917,-0.044137433,0.000357219,0.999016881
1713723122933528320.000000,-0.053408846,0.098944865,2.969765425,0.004603834,-0.043725353,0.002016731,0.999031007
1713723122966836992.000000,-0.054789584,0.099837124,2.986221075,0.003910730,-0.044044081,0.001130819,0.999021292
1713723123000144640.000000,-0.055902377,0.100520529,3.000404596,0.003118695,-0.044014271,0.001384779,0.999025106
1713723123033453056.000000,-0.056499407,0.100971766,3.015466452,0.003907189,-0.043883357,0.000864933,0.999028683
1713723123066759936.000000,-0.056492556,0.101284042,3.029187679,0.003456101,-0.042836517,0.001979325,0.999074221
1713723123100067072.000000,-0.046109982,0.090214543,2.801969051,0.001808694,-0.041851960,0.000824958,0.999121845
1713723123133383680.000000,-0.045172799,0.090813302,2.815539122,0.001437055,-0.039330330,0.001562422,0.999224007
1713723123166700032.000000,-0.043682303,0.090830438,2.828543186,0.002141786,-0.036747366,0.001571366,0.999321103
1713723123200016384.000000,-0.041249774,0.092530511,2.844369173,0.002440697,-0.033966694,0.002438074,0.999417067
1713723123233331712.000000,-0.039595190,0.093532041,2.858952999,0.000198614,-0.031226369,0.001696855,0.999510884
1713723123266646784.000000,-0.037979752,0.094159864,2.873127222,0.000073850,-0.028805532,0.001961717,0.999583185
1713723123299961856.000000,-0.037016232,0.094196714,2.889684677,0.002819235,-0.027673112,0.001454559,0.999612033
1713723123333276160.000000,-0.036296528,0.094946459,2.903498411,0.001150779,-0.026504392,0.002566116,0.999644816
1713723123366590208.000000,-0.037079670,0.095615372,2.917248726,-0.000184869,-0.027222604,0.000281671,0.999629378
1713723123399904256.000000,-0.037623793,0.095832527,2.930536985,-0.000167708,-0.027860729,0.001379667,0.999610901
1713723123433218048.000000,-0.041544396,0.097439870,2.951229811,0.003482605,-0.028736548,0.000894740,0.999580622
1713723123466531072.000000,-0.043164026,0.098375872,2.965276718,-0.000817698,-0.030237177,0.001039693,0.999541879
1713723123499843584.000000,-0.045237113,0.099664293,2.979225874,-0.001632356,-0.031953055,0.000512918,0.999487936
1713723123533155584.000000,-0.048315134,0.100252740,3.005128622,0.000979809,-0.033567481,0.000577085,0.999435842
1713723123566468096.000000,-0.050216563,0.101046026,3.017529964,0.002337974,-0.034963865,0.002150689,0.999383569
1713723123599779584.000000,-0.053334683,0.102793813,3.035148144,-0.001328113,-0.037078213,0.000197392,0.999311507
1713723123633090816.000000,-0.055453263,0.103446513,3.048637867,-0.001154428,-0.038331058,0.000353479,0.999264419
1713723123666401536.000000,-0.057468422,0.103074856,3.061000586,0.002240059,-0.039441921,0.000779982,0.999219120
1713723123699712256.000000,-0.057997696,0.104358628,3.076989174,-0.000401965,-0.040151116,0.000957149,0.999193072
1713723123733022720.000000,-0.060073312,0.105103262,3.091003656,-0.001432107,-0.040811583,-0.000810611,0.999165535
1713723123766332672.000000,-0.060644064,0.104335435,3.104205608,-0.000475560,-0.040277604,0.000708001,0.999188185
1713723123799641600.000000,-0.061593294,0.104341149,3.117231131,0.001532828,-0.040065967,-0.000089978,0.999195874
1713723123832950528.000000,-0.061955370,0.105071463,3.138902426,-0.000618614,-0.039401039,0.000242514,0.999223292
1713723123866259456.000000,-0.062708162,0.105206557,3.152622461,0.000427093,-0.038947899,-0.000664161,0.999240935
1713723123899568128.000000,-0.062492259,0.104437448,3.166856766,-0.000195351,-0.037561178,0.000034106,0.999294341
1713723123932875776.000000,-0.062397297,0.104548872,3.183153152,0.002328681,-0.036657415,-0.000912268,0.999324799
1713723123966183936.000000,-0.062023312,0.104640521,3.197673559,-0.000211466,-0.035284337,0.000002964,0.999377370
1713723123999491328.000000,-0.061276495,0.105018795,3.211323023,-0.000741011,-0.034124937,-0.000805871,0.999417007
1713723124032797696.000000,-0.060375765,0.106285177,3.227982521,0.001988364,-0.032895595,-0.000452426,0.999456704
1713723124066104320.000000,-0.059463181,0.106103234,3.240783691,0.002959274,-0.031314064,0.000336249,0.999505222
1713723124099417600.000000,-0.059285212,0.104664303,3.241597414,-0.000168768,-0.030255757,-0.000848293,0.999541879
1713723124132735488.000000,-0.058583140,0.107947752,3.273305893,0.000411555,-0.028827308,-0.000421523,0.999584258
1713723124166053376.000000,-0.057519335,0.107456192,3.285559654,0.004974230,-0.027463268,0.000570396,0.999610305
1713723124199370496.000000,-0.056795258,0.108129442,3.300055265,0.001053197,-0.026652601,0.000467829,0.999644101
1713723124232687360.000000,-0.056623384,0.109506726,3.275677204,0.001218045,-0.026426287,-0.000144534,0.999650061
1713723124266003712.000000,-0.056098208,0.108157597,3.288991690,0.003137689,-0.026010917,0.000894433,0.999656379
1713723124299319552.000000,-0.056486808,0.108609438,3.301829100,0.005327810,-0.025723381,0.000386738,0.999654889
1713723124332635136.000000,-0.056509223,0.110502608,3.319941998,0.001648359,-0.025588416,0.000609813,0.999671042
1713723124365950464.000000,-0.056654632,0.111207575,3.333677292,0.002097062,-0.025497349,0.000765855,0.999672472
1713723124399265536.000000,-0.056906618,0.110905752,3.346036196,0.005318179,-0.025246413,0.000693970,0.999666929
1713723124432580352.000000,-0.056651585,0.112086795,3.362498283,0.003875169,-0.024751263,0.001425538,0.999685109
1713723124465894400.000000,-0.057567064,0.113192298,3.377094984,0.002655519,-0.024880869,-0.000267308,0.999686897
1713723124499208448.000000,-0.057815064,0.113300763,3.390857220,0.002778034,-0.024267646,0.000232253,0.999701679
1713723124532522240.000000,-0.058279481,0.113016248,3.406456470,0.007219224,-0.024051992,0.000309651,0.999684572
1713723124565835776.000000,-0.058563847,0.114334375,3.420469522,0.003486301,-0.023812098,0.000480671,0.999710321
1713723124599148544.000000,-0.059579216,0.115881123,3.434446573,0.002663809,-0.023830956,-0.000759526,0.999712169
1713723124632460544.000000,-0.059628852,0.113747418,3.454004288,0.004119354,-0.023653932,-0.000358634,0.999711752
1713723124665772800.000000,-0.060014911,0.114488766,3.466748953,0.006969498,-0.023256633,0.000132402,0.999705255
1713723124699085312.000000,-0.060378328,0.115894668,3.482039690,0.002365026,-0.022861976,-0.000257226,0.999735832
1713723124732396544.000000,-0.059149217,0.115535960,3.488946438,0.002277483,-0.022793567,-0.000611590,0.999737442
1713723124765707776.000000,-0.059103578,0.115250818,3.501703978,0.004608943,-0.022203779,0.000221536,0.999742866
1713723124799018496.000000,-0.059306543,0.116504408,3.514775515,0.004910915,-0.021739606,0.001207862,0.999750912
1713723124832328704.000000,-0.062459063,0.119331442,3.536503792,0.001611601,-0.021603100,0.000027785,0.999765396
1713723124865638912.000000,-0.061269138,0.119167402,3.543319702,0.001790354,-0.021839982,0.001153169,0.999759257
1713723124898948608.000000,-0.061935022,0.117794313,3.563893080,0.004077604,-0.022896029,0.001286338,0.999728799
1713723124932258048.000000,-0.064096451,0.119582430,3.577806711,0.002888806,-0.024159338,0.001752625,0.999702454
1713723124965567232.000000,-0.066889800,0.121323258,3.592932224,-0.000394463,-0.026061259,0.000774876,0.999660015
1713723124998876416.000000,-0.069114000,0.121956281,3.621425390,0.000852276,-0.027216306,0.000716920,0.999628961
1713723125032184320.000000,-0.070957355,0.122308336,3.634322405,0.003584367,-0.028206700,0.002633213,0.999592304
1713723125065492736.000000,-0.073896363,0.124023557,3.649080038,-0.000393778,-0.029753771,0.001126677,0.999556541
1713723125098799872.000000,-0.073692910,0.124257997,3.665076971,-0.000547251,-0.030839367,0.000291607,0.999524236
1713723125131848704.000000,-0.074302174,0.124166720,3.677968502,0.001726203,-0.030701267,0.002662725,0.999523580
1713723125165548032.000000,-0.075543627,0.125526547,3.692261219,0.000093751,-0.031012621,0.002116896,0.999516785
1713723125199249152.000000,-0.073644385,0.125640750,3.721354008,-0.001551404,-0.031456411,0.001239262,0.999503195
1713723125232952576.000000,-0.074577004,0.125651464,3.735118151,-0.000344745,-0.031296209,0.001762970,0.999508619
1713723125266658048.000000,-0.075322822,0.126196846,3.748595238,0.001126402,-0.030724017,0.001999861,0.999525309
1713723125300365568.000000,-0.073677212,0.128026739,3.766206980,-0.001978233,-0.029921005,0.001125032,0.999549687
1713723125334074880.000000,-0.073538087,0.129167765,3.780440092,-0.001897644,-0.028226966,0.000935855,0.999599338
1713723125367787008.000000,-0.072225429,0.129288271,3.793773651,0.000167928,-0.025517976,0.000861073,0.999674022
1713723125401500416.000000,-0.064110652,0.135845199,3.847262144,-0.000120524,-0.022617789,0.000547629,0.999744058
1713723125435216384.000000,-0.061925296,0.137144372,3.862114429,-0.002704140,-0.019084128,-0.000693317,0.999813974
1713723125468934656.000000,-0.059229400,0.137492284,3.875636101,-0.001654622,-0.015103488,-0.000630860,0.999884367
1713723125502654208.000000,-0.055363022,0.132621303,3.809227228,-0.000414425,-0.011423644,0.000071336,0.999934733
1713723125536376832.000000,-0.052353058,0.133845061,3.823148251,-0.002250174,-0.007718029,-0.000944699,0.999967277
1713723125570100480.000000,-0.049612515,0.133841068,3.836427212,-0.001508961,-0.004723673,-0.001985255,0.999985754
1713723125603827200.000000,-0.046134464,0.133678257,3.853401899,0.000813260,-0.001702282,-0.000534347,0.999998152
1713723125637555712.000000,-0.044524115,0.134404153,3.867513657,-0.001438351,-0.000221900,-0.002137309,0.999996662
1713723125671286016.000000,-0.043486286,0.135320663,3.881417513,-0.001562697,0.000916662,-0.002213793,0.999995947
1713723125705018880.000000,-0.042937171,0.135109589,3.897689104,0.001206857,0.001508970,-0.002928878,0.999993861
1713723125738753280.000000,-0.042831097,0.135612547,3.911344290,0.001911682,0.001843479,-0.003232390,0.999991238
1713723125772490240.000000,-0.042376213,0.136940077,3.927032709,-0.001883949,0.002188322,-0.002865556,0.999991775
1713723125806229248.000000,-0.042712748,0.136071756,3.941403151,-0.001563014,0.002211856,-0.003604926,0.999989867
1713723125839970048.000000,-0.041940924,0.135836750,3.957519054,0.002450072,0.002426471,-0.003010277,0.999989510
1713723125873713408.000000,-0.041916326,0.136798054,3.972077608,-0.000297928,0.002592978,-0.002818526,0.999992669
1713723125907458816.000000,-0.042263824,0.138200507,3.987443447,-0.003097626,0.002324983,-0.004334324,0.999983132
1713723125941206272.000000,-0.041425943,0.137085497,3.999994993,-0.000089058,0.002410002,-0.003419640,0.999991298
1713723125974955264.000000,-0.038393371,0.137214363,4.015956879,0.002810546,0.002239289,-0.003582786,0.999987185
1713723126008706816.000000,-0.038086534,0.138768747,4.031158924,-0.002326634,0.002211303,-0.003601707,0.999988377
1713723126042460416.000000,-0.037823003,0.139984027,4.045287132,-0.002460427,0.001956059,-0.003573183,0.999988735
1713723126076216576.000000,-0.042629879,0.140062898,4.054612637,0.000582291,0.002303580,-0.002523038,0.999994040
1713723126109974272.000000,-0.042581134,0.141596943,4.068323612,-0.000032212,0.002347410,-0.003014896,0.999992728
1713723126144089344.000000,-0.042069316,0.143437564,4.083563328,-0.002823603,0.002246349,-0.002852157,0.999989450
1713723126177371136.000000,-0.037652280,0.145755872,4.156662464,-0.002297289,0.002355707,-0.002138697,0.999992371
1713723126210652160.000000,-0.037236042,0.145866469,4.169544697,0.000191151,0.002144861,-0.001921729,0.999995887
1713723126243932160.000000,-0.036694996,0.146604538,4.184178352,-0.002878075,0.002263371,-0.001492691,0.999992192
1713723126277211648.000000,-0.033448484,0.150187343,4.200649738,-0.002359329,0.001723501,-0.002517387,0.999992609
1713723126310490368.000000,-0.032249995,0.150153890,4.214006424,-0.001889888,0.002222738,-0.000254446,0.999995708
1713723126343768832.000000,-0.032069054,0.150950491,4.227364063,-0.001562674,0.001908651,-0.000910252,0.999996603
1713723126377046272.000000,-0.031730887,0.154753625,4.249022007,-0.003413199,0.001856717,-0.000964087,0.999992013
1713723126410323456.000000,-0.031039983,0.154888377,4.262066364,-0.002178831,0.001835956,-0.000634989,0.999995768
1713723126443599616.000000,-0.029888760,0.155120209,4.275475979,-0.002412159,0.001989888,0.000629945,0.999994934
1713723126476875264.000000,-0.033178501,0.153053284,4.221447945,-0.003682219,0.001846319,0.000482181,0.999991417
1713723126510150144.000000,-0.032984648,0.152606726,4.234959602,-0.003323148,0.001625104,-0.000294166,0.999993145
1713723126543424256.000000,-0.031799700,0.152094737,4.247548580,-0.000631634,0.002151961,0.002242441,0.999994993
1713723126576698112.000000,-0.030081097,0.153859779,4.265037060,-0.003779514,0.001900344,0.001466609,0.999989986
1713723126609970688.000000,-0.029890586,0.154338941,4.278887272,-0.004301192,0.001939686,0.001019740,0.999988377
1713723126643242752.000000,-0.028878938,0.153187945,4.291336536,-0.001789711,0.002506855,0.001725356,0.999993801
1713723126676514304.000000,-0.018650912,0.162127346,4.378130436,-0.000460548,0.002830094,0.002472927,0.999992907
1713723126709785344.000000,-0.018126894,0.163181722,4.392945290,-0.003908530,0.003260783,0.001275656,0.999986231
1713723126743055616.000000,-0.017303985,0.163411394,4.406654835,-0.003284469,0.004097485,0.001544802,0.999985039
1713723126776324864.000000,-0.016891778,0.162882999,4.433051586,-0.000408584,0.004959034,0.002230186,0.999985158
1713723126809593856.000000,-0.015749592,0.163453862,4.446310520,-0.001084097,0.005834866,0.002262983,0.999979854
1713723126842862080.000000,-0.015125947,0.164711863,4.460939407,-0.004252473,0.006270170,0.000909049,0.999970913
1713723126876129536.000000,-0.013941593,0.164655387,4.474794865,-0.003192516,0.007164072,0.001079626,0.999968648
1713723126909396736.000000,-0.021644266,0.159075603,4.383172035,-0.000657809,0.008137202,0.001847771,0.999964952
1713723126942662656.000000,-0.020942219,0.160472855,4.397340298,-0.003308593,0.008472089,0.000995149,0.999958158
1713723126975928576.000000,-0.020672459,0.161692798,4.412003994,-0.005436013,0.008415212,-0.000456344,0.999949753
1713723127009193216.000000,-0.010576734,0.165970072,4.541375637,-0.002293701,0.008749468,0.000493049,0.999958992
1713723127042457088.000000,-0.009554810,0.166404441,4.553553581,-0.000312104,0.008897331,0.000614390,0.999960244
1713723127075720704.000000,-0.008999814,0.167780653,4.567759991,-0.004131432,0.008920640,-0.000510542,0.999951541
1713723127108956672.000000,-0.017130563,0.163609892,4.464588165,-0.002880742,0.009385567,-0.000051573,0.999951839
1713723127142237952.000000,-0.007830439,0.169309333,4.601864338,-0.000959099,0.009769829,0.000314177,0.999951780
1713723127175517952.000000,-0.007358133,0.170570746,4.615054131,-0.001501472,0.009920890,-0.000536724,0.999949574
1713723127208798208.000000,-0.006761786,0.171621263,4.628938198,-0.002672890,0.010022469,-0.000980167,0.999945819
1713723127242077440.000000,-0.005605774,0.171394512,4.642412186,-0.001284012,0.010471191,-0.000440842,0.999944329
1713723127275355904.000000,-0.004988190,0.171141014,4.655145168,0.000620847,0.010371604,-0.000818730,0.999945760
1713723127308633600.000000,-0.007448838,0.172507972,4.690625191,-0.000948960,0.010827912,-0.000762531,0.999940693
1713723127341910272.000000,-0.006843103,0.173278540,4.704724312,-0.001519831,0.010815780,-0.001527075,0.999939263
1713723127375187200.000000,-0.005814023,0.172606975,4.718326569,-0.000921613,0.011059902,-0.001851333,0.999936759
1713723127408463104.000000,-0.012796099,0.167367026,4.607985497,0.001413990,0.011588032,-0.000802716,0.999931574
1713723127441738240.000000,-0.012080756,0.168615699,4.622174740,-0.001430812,0.011613604,-0.001597654,0.999930263
1713723127475012608.000000,-0.011636549,0.169445962,4.636386871,-0.002309523,0.011682616,-0.002834878,0.999925077
1713723127508286208.000000,-0.010661980,0.168677434,4.653097153,0.000716917,0.012316119,-0.001649840,0.999922574
1713723127541559296.000000,-0.009584556,0.169424176,4.666337490,0.001522164,0.012492415,-0.001728013,0.999919355
1713723127574831360.000000,-0.009180199,0.171013698,4.681560993,-0.002768477,0.012325663,-0.003215353,0.999915063
1713723127608103168.000000,-0.008815982,0.170722216,4.696784973,-0.001395249,0.012370552,-0.002896727,0.999918342
1713723127641374464.000000,-0.007892073,0.170261532,4.709946156,0.001655808,0.012434355,-0.001960595,0.999919415
1713723127674644480.000000,-0.005458323,0.172239646,4.762075901,-0.000040807,0.012136610,-0.002808118,0.999922454
1713723127707914240.000000,-0.005103081,0.173741013,4.777458668,-0.002367473,0.011883799,-0.003056432,0.999921918
1713723127741183232.000000,-0.004415360,0.173248544,4.790999889,-0.000555254,0.012196086,-0.002705864,0.999921799
1713723127774451712.000000,-0.003251970,0.173847631,4.804133892,0.002140883,0.012464322,-0.001974874,0.999918103
1713723127807719168.000000,-0.007090633,0.173201978,4.777270317,-0.001181202,0.012525503,-0.003028324,0.999916315
1713723127840986368.000000,-0.006528006,0.174390227,4.791530132,-0.001264427,0.012535674,-0.003374636,0.999915004
1713723127874252544.000000,-0.005260552,0.174172312,4.804613113,0.000754255,0.013057085,-0.002138456,0.999912202
1713723127907518464.000000,-0.004405783,0.175556913,4.817422390,0.000997397,0.013082927,-0.002506853,0.999910772
1713723127940783360.000000,0.000121010,0.179703116,4.872095585,-0.001898880,0.012733922,-0.003025528,0.999912560
1713723127974047744.000000,-0.002804653,0.177494392,4.845720768,-0.000722243,0.013026253,-0.003081003,0.999910176
1713723128007310848.000000,-0.001550179,0.177497730,4.858680725,0.001517515,0.013246653,-0.002519734,0.999907970
1713723128040573952.000000,0.006796050,0.182232738,4.890836239,-0.000147553,0.012707938,-0.003280570,0.999913871
1713723128073835776.000000,0.007743964,0.183230042,4.905722141,-0.001605527,0.012669172,-0.003778739,0.999911368
1713723128107097344.000000,0.008875709,0.182723492,4.919608116,-0.000753375,0.012996773,-0.003490811,0.999909222
1713723128140199936.000000,0.009917191,0.184102684,4.931391239,0.001112072,0.013247588,-0.003374233,0.999906003
1713723128173689600.000000,0.007981582,0.184126884,4.954154968,-0.001795589,0.013728932,-0.003829814,0.999896884
1713723128207182080.000000,0.008479534,0.185241163,4.968417645,-0.002263144,0.013719071,-0.004934616,0.999891222
1713723128240676096.000000,0.009510651,0.184872821,4.981510162,0.000218499,0.013996219,-0.004475753,0.999891996
1713723128274172672.000000,0.003474562,0.183226869,5.001869202,0.000288821,0.014415270,-0.004049411,0.999887943
1713723128307671296.000000,0.004052198,0.184489310,5.016885281,-0.002837722,0.014333461,-0.005422701,0.999878585
1713723128341171968.000000,0.004828856,0.184319779,5.030480385,-0.001464104,0.014531291,-0.005380254,0.999878883
1713723128374674688.000000,0.005644850,0.183985844,5.042823792,0.002480453,0.014707131,-0.005050095,0.999876082
1713723128408179456.000000,0.011406578,0.186799407,5.059948921,-0.000588259,0.014400073,-0.006237556,0.999876678
1713723128441686528.000000,0.011866890,0.187991336,5.074244976,-0.001051804,0.014240479,-0.007103768,0.999872863
1713723128475195648.000000,0.012841404,0.187270239,5.087342739,0.001133373,0.014261559,-0.007335512,0.999870777
1713723128508706560.000000,0.012289310,0.185530692,5.102726460,0.003412226,0.014431422,-0.006562911,0.999868512
1713723128542219776.000000,0.012988510,0.186661839,5.117365360,-0.000582844,0.014289136,-0.007563647,0.999869108
1713723128575735296.000000,0.013644043,0.187096864,5.131013393,0.000247327,0.014212236,-0.007477168,0.999871075
1713723128609252608.000000,0.012052005,0.186815813,5.149047375,0.004402601,0.014644901,-0.007518668,0.999854863
1713723128642772480.000000,0.012874104,0.187211737,5.162855148,0.003170039,0.014691284,-0.007417294,0.999859571
1713723128676294144.000000,0.013356360,0.188043416,5.177631378,0.001117997,0.014277078,-0.008239555,0.999863565
1713723128709817600.000000,0.005612900,0.183916509,5.154025078,0.002112117,0.014925309,-0.007856808,0.999855578
1713723128743343872.000000,0.005927408,0.182869673,5.166099548,0.007141813,0.014802640,-0.007964222,0.999833226
1713723128776871424.000000,0.006551218,0.182701290,5.180831432,0.003126836,0.014605295,-0.007564179,0.999859929
1713723128810401792.000000,0.020398317,0.192049339,5.244204521,0.003151529,0.013444865,-0.008297157,0.999870241
1713723128843933696.000000,0.021032983,0.189640343,5.257104874,0.005870933,0.013171316,-0.008285417,0.999861777
1713723128877468160.000000,0.021266682,0.189298093,5.269158363,0.009195830,0.012994044,-0.008263677,0.999839187
1713723128911004416.000000,0.015801094,0.188508466,5.278669357,0.004511691,0.013204316,-0.007511387,0.999874473
1713723128944542976.000000,0.015872786,0.188392773,5.291764736,0.005886785,0.012660610,-0.007771691,0.999872327
1713723128978083072.000000,0.016964950,0.186650455,5.304557800,0.007313531,0.012739293,-0.006054900,0.999873817
1713723129011625984.000000,0.019016158,0.189373165,5.319836617,0.008208636,0.012375373,-0.006840119,0.999866366
1713723129045170432.000000,0.019547127,0.189721793,5.333792686,0.006178692,0.012382219,-0.006779607,0.999881327
1713723129078717440.000000,0.019684996,0.189250320,5.346909046,0.006917638,0.012237362,-0.006859099,0.999877751
1713723129112266240.000000,0.020060152,0.189605102,5.358517170,0.010128215,0.012210199,-0.007163964,0.999848545
1713723129145978880.000000,0.012835607,0.190675378,5.322697639,0.009879082,0.012562860,-0.006684409,0.999849975
1713723129179296768.000000,0.013233643,0.190871492,5.337175846,0.007231670,0.012217063,-0.007063874,0.999874294
1713723129212613632.000000,0.013828414,0.189372793,5.350807667,0.008488415,0.012135415,-0.006952254,0.999866188
1713723129245930240.000000,0.014615233,0.188720062,5.365424156,0.012725261,0.012144845,-0.006666771,0.999823093
1713723129279246080.000000,0.015161064,0.189103559,5.379583836,0.009081637,0.012072993,-0.006491624,0.999864876
1713723129312561920.000000,0.015719598,0.189447746,5.394430161,0.006875421,0.011756643,-0.007284840,0.999880731
1713723129345877760.000000,0.017115925,0.187752247,5.403374672,0.009638017,0.012016582,-0.005717494,0.999864995
1713723129379192576.000000,0.017774247,0.189638078,5.425978184,0.010944263,0.012004556,-0.006366698,0.999847770
1713723129412507648.000000,0.018585857,0.190281466,5.440909863,0.006853932,0.012095495,-0.006435134,0.999882638
1713723129445821696.000000,0.019390821,0.190738499,5.455047131,0.006627147,0.012116241,-0.006762224,0.999881804
1713723129479136000.000000,0.020062385,0.190506428,5.472846985,0.009686813,0.012326968,-0.007045426,0.999852300
1713723129512450048.000000,0.020776307,0.191361859,5.485697269,0.009797418,0.012504035,-0.006999675,0.999849379
1713723129545763328.000000,0.021662356,0.192997411,5.500599861,0.005513035,0.012467973,-0.007188676,0.999881327
1713723129579076608.000000,0.020467512,0.196112081,5.509420395,0.007504652,0.012524669,-0.006691354,0.999871016
1713723129612388608.000000,0.021171350,0.196414217,5.521958351,0.010068351,0.012593966,-0.005630626,0.999854207
1713723129645700864.000000,0.021109145,0.197806999,5.536344051,0.006790109,0.012257410,-0.006516996,0.999880612
1713723129679013376.000000,0.028487066,0.198328286,5.631287098,0.006067117,0.011891417,-0.006349001,0.999890745
1713723129712324608.000000,0.029216468,0.197951406,5.643801212,0.008607165,0.012177844,-0.005134249,0.999875665
1713723129745636096.000000,0.029294776,0.198996902,5.657083988,0.007987509,0.011697561,-0.005307983,0.999885619
1713723129778946816.000000,0.022460755,0.199075922,5.603790283,0.006318305,0.010858770,-0.005445387,0.999906301
1713723129812257280.000000,0.022289488,0.199117184,5.616896629,0.007338599,0.010036259,-0.004615422,0.999912083
1713723129845567744.000000,0.021875927,0.199352413,5.629514217,0.009294001,0.008558688,-0.004223377,0.999911308
1713723129878877440.000000,0.021308746,0.199967712,5.643739700,0.006885800,0.007068394,-0.003973173,0.999943435
1713723129912187136.000000,0.020615982,0.200501069,5.663819790,0.007062077,0.005559420,-0.004663749,0.999948740
1713723129945495808.000000,0.020622924,0.200257957,5.676898003,0.007951343,0.004623762,-0.002807051,0.999953747
1713723129978804480.000000,0.019837175,0.200583264,5.690351009,0.007880622,0.002914628,-0.003582075,0.999958277
1713723130012113408.000000,0.019157358,0.200901926,5.704667091,0.006813848,0.001557418,-0.003049104,0.999970913
1713723130045421056.000000,0.020414451,0.200696200,5.700745106,0.008701040,-0.000065415,-0.003538651,0.999955893
1713723130078728960.000000,0.020165963,0.200771153,5.714045048,0.008353326,-0.001212694,-0.002021420,0.999962389
1713723130112036352.000000,0.018847542,0.201196074,5.727803707,0.007604185,-0.003239861,-0.003519397,0.999959707
1713723130145337856.000000,0.020309160,0.205225706,5.771678448,0.008099605,-0.004466405,-0.002673968,0.999953628
1713723130178656512.000000,0.019182002,0.205139235,5.783940792,0.009931020,-0.006069254,-0.002791275,0.999928415
1713723130211975168.000000,0.018297624,0.205123723,5.797453403,0.008173567,-0.007558870,-0.002438528,0.999935091
1713723130245292800.000000,0.017090969,0.205571100,5.810715199,0.008613299,-0.009077726,-0.002941517,0.999917448
1713723130278610688.000000,0.013450307,0.206217661,5.816189289,0.009103321,-0.009491027,-0.002793368,0.999909699
1713723130311928320.000000,0.013123590,0.205979168,5.828939915,0.010528647,-0.009660375,-0.002086591,0.999895751
1713723130345245440.000000,0.012988967,0.205456212,5.843181133,0.008398693,-0.010238108,-0.002470122,0.999909282
1713723130378562048.000000,0.013003820,0.204793185,5.857066154,0.008253602,-0.010305729,-0.002131260,0.999910593
1713723130411878400.000000,0.014347874,0.206754535,5.872480392,0.010767301,-0.010660043,-0.002428610,0.999882281
1713723130445194240.000000,0.014834159,0.206624433,5.886129379,0.009097515,-0.010528498,-0.001542534,0.999902010
1713723130478509824.000000,0.014848051,0.206593230,5.900136471,0.008446513,-0.010944185,-0.002563245,0.999901175
1713723130511825408.000000,0.009763491,0.205296323,5.928810120,0.008619439,-0.010673735,-0.001568012,0.999904692
1713723130545140224.000000,0.010118901,0.205094799,5.941773891,0.010370654,-0.010839338,-0.002089103,0.999885321
1713723130578455296.000000,0.010666333,0.205160946,5.956019402,0.007809728,-0.010837892,-0.002089396,0.999908566
1713723130611769088.000000,0.009925679,0.207635522,5.965516567,0.009155076,-0.010785430,-0.002949527,0.999895632
1713723130645083136.000000,0.010128788,0.207667589,5.978909016,0.008902925,-0.011159170,-0.002871195,0.999894023
1713723130678396928.000000,0.010168522,0.208510965,5.992360592,0.009016390,-0.011192670,-0.003110962,0.999891937
1713723130711710464.000000,0.011552480,0.209893331,6.006293297,0.008838803,-0.011563330,-0.003549344,0.999887824
1713723130745023488.000000,0.011747081,0.210247219,6.019283772,0.009225016,-0.011524945,-0.002833758,0.999887109
1713723130778336000.000000,0.011735232,0.210573167,6.032875061,0.008686721,-0.011789351,-0.003831516,0.999885499
1713723130811648256.000000,0.013440635,0.211464241,6.057353020,0.007720453,-0.011789816,-0.003471741,0.999894738
1713723130844960512.000000,0.012827257,0.211068049,6.069529533,0.011164634,-0.012291153,-0.004475395,0.999852180
1713723130878272000.000000,0.012798503,0.211211681,6.083177567,0.009227009,-0.012248735,-0.003738571,0.999875486
1713723130911583488.000000,0.011910777,0.213169336,6.103724957,0.007418102,-0.012554297,-0.004579640,0.999883235
1713723130944893952.000000,0.011815040,0.212275267,6.116994381,0.007888602,-0.012435277,-0.003772423,0.999884486
1713723130978204672.000000,0.011116755,0.211200163,6.129370689,0.010759214,-0.012808327,-0.004330700,0.999850750
1713723131011514880.000000,0.010070120,0.207722217,6.100436687,0.007339722,-0.012864923,-0.003619709,0.999883771
1713723131044824832.000000,0.009386515,0.207285479,6.114337921,0.005846975,-0.013241182,-0.004952816,0.999882996
1713723131078134528.000000,0.009478359,0.205039382,6.126979828,0.008114255,-0.013149949,-0.004165431,0.999871969
1713723131111443712.000000,0.011908490,0.208181500,6.173796654,0.010174145,-0.013135594,-0.004136389,0.999853492
1713723131144735232.000000,0.011465815,0.205373466,6.159439564,0.005882684,-0.013265485,-0.004343209,0.999885321
1713723131178068992.000000,0.011135422,0.205039740,6.172906876,0.005541422,-0.013436847,-0.004634322,0.999883652
1713723131211403008.000000,0.011766936,0.203212783,6.184712887,0.009810553,-0.012988088,-0.004252710,0.999858499
1713723131244736256.000000,0.012346879,0.203270316,6.197709560,0.008545904,-0.011572202,-0.003857385,0.999889135
1713723131278068992.000000,0.017575571,0.212787479,6.272794724,0.005139083,-0.009881318,-0.004006882,0.999929965
1713723131311401984.000000,0.020080136,0.211810753,6.286025047,0.006730890,-0.007130762,-0.003684845,0.999945164
1713723131344735488.000000,0.023516985,0.210827902,6.298372269,0.009756183,-0.003348487,-0.003367419,0.999941170
1713723131378067968.000000,0.027505454,0.210696921,6.313063145,0.005957084,0.000771933,-0.003338873,0.999976456
1713723131411400192.000000,0.033948131,0.211106569,6.328712940,0.005053730,0.004264773,-0.003618199,0.999971628
1713723131444733184.000000,0.038045757,0.209754214,6.341153145,0.007873470,0.008220209,-0.002465343,0.999932230
1713723131478065152.000000,0.041756108,0.210147366,6.354575157,0.007379898,0.011528685,-0.003049801,0.999901712
1713723131511397632.000000,0.038855612,0.208199888,6.306481838,0.004127157,0.015193272,-0.003353753,0.999870479
1713723131544729344.000000,0.043006055,0.206820965,6.318764687,0.006891545,0.018597038,-0.003132494,0.999798417
1713723131578061568.000000,0.047701325,0.207039922,6.331339359,0.007497487,0.022261398,-0.002359648,0.999721289
1713723131611393536.000000,0.056882322,0.209542230,6.407855511,0.003969021,0.025083670,-0.003423115,0.999671698
1713723131644724736.000000,0.055259638,0.209356532,6.363907814,0.005419270,0.028358253,-0.003096987,0.999578357
1713723131678056448.000000,0.058694072,0.208958820,6.375605106,0.008283600,0.030870102,-0.002184632,0.999486744
1713723131711388160.000000,0.061281268,0.210076183,6.389545441,0.004587049,0.032334518,-0.002866195,0.999462545
1713723131744719616.000000,0.064292297,0.210431457,6.403251171,0.004215962,0.033251435,-0.002881571,0.999433994
1713723131778050304.000000,0.064206012,0.211884588,6.420206070,0.007256247,0.033897325,-0.002448367,0.999395967
1713723131811381248.000000,0.065732606,0.212994233,6.432820320,0.007033033,0.033981074,-0.002488932,0.999394655
1713723131844712192.000000,0.067641415,0.214248300,6.447167397,0.003545517,0.034040328,-0.002229725,0.999411702
1713723131878042624.000000,0.069410652,0.213903293,6.460274220,0.004515837,0.034238622,-0.001898524,0.999401748
1713723131911373312.000000,0.067081787,0.214568734,6.467234612,0.008599869,0.034627948,-0.001904026,0.999361515
1713723131944703744.000000,0.068752669,0.215594724,6.481176376,0.005376797,0.034719616,-0.001622729,0.999381363
1713723131978033920.000000,0.070452362,0.216777459,6.495403290,0.004061942,0.034588013,-0.002003804,0.999391437
1713723132011364096.000000,0.071795657,0.217188835,6.507603168,0.006539742,0.034990683,-0.001260671,0.999365449
1713723132044694528.000000,0.073176563,0.217870593,6.519846439,0.008808303,0.035190776,-0.001438945,0.999340832
1713723132078024448.000000,0.075004220,0.219103560,6.541528702,0.004876612,0.035288963,-0.001058469,0.999364674
1713723132111353856.000000,0.076631114,0.220053777,6.555076122,0.004912620,0.035274420,-0.000802600,0.999365330
1713723132144692992.000000,0.078126281,0.219441757,6.567258358,0.008582190,0.035442173,-0.000747630,0.999334633
1713723132178013440.000000,0.079686128,0.220418081,6.580460548,0.007606729,0.035766590,-0.000104536,0.999331236
1713723132211333632.000000,0.082086861,0.219865635,6.600054264,0.004653998,0.035661504,-0.000605546,0.999352992
1713723132244653312.000000,0.083473913,0.220090717,6.613536358,0.005006778,0.036194805,0.000195448,0.999332249
1713723132277972992.000000,0.084423952,0.220496789,6.625800610,0.008422494,0.036085427,0.000160381,0.999313176
1713723132311291648.000000,0.086763993,0.221624330,6.626066208,0.005064114,0.036063328,0.000835739,0.999336421
1713723132344610816.000000,0.088984847,0.222975895,6.648363113,0.004709575,0.035793103,-0.000093511,0.999348164
1713723132377929216.000000,0.090429619,0.221807748,6.661459446,0.005526821,0.035697408,0.000041005,0.999347448
1713723132411247616.000000,0.091302514,0.222796470,6.673270702,0.008707114,0.035912402,0.000144213,0.999316990
1713723132444565504.000000,0.092568956,0.224102482,6.687843800,0.003672551,0.036105886,0.000494171,0.999341190
1713723132477883136.000000,0.092557624,0.226419985,6.702554703,0.003511087,0.036223784,0.000358801,0.999337554
1713723132511200512.000000,0.093863800,0.225997090,6.732415199,0.007011069,0.036672108,0.000497721,0.999302685
1713723132544517376.000000,0.094978504,0.227418512,6.745516300,0.006547999,0.037065826,0.001380421,0.999290466
1713723132577833984.000000,0.095508203,0.228274152,6.760444164,0.002866003,0.036571346,-0.000174675,0.999326944
1713723132611150080.000000,0.097084686,0.228391409,6.773080826,0.003934000,0.037030056,0.000814558,0.999306142
1713723132644465920.000000,0.097716957,0.227595061,6.784967422,0.007868006,0.037007216,0.000139425,0.999284089
1713723132677781248.000000,0.098891258,0.228283465,6.798908710,0.004916410,0.037107851,0.000481316,0.999299109
1713723132711097088.000000,0.099854417,0.228846803,6.813452244,0.002981700,0.036963303,0.000325753,0.999312222
1713723132744411648.000000,0.100887969,0.228140071,6.826617241,0.004231636,0.037444446,0.001182134,0.999289155
1713723132777726464.000000,0.107116319,0.227787539,6.826086521,0.006832758,0.036935687,0.000604556,0.999294162
1713723132811040768.000000,0.108244441,0.229320660,6.840281487,0.003985749,0.037253536,0.000592537,0.999297738
1713723132844354304.000000,0.109067068,0.229876369,6.854304790,0.002901507,0.037088856,-0.000584250,0.999307632
1713723132877667840.000000,0.110166602,0.230116218,6.866435528,0.006022261,0.037502896,0.000183899,0.999278367
1713723132910981120.000000,0.111343130,0.231689259,6.883498669,0.007605909,0.037750158,0.000778039,0.999258041
1713723132944294144.000000,0.111879341,0.233170673,6.898432732,0.002913920,0.037680235,-0.000811321,0.999285281
1713723132977606912.000000,0.112688087,0.233291954,6.912053585,0.003670877,0.037942149,-0.000999976,0.999272764
1713723133010919424.000000,0.113154650,0.233350202,6.924049377,0.007487079,0.038479950,-0.000056315,0.999231398
1713723133044231168.000000,0.118263863,0.232305154,6.942937374,0.006584566,0.038408201,-0.000213478,0.999240398
1713723133077542912.000000,0.118733682,0.233384311,6.957811832,0.003174887,0.038448106,-0.001138172,0.999254942
1713723133110854144.000000,0.119302750,0.232858673,6.970765114,0.004806500,0.038705856,-0.000642491,0.999238849
1713723133144142848.000000,0.119937085,0.233241186,6.982553005,0.008129973,0.038673874,-0.000006089,0.999218822
1713723133177486336.000000,0.122927777,0.234283745,7.004779816,0.005492589,0.038479708,-0.000842438,0.999243975
1713723133210829824.000000,0.123397641,0.235084161,7.019228458,0.003897565,0.038614117,-0.001258184,0.999245822
1713723133244172800.000000,0.124043569,0.234123439,7.031933784,0.005777941,0.039041072,-0.000774057,0.999220669
1713723133277515776.000000,0.121946998,0.235033035,7.036272049,0.007988813,0.039511047,-0.000758558,0.999186933
1713723133310858496.000000,0.122319020,0.236031488,7.050654411,0.004878226,0.039629959,-0.001348120,0.999201655
1713723133344200960.000000,0.125214532,0.236396894,7.072850704,0.004628546,0.039673850,-0.001918344,0.999200165
1713723133377543424.000000,0.129840523,0.230988711,7.091978550,0.007258050,0.039800677,-0.001021878,0.999180794
1713723133410885888.000000,0.130690604,0.231516033,7.104557991,0.008616512,0.040104598,-0.000851060,0.999158025
1713723133444227584.000000,0.131230757,0.232336938,7.119029045,0.004414977,0.040116206,-0.001760230,0.999183714
1713723133477569536.000000,0.133133844,0.230723903,7.132966518,0.005598644,0.040097732,-0.002156735,0.999177754
1713723133510911232.000000,0.134077072,0.233715311,7.150806427,0.008319139,0.040362440,-0.000732275,0.999150217
1713723133544252928.000000,0.134933203,0.234132230,7.164569855,0.006510434,0.039859131,-0.001992574,0.999182165
1713723133577594368.000000,0.136174694,0.234477416,7.178861618,0.004971158,0.039828010,-0.001721154,0.999192715
1713723133610935296.000000,0.137228966,0.233383015,7.192327976,0.006050229,0.040035523,-0.002286460,0.999177396
1713723133644276224.000000,0.138774320,0.233337104,7.183329582,0.007868426,0.040311169,-0.001243840,0.999155402
1713723133677616896.000000,0.139762521,0.233638287,7.197520256,0.005497702,0.040159661,-0.002562582,0.999174953
1713723133710957568.000000,0.140931115,0.233550668,7.211741924,0.004659232,0.040254932,-0.002713952,0.999174953
1713723133744297728.000000,0.142331958,0.232840627,7.224449635,0.006512751,0.040566396,-0.002443022,0.999152660
1713723133777637888.000000,0.139775366,0.237237081,7.266890049,0.007284387,0.041177206,-0.002615151,0.999121964
1713723133810978048.000000,0.140629768,0.238023192,7.281617165,0.003986184,0.040883407,-0.003506788,0.999149919
1713723133844318208.000000,0.141690090,0.237811074,7.295205116,0.004402626,0.040669516,-0.004037397,0.999154866
1713723133877657344.000000,0.143606827,0.236705840,7.307760715,0.007145882,0.041023102,-0.002491905,0.999129593
1713723133910997504.000000,0.150437504,0.237771958,7.336217403,0.005805452,0.040459272,-0.004013284,0.999156237
1713723133944336384.000000,0.151631847,0.238393933,7.351228714,0.003191717,0.040429577,-0.004398109,0.999167621
1713723133977675776.000000,0.152944297,0.237661168,7.364180088,0.005097161,0.040540472,-0.003904135,0.999157250
1713723134011014400.000000,0.154623911,0.237597913,7.377236843,0.006267497,0.040990379,-0.002964084,0.999135554
1713723134044353536.000000,0.155268192,0.238034278,7.397034168,0.003562919,0.040615249,-0.004358548,0.999158978
1713723134077691904.000000,0.155988216,0.238401502,7.410959721,0.003412637,0.040345926,-0.003991328,0.999171972
1713723134111030272.000000,0.156514958,0.237593040,7.423913479,0.004771306,0.039696403,-0.003379287,0.999194682
1713723134144381696.000000,0.156675309,0.238549218,7.437370777,0.004968612,0.038640790,-0.003345640,0.999235272
1713723134177701120.000000,0.157362252,0.238260284,7.457406998,0.002288830,0.037188862,-0.003926452,0.999297976
1713723134211019264.000000,0.157015160,0.238587499,7.471240044,0.002626374,0.035817377,-0.003869480,0.999347448
1713723134244337920.000000,0.157206431,0.238514394,7.484739304,0.003930033,0.034803223,-0.002929572,0.999382198
1713723134277655552.000000,0.157565117,0.239034057,7.499332905,0.002604614,0.033126894,-0.003577802,0.999441445
1713723134310973440.000000,0.157418758,0.240386158,7.520330906,0.000676545,0.031671863,-0.004033592,0.999489963
1713723134344290816.000000,0.157194674,0.239815772,7.533978939,0.001920255,0.030138891,-0.004359047,0.999534428
1713723134377607680.000000,0.157866105,0.240101531,7.547375679,0.003668229,0.029291144,-0.001959173,0.999562323
1713723134410924032.000000,0.155238345,0.240657181,7.555025101,0.000449648,0.027543329,-0.003859257,0.999613106
1713723134444240640.000000,0.149236858,0.239992023,7.526200771,0.000386015,0.026102396,-0.005126286,0.999646127
1713723134477555968.000000,0.149255663,0.239689782,7.538985729,0.003535938,0.025179261,-0.003217195,0.999671519
1713723134510871552.000000,0.148487255,0.240543351,7.553220272,0.001026694,0.023391480,-0.004319995,0.999716520
1713723134544187136.000000,0.148433059,0.241228044,7.568128586,-0.000330686,0.021703027,-0.005193735,0.999750972
1713723134577501696.000000,0.146936953,0.240966812,7.586479187,0.001785496,0.020075623,-0.005397630,0.999782324
1713723134610816512.000000,0.146808356,0.241595060,7.599666119,0.003212943,0.018612621,-0.004072483,0.999813378
1713723134644130816.000000,0.145533949,0.242697671,7.614689827,-0.000508293,0.016049298,-0.005732745,0.999854684
1713723134677444096.000000,0.144773692,0.242967889,7.628787041,0.000120707,0.014628658,-0.005113561,0.999880016
1713723134710757376.000000,0.137892336,0.245922640,7.636212826,0.002672181,0.013333169,-0.005819075,0.999890685
1713723134744070656.000000,0.137357652,0.246268421,7.650444508,0.002088153,0.011472996,-0.005276060,0.999918103
1713723134777383680.000000,0.136287406,0.246428624,7.665365219,0.000338600,0.009006026,-0.006334849,0.999939382
1713723134810696448.000000,0.135706574,0.246276781,7.679119110,0.001596998,0.007344748,-0.005307742,0.999957681
1713723134844007936.000000,0.137477577,0.242722288,7.708611488,0.001484911,0.005212260,-0.005516639,0.999970138
1713723134877319936.000000,0.136690840,0.242540047,7.722673893,0.001568713,0.003705051,-0.005258937,0.999978125
1713723134910631424.000000,0.136055842,0.241792753,7.737173557,0.001155581,0.002129561,-0.006035914,0.999978900
1713723134943942656.000000,0.135229036,0.240960732,7.751340389,0.001837359,0.000880463,-0.005623920,0.999982119
1713723134977253120.000000,0.133470312,0.241959155,7.769353867,0.001749968,-0.000675820,-0.005915656,0.999980748
1713723135010563328.000000,0.132687017,0.242090553,7.782593250,0.003703176,-0.002081464,-0.005490987,0.999975920
1713723135043873536.000000,0.131946400,0.242637709,7.797374249,0.001123057,-0.003900309,-0.005403188,0.999977171
1713723135077182976.000000,0.130634680,0.241993144,7.811765194,0.000623097,-0.006012073,-0.006204424,0.999962509
1713723135110492672.000000,0.118865386,0.249670431,7.801635265,0.004449988,-0.006648124,-0.006740412,0.999945343
1713723135143798784.000000,0.118083410,0.250327289,7.814902782,0.005075070,-0.008294547,-0.005766051,0.999936163
1713723135177117952.000000,0.116847917,0.251699001,7.830074787,0.001109218,-0.010550193,-0.006777553,0.999920785
1713723135210437632.000000,0.116051175,0.252420396,7.844064236,0.001687343,-0.012058483,-0.005826275,0.999908924
1713723135243755776.000000,0.113960601,0.253873974,7.860427380,0.005132848,-0.013274526,-0.006320214,0.999878764
1713723135277074688.000000,0.113305435,0.254436195,7.874337673,0.004466082,-0.014209759,-0.005872070,0.999871850
1713723135310392064.000000,0.112981066,0.255425811,7.889727116,0.000709910,-0.015169437,-0.005354861,0.999870360
1713723135343709696.000000,0.112476729,0.255042821,7.903719902,0.000977971,-0.015965980,-0.005194991,0.999858558
1713723135377027328.000000,0.111084573,0.255333185,7.919500351,0.005025877,-0.016369937,-0.005384382,0.999838889
1713723135410344192.000000,0.110737264,0.256158084,7.933527946,0.003208056,-0.016897200,-0.004654186,0.999841332
1713723135443661056.000000,0.110193133,0.257068783,7.948607922,-0.000253783,-0.017906234,-0.005331050,0.999825418
1713723135476977408.000000,0.109900787,0.256558448,7.961413383,0.001891831,-0.018048596,-0.003903613,0.999827743
1713723135510292992.000000,0.108414412,0.264198214,7.963768959,0.004247785,-0.018392207,-0.004097265,0.999813497
1713723135543608576.000000,0.108526573,0.265300751,7.977802753,0.001475237,-0.018868076,-0.004790065,0.999809444
1713723135576924160.000000,0.108513571,0.266052812,7.990898132,0.002205890,-0.019231558,-0.004059074,0.999804437
1713723135610238720.000000,0.107019708,0.265973508,8.003487587,0.003122497,-0.019489422,-0.004027143,0.999797106
1713723135643553536.000000,0.106882304,0.266396701,8.021622658,0.002833905,-0.019692574,-0.003845864,0.999794662
1713723135676867840.000000,0.106310025,0.267632782,8.034638405,0.003226788,-0.019967670,-0.004142587,0.999786854
1713723135710181376.000000,0.105651379,0.268426418,8.048058510,0.002219537,-0.020254374,-0.003646392,0.999785781
1713723135743494912.000000,0.104704231,0.268984914,8.059873581,0.004384012,-0.020762034,-0.004267144,0.999765754
1713723135776807936.000000,0.105894029,0.267390549,8.081594467,0.003041242,-0.020741209,-0.003107600,0.999775410
1713723135810120960.000000,0.104697451,0.269130260,8.094604492,0.002610997,-0.021307874,-0.004256761,0.999760509
1713723135843433984.000000,0.103682205,0.269287497,8.107290268,0.003653766,-0.022107851,-0.003400940,0.999743164
1713723135876746240.000000,0.101608224,0.272293508,8.106867790,0.005506869,-0.022867015,-0.002981938,0.999718964
1713723135910057472.000000,0.103457771,0.264325708,8.157883644,0.002504632,-0.024481645,-0.003071293,0.999692500
1713723135943369472.000000,0.101475783,0.265298903,8.170989990,0.002966388,-0.025851365,-0.002838280,0.999657452
1713723135976680448.000000,0.099432252,0.265322447,8.183689117,0.004469395,-0.027516518,-0.002804895,0.999607444
1713723136009991168.000000,0.097472824,0.265907049,8.196596146,0.004520284,-0.028687010,-0.002404826,0.999575377
1713723136043302144.000000,0.094552144,0.272188604,8.197556496,0.004165420,-0.029865235,-0.002820781,0.999541283
1713723136076612096.000000,0.092698455,0.272837967,8.210289001,0.004396025,-0.030937688,-0.002243339,0.999509156
1713723136109922048.000000,0.090639628,0.272565365,8.223155022,0.005312064,-0.032332692,-0.002871102,0.999458909
1713723136143224576.000000,0.089614891,0.273157150,8.236213684,0.005203737,-0.033489581,-0.001590475,0.999424219
1713723136176542720.000000,0.089429259,0.266817749,8.239079475,0.004033866,-0.035159189,-0.002656460,0.999370098
1713723136209861376.000000,0.087561689,0.267604709,8.252328873,0.003679571,-0.036315817,-0.001905388,0.999331832
1713723136243178752.000000,0.085580036,0.267125368,8.264636993,0.005855636,-0.037894141,-0.003169609,0.999259651
1713723136276496640.000000,0.084364288,0.268643290,8.277185440,0.006030645,-0.038296457,-0.001348526,0.999247372
1713723136309814272.000000,0.085797064,0.274713099,8.312609673,0.004455624,-0.039153140,-0.002058906,0.999221206
1713723136343131136.000000,0.084757492,0.275484800,8.325328827,0.005039327,-0.039126355,-0.001996490,0.999219596
1713723136376447744.000000,0.084683627,0.275373399,8.336965561,0.008171450,-0.038695645,-0.002104816,0.999215424
1713723136409763584.000000,0.085496522,0.276965767,8.349802971,0.008009318,-0.037295371,-0.001307640,0.999271393
1713723136443079424.000000,0.084856190,0.277179331,8.366611481,0.004620967,-0.035853669,-0.002385411,0.999343574
1713723136476395264.000000,0.086287908,0.277312964,8.379602432,0.005790044,-0.033948120,-0.002237076,0.999404371
1713723136509710848.000000,0.088125534,0.277246207,8.391238213,0.009584432,-0.032036651,-0.001270993,0.999440014
1713723136543025152.000000,0.089964576,0.279104531,8.404676437,0.006646126,-0.030688483,-0.001385876,0.999505997
1713723136576339456.000000,0.093221270,0.271891505,8.402817726,0.004513640,-0.030201728,-0.002655392,0.999530137
1713723136609654016.000000,0.094696119,0.271887690,8.415309906,0.006430980,-0.029160945,-0.001290925,0.999553204
1713723136642968064.000000,0.095503382,0.272417307,8.427376747,0.008606375,-0.028612433,-0.001581384,0.999552310
1713723136676281088.000000,0.096453257,0.273799390,8.441559792,0.005388414,-0.027679918,-0.001328241,0.999601424
1713723136709594368.000000,0.096273161,0.274607629,8.460006714,0.004772624,-0.027184999,-0.002053085,0.999616981
1713723136742907392.000000,0.097354852,0.273616076,8.472549438,0.006529670,-0.026516827,-0.001530843,0.999625921
1713723136776219648.000000,0.098279454,0.273995459,8.484925270,0.008651337,-0.025808919,-0.000891637,0.999629080
1713723136809531392.000000,0.098874189,0.274816394,8.499596596,0.004307117,-0.025246330,-0.001928348,0.999670148
1713723136842843648.000000,0.097821787,0.275068432,8.513350487,0.004657783,-0.024846498,-0.001866422,0.999678731
1713723136876154368.000000,0.098497890,0.274455845,8.525878906,0.006570629,-0.024556836,-0.001160411,0.999676228
1713723136909465856.000000,0.098452501,0.275254518,8.538938522,0.006000821,-0.024572805,-0.001467146,0.999678969
1713723136942776320.000000,0.099218436,0.275270611,8.554073334,0.003524911,-0.024621330,-0.001969569,0.999688745
1713723136976086528.000000,0.099271148,0.274497032,8.572490692,0.004582858,-0.024418276,-0.001750515,0.999689877
1713723137009396736.000000,0.099662051,0.274144262,8.585124016,0.006730163,-0.024331057,-0.001306054,0.999680519
1713723137042706176.000000,0.099635072,0.274636656,8.599220276,0.003746648,-0.024394361,-0.002371508,0.999692559
1713723137076015616.000000,0.099280059,0.274362206,8.605935097,0.004321600,-0.024124447,-0.002391714,0.999696791
1713723137109325056.000000,0.098948814,0.276192188,8.629695892,0.005397522,-0.023943342,-0.002249325,0.999696255
1713723137142623744.000000,0.098791093,0.276894867,8.642371178,0.005747837,-0.023821954,-0.002940382,0.999695420
1713723137175945216.000000,0.098859780,0.277098030,8.656099319,0.003935058,-0.023925936,-0.003396288,0.999700248
1713723137209267456.000000,0.100722201,0.274173349,8.665989876,0.004973674,-0.023880251,-0.002812937,0.999698579
1713723137242588160.000000,0.095281936,0.277652830,8.688717842,0.005814118,-0.023463842,-0.003534619,0.999701560
1713723137275909120.000000,0.095714837,0.278221250,8.702219009,0.005059581,-0.023146540,-0.003368033,0.999713659
1713723137309230080.000000,0.095831715,0.278907627,8.715702057,0.004993874,-0.023299702,-0.004611342,0.999705493
1713723137342550272.000000,0.096378021,0.279011637,8.728740692,0.004871504,-0.022943929,-0.003779347,0.999717832
1713723137375870208.000000,0.094312415,0.281660914,8.745261192,0.005671614,-0.023082960,-0.004641870,0.999706745
1713723137409189888.000000,0.094581045,0.282438576,8.759119987,0.004059944,-0.022985253,-0.004697889,0.999716520
1713723137442509056.000000,0.094762720,0.283338219,8.772200584,0.005473812,-0.023191618,-0.004935521,0.999703884
1713723137475828480.000000,0.094712302,0.284801155,8.784796715,0.004488472,-0.023070352,-0.005015962,0.999711215
1713723137509146880.000000,0.093659900,0.286265969,8.803314209,0.004941479,-0.023047850,-0.005460191,0.999707341
1713723137542465792.000000,0.093932934,0.286739826,8.816908836,0.004047347,-0.023270825,-0.005377350,0.999706626
1713723137575783168.000000,0.094093174,0.287400544,8.829911232,0.005429506,-0.023132214,-0.004976987,0.999705374
1713723137609100800.000000,0.093967706,0.288137525,8.843256950,0.004772047,-0.023402389,-0.005461738,0.999699891
1713723137642418432.000000,0.091160327,0.291061908,8.865418434,0.004618226,-0.023194276,-0.004874879,0.999708414
1713723137675735552.000000,0.091148511,0.290666223,8.878735542,0.005374171,-0.023353664,-0.005669327,0.999696732
1713723137709052416.000000,0.091295727,0.290946752,8.891744614,0.005782201,-0.023200570,-0.005181702,0.999700665
1713723137742368768.000000,0.091549240,0.290668041,8.905487061,0.003526603,-0.023127859,-0.004775373,0.999714911
1713723137775684864.000000,0.091354601,0.291446090,8.925483704,0.002745084,-0.023116017,-0.004890725,0.999717116
1713723137809000192.000000,0.091458134,0.289850295,8.938034058,0.005615502,-0.023171380,-0.005621172,0.999699950
1713723137842316032.000000,0.091791034,0.289803356,8.951213837,0.004927719,-0.023018636,-0.004846846,0.999711156
1713723137875630848.000000,0.092217192,0.289170384,8.966433525,0.001247233,-0.023151238,-0.005102053,0.999718189
1713723137908945920.000000,0.092571631,0.290718287,8.984172821,0.001810491,-0.022964021,-0.004854159,0.999722958
1713723137942259968.000000,0.092898771,0.289670974,8.996526718,0.004667081,-0.022979528,-0.004234673,0.999716103
1713723137975574528.000000,0.092925064,0.289528549,9.010746002,0.001148257,-0.022885794,-0.004120213,0.999728978
1713723138008888320.000000,0.092805855,0.288912952,9.024622917,0.000546668,-0.022980900,-0.005059295,0.999723017
1713723138042201856.000000,0.097377501,0.283238828,9.008310318,0.002304259,-0.023317169,-0.004833075,0.999713838
1713723138075514624.000000,0.097128913,0.282876313,9.020819664,0.003406054,-0.023356371,-0.004655925,0.999710619
1713723138108827648.000000,0.097002864,0.283350527,9.035157204,-0.000329266,-0.023442104,-0.004558248,0.999714792
1713723138142137344.000000,0.096021503,0.283522546,9.049080849,-0.000262935,-0.023534138,-0.005247352,0.999709249
1713723138175454976.000000,0.095772743,0.282266200,9.061014175,0.003488844,-0.023652792,-0.004909808,0.999702156
1713723138208772096.000000,0.095763311,0.284133017,9.078454018,0.002035247,-0.023666756,-0.004350085,0.999708414
1713723138242088960.000000,0.095335715,0.285287678,9.093067169,-0.001289524,-0.024167340,-0.005357007,0.999692798
1713723138275406080.000000,0.095460840,0.284386724,9.106101036,-0.000031361,-0.024060287,-0.004786849,0.999699116
1713723138308722176.000000,0.095569938,0.284107327,9.116666794,0.004470747,-0.024062905,-0.004531787,0.999690175
1713723138342038272.000000,0.094459534,0.286804885,9.135133743,0.001019098,-0.024133887,-0.004403228,0.999698579
1713723138375354368.000000,0.094549567,0.287758559,9.149074554,-0.000795403,-0.024554759,-0.005449741,0.999683321
1713723138408669184.000000,0.095166966,0.286725014,9.161125183,0.002171510,-0.024122190,-0.003910481,0.999699056
1713723138441984512.000000,0.095123842,0.286904812,9.173729897,0.003039640,-0.024504486,-0.004943752,0.999682903
1713723138475298816.000000,0.088361524,0.292092085,9.181093216,0.000054044,-0.023979587,-0.004355382,0.999702990
1713723138508613120.000000,0.088795252,0.291790962,9.194608688,0.000328432,-0.024128331,-0.004138146,0.999700308
1713723138541927168.000000,0.088692345,0.290508926,9.206954002,0.003366898,-0.024213897,-0.004809811,0.999689579
1713723138575240704.000000,0.088322565,0.290290952,9.219739914,0.002697083,-0.024184208,-0.004054276,0.999695659
1713723138608553728.000000,0.087086827,0.292159855,9.239303589,-0.000441568,-0.024458433,-0.004337214,0.999691367
1713723138641866752.000000,0.087221138,0.290699363,9.252595901,0.000515500,-0.024675209,-0.004306254,0.999686122
1713723138675178752.000000,0.087483518,0.289429575,9.264610291,0.004229325,-0.024726612,-0.003532857,0.999679089
1713723138708490752.000000,0.087886147,0.289934456,9.278245926,0.000417172,-0.024764480,-0.002784940,0.999689400
1713723138741803008.000000,0.087825127,0.290508687,9.292258263,-0.001184364,-0.025224414,-0.003731030,0.999674201
1713723138775113984.000000,0.086911626,0.291696608,9.310079575,0.002163092,-0.024933472,-0.002274754,0.999684215
1713723138808424960.000000,0.087477386,0.292001367,9.322825432,0.002945180,-0.025074007,-0.002311288,0.999678612
1713723138841736192.000000,0.087213822,0.293388486,9.337386131,-0.001200205,-0.025266023,-0.002733789,0.999676347
1713723138875046144.000000,0.087930962,0.292354047,9.351901054,0.000075009,-0.025338195,-0.001934280,0.999677122
1713723138908356096.000000,0.079339080,0.294940829,9.358997345,0.002504593,-0.024471721,-0.001491825,0.999696255
1713723138941665792.000000,0.079834662,0.295019776,9.372613907,0.001027598,-0.024585845,-0.001403120,0.999696255
1713723138974975232.000000,0.080194451,0.295672417,9.386652946,0.000118914,-0.024689412,-0.001396621,0.999694169
1713723139008284160.000000,0.079905950,0.295120984,9.400256157,0.000826232,-0.024594540,-0.001118649,0.999696553
1713723139041592576.000000,0.079748690,0.294695765,9.412623405,0.003844400,-0.024709852,-0.001082492,0.999686658
1713723139074900992.000000,0.079247750,0.297030777,9.432568550,0.000599831,-0.024468889,-0.000398385,0.999700367
1713723139108208384.000000,0.078687221,0.297331929,9.446519852,-0.000212036,-0.024929175,-0.001489988,0.999688148
1713723139141509632.000000,0.078795418,0.295580566,9.459285736,0.003171751,-0.024804376,-0.000740530,0.999687016
1713723139174826752.000000,0.078719765,0.295898885,9.470594406,0.004218669,-0.024846295,-0.000492084,0.999682307
1713723139208144128.000000,0.077906936,0.297888219,9.492058754,0.000394731,-0.024831805,-0.000696389,0.999691308
1713723139241461504.000000,0.077710621,0.298143893,9.505250931,0.000831380,-0.024882268,-0.000876005,0.999689698
1713723139274778112.000000,0.077853397,0.296965003,9.516994476,0.005075719,-0.024773061,-0.000849018,0.999679923
1713723139308094208.000000,0.077981062,0.298127502,9.530128479,0.003960432,-0.024671953,-0.000348182,0.999687731
1713723139341410048.000000,0.070970781,0.299611598,9.536869049,0.000148543,-0.024289608,-0.001190318,0.999704301
1713723139374726144.000000,0.071110867,0.298989534,9.549311638,0.002226931,-0.023954967,0.000190352,0.999710619
1713723139408040960.000000,0.071059287,0.299058586,9.561587334,0.004243431,-0.024192678,0.000026330,0.999698341
1713723139441356032.000000,0.070797041,0.300516814,9.575859070,0.000544946,-0.024285803,-0.000042519,0.999704957
1713723139474670336.000000,0.069997154,0.302133292,9.596648216,0.000486619,-0.024403648,-0.000372479,0.999702036
1713723139507984384.000000,0.070073359,0.301408380,9.609447479,0.002776749,-0.024493037,-0.000399745,0.999696076
1713723139541298688.000000,0.069941849,0.302128255,9.622175217,0.004198104,-0.024506412,-0.000299668,0.999690831
1713723139574611968.000000,0.069817685,0.303418130,9.637263298,-0.000182164,-0.024663504,-0.000284781,0.999695778
1713723139607924992.000000,0.068055660,0.304759055,9.656135559,0.000137582,-0.024779120,-0.000386539,0.999692917
1713723139641237504.000000,0.068367988,0.303832501,9.668533325,0.004081314,-0.024849933,0.000236804,0.999682903
1713723139674549760.000000,0.068545468,0.305166602,9.682305336,0.002230746,-0.024951117,0.000974488,0.999685764
1713723139707862016.000000,0.068523236,0.306273550,9.697280884,-0.000815453,-0.025495891,-0.000089170,0.999674618
1713723139741173248.000000,0.065738827,0.301929116,9.715923309,0.000872258,-0.024701755,0.001506709,0.999693334
1713723139774484992.000000,0.065891631,0.302705437,9.728983879,0.002053340,-0.024969142,0.001553288,0.999684930
1713723139807795712.000000,0.065913215,0.303530127,9.743336678,-0.000720138,-0.025005130,0.000783547,0.999686778
1713723139841106176.000000,0.066230632,0.304547101,9.756422997,0.000538813,-0.024751872,0.001953775,0.999691606
1713723139874416896.000000,0.066001363,0.307780504,9.774795532,0.001594602,-0.025230855,0.002001498,0.999678373
1713723139907726592.000000,0.065452352,0.308872014,9.788634300,0.000335858,-0.025522785,0.001781631,0.999672651
1713723139941036288.000000,0.065158702,0.309456468,9.801116943,0.003087261,-0.025836283,0.002257522,0.999658883
1713723139974344960.000000,0.064928994,0.310942054,9.814287186,0.001928016,-0.025919942,0.003547160,0.999655902
1713723140007653632.000000,0.062401503,0.310077518,9.834202766,0.000347088,-0.026489936,0.001895216,0.999647260
1713723140040962560.000000,0.061910674,0.310232341,9.846754074,0.002392443,-0.026815755,0.002302874,0.999634922
1713723140074270208.000000,0.061754983,0.311013997,9.858723640,0.005570835,-0.026935682,0.004148975,0.999613047
1713723140107578112.000000,0.060646668,0.313404471,9.872994423,0.001833802,-0.027779099,0.003131127,0.999607503
1713723140140879104.000000,0.049957246,0.310527086,9.865546227,0.001135870,-0.026953608,0.001825099,0.999634445
1713723140174197504.000000,0.049886841,0.310244262,9.877580643,0.004477679,-0.027076924,0.003483581,0.999617279
1713723140207514880.000000,0.049268927,0.311577141,9.890202522,0.005265719,-0.027704863,0.003522576,0.999596059
1713723140240832000.000000,0.048067704,0.312988579,9.904974937,0.001523452,-0.028397772,0.002711627,0.999591887
1713723140274149120.000000,0.046018444,0.311638087,9.924548149,0.002428898,-0.028614406,0.002950021,0.999583244
1713723140307465472.000000,0.045956001,0.311543316,9.937009811,0.004814300,-0.028775658,0.004179607,0.999565661
1713723140340781824.000000,0.045007240,0.313031584,9.950196266,0.003811721,-0.029312113,0.003681088,0.999556303
1713723140374098176.000000,0.044740036,0.314979374,9.959448814,0.002086881,-0.029814968,0.003164325,0.999548316
1713723140407413248.000000,0.041658293,0.313232958,9.983448029,0.003216060,-0.030002989,0.003530227,0.999538362
1713723140440728320.000000,0.041088235,0.314008564,9.996198654,0.005361353,-0.030549116,0.005347761,0.999504626
1713723140474043648.000000,0.039047323,0.315958351,10.010473251,0.002579159,-0.032112796,0.004294427,0.999471724
1713723140507357952.000000,0.036622584,0.316642463,10.025156975,0.001712529,-0.033259511,0.003199114,0.999440193
1713723140540671744.000000,0.034705810,0.312280029,10.031169891,0.003647889,-0.034046363,0.004738819,0.999402404
1713723140573985792.000000,0.033058234,0.313495010,10.044285774,0.004762521,-0.035250511,0.005573768,0.999351680
1713723140607299072.000000,0.030208401,0.315344512,10.059284210,0.001241871,-0.036837354,0.003938872,0.999312758
1713723140640612352.000000,0.027557846,0.315658748,10.073090553,0.002112960,-0.038403496,0.003113217,0.999255240
1713723140673924864.000000,0.025534041,0.316546232,10.089560509,0.004681542,-0.038985778,0.005943615,0.999211133
1713723140707237120.000000,0.022400837,0.318461746,10.103743553,0.002384059,-0.040831301,0.004734753,0.999152005
1713723140740549632.000000,0.018889578,0.319784552,10.118673325,0.000414377,-0.042605937,0.002758909,0.999088109
1713723140773860864.000000,0.016828017,0.319404006,10.131670952,0.003398869,-0.043514043,0.004750642,0.999035776
1713723140807172352.000000,0.014153901,0.320617527,10.149546623,0.004474369,-0.044905517,0.005911598,0.998963773
1713723140840483072.000000,0.010477541,0.322653562,10.164256096,0.001048199,-0.046735704,0.003516279,0.998900592
1713723140873793536.000000,0.007217068,0.323311299,10.177792549,0.001576984,-0.048202105,0.002482615,0.998833299
1713723140907104000.000000,0.005070372,0.323810428,10.190807343,0.003939652,-0.049042385,0.004349943,0.998779476
1713723140940413696.000000,0.005170377,0.325909942,10.193070412,0.001977597,-0.051139764,0.002492650,0.998686492
1713723140973723392.000000,0.001952973,0.327169478,10.207289696,0.000881846,-0.052648436,0.001635028,0.998611450
1713723141007032320.000000,-0.000567188,0.326856047,10.219513893,0.003502497,-0.053537734,0.002179808,0.998557389
1713723141040341504.000000,-0.002834338,0.328209847,10.232351303,0.003228710,-0.054851800,0.003418106,0.998483419
1713723141073650176.000000,-0.007916264,0.328709990,10.252592087,-0.000047277,-0.056528784,0.000760446,0.998400748
1713723141106957824.000000,-0.010664973,0.328845561,10.265552521,0.001265305,-0.057335287,0.000726913,0.998353958
1713723141140103936.000000,-0.013015267,0.329573870,10.278017998,0.003250448,-0.058155790,0.001591534,0.998300970
1713723141173632256.000000,-0.015863625,0.330488443,10.292439461,0.000203382,-0.059947725,0.000218975,0.998201489
1713723141207162624.000000,-0.019426977,0.330626249,10.310664177,0.001203121,-0.061290361,0.000715146,0.998118997
1713723141240696064.000000,-0.021582723,0.330917865,10.323628426,0.001715862,-0.062375866,0.001383236,0.998050332
1713723141274231552.000000,-0.024567872,0.332115263,10.337006569,0.001003963,-0.063848615,0.000283296,0.997959077
1713723141307769600.000000,-0.027242513,0.332416594,10.350702286,0.000634260,-0.065258868,0.000211491,0.997868180
1713723141341309696.000000,-0.032340303,0.327160716,10.353327751,0.001664023,-0.065630920,0.000345920,0.997842550
1713723141374852864.000000,-0.035041522,0.327872545,10.366477013,0.001167310,-0.066990331,0.000393967,0.997752905
1713723141408398080.000000,-0.038192172,0.328684777,10.379890442,0.000727426,-0.068559863,-0.000677754,0.997646570
1713723141441946368.000000,-0.040921532,0.328502715,10.393069267,0.001412819,-0.069980562,-0.000358424,0.997547269
1713723141475496192.000000,-0.045634158,0.329146385,10.409082413,0.003580838,-0.071149401,-0.000357657,0.997459233
1713723141509049088.000000,-0.048202720,0.329759717,10.422619820,0.002019608,-0.072444521,0.000200356,0.997370422
1713723141542604544.000000,-0.051590927,0.330841810,10.436024666,0.001850180,-0.074238487,-0.001082566,0.997238219
1713723141576161792.000000,-0.054144233,0.329393774,10.449536324,0.002756482,-0.075753346,-0.001136789,0.997122169
1713723141609721856.000000,-0.059980810,0.329744726,10.464952469,0.006821249,-0.076865226,-0.000919400,0.997017741
1713723141643284224.000000,-0.062559515,0.330550015,10.479250908,0.002064727,-0.078474976,-0.000084567,0.996913910
1713723141676849664.000000,-0.065563098,0.331195831,10.492981911,0.001910377,-0.080304846,-0.000663418,0.996768296
1713723141710417152.000000,-0.068103768,0.329332948,10.505590439,0.004944453,-0.081779793,-0.000719782,0.996637940
1713723141743987200.000000,-0.073519379,0.332995862,10.506074905,0.007045678,-0.082400560,0.000422780,0.996574342
1713723141777559040.000000,-0.076751746,0.333665758,10.520825386,0.002628708,-0.084347948,-0.000509097,0.996432841
1713723141811134208.000000,-0.080018021,0.334331691,10.533808708,0.003875104,-0.086126998,-0.000177315,0.996276677
1713723141844711424.000000,-0.083060056,0.333819807,10.546529770,0.006520377,-0.087675914,-0.000018711,0.996127725
1713723141878290944.000000,-0.088376895,0.334365398,10.563822746,0.005851143,-0.089346282,0.000745166,0.995983183
1713723141911873024.000000,-0.091942161,0.334675699,10.578176498,0.003190259,-0.091360137,0.000038562,0.995812893
1713723141945457408.000000,-0.095330343,0.334277868,10.591288567,0.003801383,-0.092974231,0.000899301,0.995660841
1713723141979044608.000000,-0.097166315,0.334418893,10.598675728,0.005469084,-0.094741344,0.001237874,0.995486140
1713723142012634368.000000,-0.106084019,0.334621191,10.623340607,0.003888822,-0.096157782,0.001600257,0.995357215
1713723142046225920.000000,-0.109942518,0.333960593,10.636970520,0.004206910,-0.098106563,0.000551793,0.995166898
1713723142079820288.000000,-0.113203555,0.333077759,10.650283813,0.003922545,-0.099537395,0.001947537,0.995024204
1713723142113417472.000000,-0.116906971,0.332481116,10.663301468,0.005012858,-0.101628438,0.001357202,0.994808912
1713723142147192832.000000,-0.116298273,0.332324594,10.672762871,0.003815369,-0.103856407,0.002104026,0.994582772
1713723142180548096.000000,-0.120053105,0.331478328,10.685717583,0.004834963,-0.105962820,0.001277209,0.994357526
1713723142213903872.000000,-0.123133831,0.330385804,10.699136734,0.004037753,-0.107275672,0.002651443,0.994217634
1713723142247259648.000000,-0.127060443,0.329521030,10.711905479,0.005710620,-0.109301411,0.002548667,0.993989050
1713723142280615424.000000,-0.132551238,0.329458416,10.730183601,0.004488793,-0.110847943,0.002692584,0.993823647
1713723142313970688.000000,-0.136740774,0.329516858,10.742383957,0.006338853,-0.112907797,0.002437826,0.993582308
1713723142347326464.000000,-0.140267625,0.329002798,10.755516052,0.004933100,-0.114572860,0.003454245,0.993396580
1713723142380681984.000000,-0.145286262,0.330502272,10.767693520,0.005928681,-0.115913667,0.003214499,0.993236423
1713723142414038016.000000,-0.145939052,0.336418509,10.771568298,0.007045212,-0.116745479,0.002613141,0.993133485
1713723142447393536.000000,-0.148885995,0.336990446,10.783117294,0.009300604,-0.116829291,0.003918229,0.993100762
1713723142480748800.000000,-0.152266055,0.337739825,10.795876503,0.007276129,-0.117365949,0.003078039,0.993057311
1713723142514104576.000000,-0.155775994,0.337684065,10.809079170,0.007421272,-0.117758304,0.003265904,0.993009269
1713723142547460352.000000,-0.158486947,0.337259442,10.820867538,0.010171248,-0.117886171,0.003430880,0.992969155
1713723142580815616.000000,-0.162120834,0.339552730,10.837591171,0.009482157,-0.117805600,0.004532191,0.992981076
1713723142614171136.000000,-0.165615857,0.340438545,10.851228714,0.007927104,-0.118147977,0.002929254,0.992960095
1713723142647526400.000000,-0.168638274,0.340447813,10.864223480,0.008099938,-0.118081078,0.004015192,0.992962837
1713723142680881920.000000,-0.169003278,0.339853585,10.869332314,0.010354798,-0.118654460,0.003474711,0.992875576
1713723142714237440.000000,-0.174724907,0.340518683,10.889114380,0.007962387,-0.119420409,0.004212874,0.992802918
1713723142747593216.000000,-0.182597458,0.343389124,10.907917023,0.009170825,-0.120888390,0.002682962,0.992620111
1713723142780948736.000000,-0.186982840,0.342992902,10.920992851,0.008658802,-0.121812835,0.003405739,0.992509544
1713723142814304000.000000,-0.191718072,0.343872309,10.933601379,0.009586684,-0.123253010,0.003417236,0.992323101
1713723142847659264.000000,-0.195627987,0.344207495,10.947108269,0.007928423,-0.125030994,0.002895749,0.992116928
1713723142881014528.000000,-0.199827448,0.344178170,10.959897995,0.008751304,-0.126366898,0.003825545,0.991937578
1713723142914370048.000000,-0.204331845,0.343749076,10.973258972,0.008260068,-0.127880856,0.003703839,0.991748273
1713723142947725824.000000,-0.209325492,0.343563288,10.986739159,0.007321376,-0.129462838,0.003685812,0.991550446
1713723142981081088.000000,-0.218588352,0.347010434,11.006998062,0.008713856,-0.130908504,0.003072082,0.991351426
1713723143014436608.000000,-0.223662645,0.346054256,11.020124435,0.008360924,-0.132161468,0.004380870,0.991183281
1713723143047791360.000000,-0.229240656,0.345611095,11.033737183,0.007898162,-0.134065211,0.003071386,0.990936279
1713723143081146880.000000,-0.233532399,0.343898654,11.049172401,0.006847093,-0.135887310,0.003809554,0.990693331
1713723143114502144.000000,-0.238642275,0.341810435,11.062459946,0.008419218,-0.138124362,0.003008140,0.990374565
1713723143147858432.000000,-0.243133500,0.340321273,11.076197624,0.007717052,-0.139599115,0.004596384,0.990167439
1713723143181212672.000000,-0.248572364,0.339656681,11.090199471,0.006205277,-0.141833499,0.003206565,0.989865899
1713723143214566912.000000,-0.252623647,0.341741174,11.092966080,0.005911116,-0.143062919,0.003682001,0.989689171
1713723143247921408.000000,-0.257777214,0.339835614,11.105257034,0.009119092,-0.145239502,0.002682781,0.989350855
1713723143281275648.000000,-0.261940181,0.341421634,11.115201950,0.008707725,-0.146942377,0.003826025,0.989099324
1713723143314630144.000000,-0.268658012,0.337865442,11.133575439,0.004369147,-0.148991048,0.002725495,0.988825202
1713723143347984384.000000,-0.276986718,0.341410726,11.149238586,0.004905868,-0.150560811,0.003019193,0.988583982
1713723143381338880.000000,-0.281549871,0.339312047,11.162138939,0.007079934,-0.152232468,0.003068080,0.988314629
1713723143414692608.000000,-0.286400706,0.338674694,11.175317764,0.005745370,-0.153907016,0.002999801,0.988064110
1713723143448046848.000000,-0.292064667,0.337960839,11.190313339,0.002626014,-0.155790895,0.001736583,0.987785041
1713723143481401088.000000,-0.301846862,0.341202140,11.206162453,0.003086280,-0.156863913,0.001978307,0.987613440
1713723143514755840.000000,-0.306780487,0.339766175,11.218493462,0.005716292,-0.158826783,0.001719608,0.987288475
1713723143548109568.000000,-0.311975777,0.339989454,11.232230186,0.002976483,-0.160704911,0.002316486,0.986995339
1713723143581463296.000000,-0.319107115,0.340038329,11.247150421,0.000078562,-0.162695393,0.000324636,0.986676335
1713723143614817536.000000,-0.324121177,0.343910903,11.249068260,0.001149958,-0.163765520,0.001300350,0.986497819
1713723143648171776.000000,-0.329406917,0.343310028,11.260904312,0.004513350,-0.165920749,0.001932645,0.986126900
1713723143681526016.000000,-0.335129738,0.344440252,11.274675369,0.000011358,-0.168125391,0.002158900,0.985763311
1713723143714879744.000000,-0.341680944,0.344874889,11.289131165,-0.001132797,-0.170049503,0.000835129,0.985434532
1713723143748233472.000000,-0.349363267,0.345279634,11.303619385,0.000024700,-0.171330586,0.003353200,0.985207915
1713723143781587712.000000,-0.354758799,0.346541494,11.315822601,0.001106547,-0.173479959,0.003430460,0.984830856
1713723143814941696.000000,-0.360818148,0.347819895,11.329301834,-0.001844883,-0.175586164,0.002484083,0.984459281
1713723143848295168.000000,-0.366327286,0.349703908,11.341290474,-0.000462575,-0.177254647,0.003561679,0.984158516
1713723143881649152.000000,-0.376126349,0.347589135,11.356799126,-0.001022226,-0.179111451,0.004037484,0.983820021
1713723143915003136.000000,-0.382216573,0.349675238,11.369072914,-0.002108647,-0.181360349,0.004363352,0.983404815
1713723143948356608.000000,-0.388441920,0.351074010,11.381204605,-0.001464187,-0.183713943,0.003498667,0.982972443
1713723143981710336.000000,-0.394423246,0.353067011,11.393805504,-0.002645605,-0.185516343,0.005006172,0.982624888
1713723144015064576.000000,-0.403644443,0.355305254,11.392314911,-0.002221759,-0.186538160,0.003674388,0.982438385
1713723144048418048.000000,-0.409859538,0.356480956,11.404425621,-0.003104538,-0.188482314,0.004125968,0.982063055
1713723144081771520.000000,-0.416196525,0.358167708,11.415349960,-0.000676948,-0.190675661,0.004635509,0.981641948
1713723144115125504.000000,-0.420246363,0.358937681,11.440368652,-0.004154647,-0.194496721,0.004649770,0.980883420
1713723144148478464.000000,-0.433357537,0.359177083,11.444140434,-0.003310322,-0.195425898,0.004437915,0.980702937
1713723144181832960.000000,-0.439608335,0.359416842,11.455889702,-0.002585046,-0.197364807,0.005136127,0.980313301
1713723144215187456.000000,-0.446551025,0.360528052,11.467337608,-0.002859786,-0.199654877,0.005265506,0.979848027
1713723144248541952.000000,-0.453171492,0.361808866,11.479498863,-0.004558160,-0.202050582,0.005304318,0.979350150
1713723144281896704.000000,-0.461603642,0.357608765,11.489196777,-0.004657340,-0.204065204,0.004189950,0.978937328
1713723144315250688.000000,-0.467103481,0.357919157,11.500095367,-0.002033924,-0.205641896,0.007286320,0.978598118
1713723144348604928.000000,-0.474449724,0.359344333,11.512065887,-0.004442953,-0.208280921,0.006212572,0.978039265
1713723144381959168.000000,-0.481493622,0.362855375,11.527135849,-0.005114373,-0.211007059,0.004888502,0.977458954
1713723144415313408.000000,-0.491804004,0.359931052,11.538276672,-0.003038311,-0.212117553,0.007927536,0.977207303
1713723144448667648.000000,-0.498602331,0.360727936,11.549979210,-0.003342736,-0.214540705,0.008186092,0.976675093
1713723144482022400.000000,-0.506881952,0.362048328,11.562712669,-0.006186139,-0.217129678,0.006212863,0.976103425
1713723144515376640.000000,-0.511311352,0.361927599,11.572632790,-0.005605834,-0.219216034,0.005657503,0.975643873
1713723144548730112.000000,-0.524918318,0.362445414,11.588681221,-0.003644855,-0.220255330,0.008273180,0.975400388
1713723144582084352.000000,-0.532839477,0.363746345,11.600923538,-0.005728059,-0.222615346,0.006482278,0.974868000
1713723144615438336.000000,-0.540935397,0.364543051,11.613344193,-0.006939189,-0.224835142,0.004710634,0.974360764
1713723144648793088.000000,-0.547616243,0.364718109,11.624204636,-0.004796155,-0.226086333,0.007090568,0.974069715
1713723144682147072.000000,-0.556325734,0.368638158,11.621364594,-0.004606011,-0.226139605,0.006699876,0.974061012
1713723144715500800.000000,-0.564901292,0.369456619,11.633241653,-0.005772413,-0.228461429,0.004188569,0.973526895
1713723144748854528.000000,-0.572492421,0.369391054,11.644890785,-0.005018746,-0.230283514,0.004513206,0.973100185
1713723144782209024.000000,-0.581168652,0.369366258,11.657030106,-0.004041572,-0.232019231,0.005091764,0.972689450
1713723144815563008.000000,-0.589279175,0.370080322,11.668615341,-0.005363783,-0.234334260,0.003841247,0.972133696
1713723144848916480.000000,-0.597284615,0.370438725,11.679831505,-0.005010125,-0.236440703,0.003781210,0.971625686
1713723144882270464.000000,-0.604725301,0.371080488,11.691185951,-0.004615301,-0.238473713,0.004604941,0.971127093
1713723144915624704.000000,-0.617076278,0.371310383,11.705591202,-0.004490271,-0.240800992,0.003537357,0.970557690
1713723144948978176.000000,-0.624843597,0.371775061,11.717026711,-0.004467590,-0.242744982,0.004291589,0.970070362
1713723144982331904.000000,-0.633080900,0.371971011,11.727862358,-0.003075664,-0.245207950,0.003285541,0.969460130
1713723145015686144.000000,-0.640564501,0.372145772,11.739675522,-0.004363650,-0.247283578,0.004114546,0.968924642
1713723145049039872.000000,-0.654115915,0.372950047,11.753179550,-0.002463976,-0.249942243,0.003210177,0.968252301
1713723145082393344.000000,-0.662549019,0.373334765,11.764654160,-0.004053170,-0.252387106,0.004367737,0.967608035
1713723145115747328.000000,-0.671729267,0.374224424,11.774887085,-0.002709294,-0.255679905,0.003595735,0.966751039
1713723145149100288.000000,-0.680764735,0.375234008,11.786445618,-0.004242619,-0.258544475,0.003633160,0.965983212
1713723145182454784.000000,-0.688038349,0.375121713,11.784887314,-0.002278642,-0.260438919,0.002448067,0.965484560
1713723145215809536.000000,-0.697280765,0.374779105,11.795859337,-0.003245958,-0.263246924,0.003590701,0.964716434
1713723145249164032.000000,-0.707127035,0.375247866,11.806204796,-0.002877990,-0.266704708,0.002881621,0.963769734
1713723145282518528.000000,-0.716832936,0.374853671,11.817668915,-0.004436193,-0.269782007,0.002594683,0.962907732
1713723145315873024.000000,-0.727215171,0.375760496,11.827059746,-0.001743888,-0.272863209,0.002499298,0.962048054
1713723145349227776.000000,-0.736715436,0.375656217,11.837789536,-0.003264426,-0.276068240,0.004508212,0.961121976
1713723145382582272.000000,-0.748094916,0.376158059,11.848209381,-0.004183121,-0.280584633,0.002041470,0.959818065
1713723145415936768.000000,-0.757795691,0.375676721,11.858678818,-0.004623218,-0.283784658,0.002736902,0.958872974
1713723145449290752.000000,-0.772392035,0.376263410,11.869238853,-0.000121536,-0.287471861,0.003745302,0.957781792
1713723145482645248.000000,-0.782954276,0.376789302,11.879570007,-0.002951627,-0.291308969,0.004836625,0.956612289
1713723145515999744.000000,-0.794694901,0.377394170,11.889877319,-0.004036154,-0.295570284,0.002656952,0.955308795
1713723145549353984.000000,-0.811929226,0.376442611,11.903596878,-0.003587088,-0.298457116,0.005245258,0.954401970
1713723145582708480.000000,-0.822509408,0.376045138,11.912497520,-0.002307749,-0.302521348,0.005322030,0.953124940
1713723145616062720.000000,-0.833651304,0.376246005,11.922381401,-0.004505650,-0.306341678,0.006020510,0.951891899
1713723145649416960.000000,-0.833481610,0.378603220,11.918712616,-0.002196553,-0.309994072,0.003865304,0.950728178
1713723145682770944.000000,-0.844064116,0.378613263,11.928280830,-0.002995654,-0.313337654,0.006488398,0.949615002
1713723145716125184.000000,-0.855657101,0.378877610,11.937254906,-0.003201673,-0.317744046,0.004552965,0.948160291
1713723145749479424.000000,-0.866288543,0.378785729,11.946859360,-0.003400899,-0.321379840,0.006375357,0.946922898
1713723145782833920.000000,-0.881799400,0.379608393,11.955393791,-0.002494996,-0.325427324,0.005682403,0.945546687
1713723145816188160.000000,-0.893210351,0.380367577,11.965007782,-0.004510533,-0.329438031,0.006500829,0.944144070
1713723145849541632.000000,-0.904836535,0.380479336,11.973592758,-0.003765812,-0.334030926,0.005236912,0.942540050
1713723145882895616.000000,-0.916116476,0.380747914,11.981167793,-0.003709356,-0.337152779,0.007256325,0.941414714
1713723145916250112.000000,-0.927848518,0.381018758,11.990317345,-0.004242850,-0.341360867,0.006279179,0.939901769
1713723145949604352.000000,-0.939792693,0.381522566,11.999643326,-0.005226915,-0.345133007,0.006456898,0.938517034
1713723145982958080.000000,-0.951353490,0.380825549,12.006795883,-0.003505028,-0.348819107,0.005616481,0.937166691
1713723146016312064.000000,-0.961739302,0.380894244,12.015276909,-0.002883909,-0.352167130,0.008929925,0.935890079
1713723146049666048.000000,-0.972695649,0.380883336,12.024892807,-0.005733788,-0.356919736,0.006859884,0.934092343
1713723146083020032.000000,-0.986478627,0.381786346,12.032162666,-0.005429279,-0.359473318,0.006527660,0.933116794
1713723146116373760.000000,-0.996959865,0.381412119,12.039955139,-0.003568276,-0.363129139,0.007592519,0.931701064
1713723146149727232.000000,-1.007931709,0.381897956,12.048329353,-0.004509191,-0.366501510,0.008624310,0.930366576
1713723146183081984.000000,-1.022619963,0.382582754,12.056989670,-0.005624375,-0.370215297,0.006686433,0.928904891
1713723146216436736.000000,-1.032962918,0.382895231,12.065135956,-0.005342093,-0.373197675,0.009201625,0.927690923
1713723146249791232.000000,-1.043875933,0.383007169,12.073237419,-0.005819400,-0.376842648,0.008580283,0.926219285
1713723146283145728.000000,-1.058488607,0.384011894,12.080485344,-0.005372723,-0.379523963,0.009398843,0.925118566
1713723146316500480.000000,-1.069551349,0.383660376,12.088661194,-0.005768275,-0.383062869,0.009295562,0.923657596
1713723146349854720.000000,-1.080458283,0.383886963,12.096028328,-0.004754184,-0.386486560,0.009969558,0.922228932
1713723146383209216.000000,-1.100142121,0.371670514,12.105987549,-0.007252050,-0.389207065,0.007684617,0.921089709
1713723146416563968.000000,-1.110743165,0.371161401,12.112295151,-0.004062082,-0.392594814,0.008383458,0.919664383
1713723146449918464.000000,-1.113399148,0.384046495,12.117950439,-0.005477078,-0.396337867,0.011866309,0.918011725
1713723146483272960.000000,-1.137435198,0.372454315,12.126818657,-0.006422787,-0.400008559,0.007139066,0.916461110
1713723146516627456.000000,-1.148403168,0.372186512,12.133909225,-0.006790894,-0.403296322,0.009016343,0.914999902
1713723146549981952.000000,-1.159035683,0.371620566,12.139113426,-0.003035675,-0.407139003,0.009815841,0.913308442
1713723146583336448.000000,-1.174846649,0.372777730,12.146541595,-0.005585302,-0.410232663,0.009925897,0.911909819
1713723146616690944.000000,-1.187213063,0.373107165,12.152915955,-0.005558973,-0.414258152,0.008133562,0.910106182
1713723146650045440.000000,-1.194868803,0.371914834,12.158723831,-0.006041461,-0.417724520,0.009984644,0.908498824
1713723146683399424.000000,-1.214959979,0.372151107,12.165781975,-0.003377153,-0.421197325,0.009958425,0.906908095
1713723146716753664.000000,-1.226441383,0.371935010,12.172030449,-0.004314587,-0.424715042,0.010681417,0.905253828
1713723146750108160.000000,-1.238767147,0.371902525,12.178385735,-0.005432048,-0.428608030,0.009309418,0.903426290
1713723146783462400.000000,-1.257740736,0.373467803,12.185447693,-0.005576675,-0.431538910,0.010443870,0.902016699
1713723146816816896.000000,-1.268946171,0.371724844,12.191103935,-0.002701743,-0.435332298,0.010508384,0.900204480
1713723146850171136.000000,-1.280331850,0.371283650,12.197443008,-0.003426866,-0.438556850,0.011379527,0.898624897
1713723146883525120.000000,-1.307321548,0.367392123,12.207406998,-0.004034696,-0.441767335,0.009151514,0.897073925
1713723146916879360.000000,-1.318967819,0.366615027,12.213565826,-0.004553883,-0.445163578,0.010610868,0.895374835
1713723146950233344.000000,-1.315858603,0.368616760,12.215044975,-0.002319451,-0.449536353,0.011530128,0.893184662
1713723146983588096.000000,-1.342759609,0.364898294,12.224271774,-0.003372724,-0.452486217,0.011970546,0.891684711
1713723147016941824.000000,-1.351972580,0.370942146,12.223296165,-0.002126842,-0.456476480,0.011683665,0.889656246
1713723147050295808.000000,-1.364430904,0.370470881,12.229029655,-0.003585749,-0.460342139,0.013024985,0.887638807
1713723147083649792.000000,-1.376610994,0.368752301,12.233528137,-0.001108440,-0.464963883,0.013133014,0.885231555
1713723147117004032.000000,-1.395202637,0.369321853,12.238295555,-0.001354498,-0.468547881,0.015798599,0.883295774
1713723147150358272.000000,-1.408946514,0.369158000,12.242949486,-0.002775057,-0.473411500,0.014188537,0.880722821
1713723147183712768.000000,-1.422106504,0.368760198,12.247283936,-0.003156332,-0.477507085,0.015124399,0.878492117
1713723147217052928.000000,-1.438543320,0.368161947,12.250411987,-0.000748918,-0.481633544,0.016617600,0.876214802
1713723147250447872.000000,-1.451421738,0.368424624,12.254196167,-0.002471416,-0.485803425,0.017209992,0.873895168
1713723147283843072.000000,-1.460442781,0.368494749,12.256710052,-0.002513882,-0.490707874,0.015623704,0.871180475
1713723147317238016.000000,-1.479298115,0.362494856,12.258648872,-0.002610293,-0.493995160,0.016695540,0.869300544
1713723147350633984.000000,-1.492281914,0.362173498,12.261500359,-0.002117631,-0.498757750,0.015975267,0.866591632
1713723147384029440.000000,-1.504914761,0.362338960,12.264996529,-0.002338387,-0.502493262,0.017749501,0.864395797
1713723147417425152.000000,-1.523041248,0.363021225,12.267772675,-0.001569000,-0.506365299,0.017055262,0.862149000
1713723147450821376.000000,-1.535352945,0.363348991,12.271251678,-0.001983170,-0.509501576,0.018780014,0.860262513
1713723147484217856.000000,-1.548351049,0.363241822,12.274832726,-0.002899763,-0.513334513,0.017305041,0.858009279
1713723147517614336.000000,-1.565056086,0.364041954,12.277957916,-0.002584715,-0.516280711,0.018530345,0.856215060
1713723147551011328.000000,-1.577577829,0.363693297,12.281686783,-0.002613980,-0.519426107,0.018809697,0.854304373
1713723147584408576.000000,-1.590326309,0.363838643,12.285213470,-0.002930659,-0.522377372,0.018389458,0.852511048
1713723147617806080.000000,-1.606370926,0.365535945,12.287961960,-0.003393179,-0.525351048,0.018267354,0.850682735
1713723147651203072.000000,-1.617756367,0.364830732,12.290817261,-0.001661954,-0.528053284,0.019115705,0.848994434
1713723147684601344.000000,-1.629920959,0.365107596,12.294606209,-0.002675650,-0.530556858,0.020878997,0.847388029
1713723147717999104.000000,-1.652432442,0.366646588,12.301521301,-0.001729304,-0.533640444,0.017752964,0.845523298
1713723147751397120.000000,-1.664782524,0.366760105,12.305130959,-0.002352547,-0.536054969,0.019005928,0.843965769
1713723147784795904.000000,-1.676161289,0.365604937,12.307470322,0.000868656,-0.539196670,0.019099925,0.841962874
1713723147818194944.000000,-1.693386555,0.366387665,12.310570717,0.000060735,-0.541372776,0.020476954,0.840533376
1713723147851593472.000000,-1.706651211,0.367251605,12.313409805,-0.001285901,-0.544799924,0.018144974,0.838368773
1713723147884992512.000000,-1.719063282,0.367376745,12.316301346,-0.001479779,-0.547308028,0.018756289,0.836719751
1713723147918392064.000000,-1.742258072,0.364477903,12.320214272,0.001251922,-0.549773693,0.019241096,0.835091054
1713723147951792128.000000,-1.753445148,0.365179896,12.322531700,0.001365379,-0.552349687,0.020452058,0.833360553
1713723147985191936.000000,-1.766871929,0.366465449,12.324737549,-0.001284517,-0.555664003,0.017758559,0.831216335
1713723148018592000.000000,-1.787586212,0.364728510,12.333305359,-0.001406674,-0.558750570,0.017931903,0.829140723
1713723148051992064.000000,-1.798727989,0.364609212,12.335648537,0.001265232,-0.561627626,0.019489847,0.827159584
1713723148085392640.000000,-1.810485840,0.365020543,12.337915421,0.001824219,-0.564596057,0.020052789,0.825121820
1713723148118793472.000000,-1.829507351,0.365936548,12.339810371,-0.001249362,-0.567450941,0.018073937,0.823207974
1713723148152194816.000000,-1.841486931,0.366734564,12.341327667,-0.000116029,-0.570636988,0.019170986,0.820978701
1713723148185595904.000000,-1.853199005,0.366827071,12.343377113,-0.000704101,-0.573707044,0.020042555,0.818815053
1713723148219016192.000000,-1.871825695,0.367402911,12.344347954,-0.000324679,-0.576253772,0.020907503,0.817003310
1713723148252367616.000000,-1.884949207,0.368073940,12.346126556,-0.001893703,-0.579553664,0.019363675,0.814701796
1713723148285718784.000000,-1.896560669,0.368566602,12.347467422,-0.000920782,-0.582083881,0.020143688,0.812878728
1713723148319069952.000000,-1.925290108,0.363519371,12.355388641,-0.001370988,-0.584623158,0.020858964,0.811035633
1713723148352420864.000000,-1.937149525,0.364863098,12.356239319,-0.001339711,-0.587504447,0.020733720,0.808954179
1713723148385772032.000000,-1.948836327,0.365515590,12.357135773,-0.000910731,-0.590479434,0.019501757,0.806816518
1713723148419122688.000000,-1.967570782,0.364849150,12.359252930,-0.000691169,-0.592303813,0.022638777,0.805396378
1713723148452473600.000000,-1.979247093,0.365722030,12.360307693,-0.001583235,-0.595457077,0.021576080,0.803095877
1713723148485824768.000000,-1.990802765,0.366548061,12.360847473,-0.001588543,-0.598284841,0.021116961,0.801003695
1713723148519175424.000000,-2.013697147,0.363386154,12.362878799,0.000138290,-0.600649357,0.023202358,0.799175918
1713723148552526592.000000,-2.024255276,0.363908052,12.363762856,0.000218748,-0.603487492,0.025856283,0.796953142
1713723148585877248.000000,-2.036988258,0.365335375,12.363720894,-0.001511478,-0.607015014,0.022666147,0.794365704
1713723148619227648.000000,-2.058891773,0.363136232,12.365491867,0.000834350,-0.609261036,0.024385978,0.792594254
1713723148652578048.000000,-2.068514824,0.362997293,12.366639137,0.001528681,-0.611900866,0.029540289,0.790381253
1713723148685928704.000000,-2.081217289,0.364658594,12.366516113,-0.001056341,-0.615725100,0.026446093,0.787516475
1713723148719279360.000000,-2.101253033,0.364801288,12.365176201,0.000436100,-0.618829548,0.024201425,0.785152256
1713723148752629760.000000,-2.111881256,0.364268899,12.365959167,0.000728930,-0.621206880,0.029135333,0.783104479
1713723148785979904.000000,-2.124133587,0.364813685,12.366254807,-0.000915636,-0.624521673,0.029885029,0.780435026
1713723148819330560.000000,-2.148541927,0.366609216,12.364659309,-0.001035222,-0.627103448,0.025946250,0.778503120
1713723148852680448.000000,-2.160488129,0.365807235,12.364536285,0.000000185,-0.629457235,0.026985863,0.776566446
1713723148886030592.000000,-2.172626972,0.365693986,12.365714073,0.000344388,-0.631314218,0.030347301,0.774933100
1713723148919381248.000000,-2.190292835,0.367477715,12.364183426,-0.001782345,-0.633772850,0.026321657,0.773069203
1713723148952730880.000000,-2.203520775,0.367117524,12.364290237,-0.000640646,-0.636068583,0.025002887,0.771227121
1713723148986080768.000000,-2.215067387,0.366214454,12.365657806,-0.000096247,-0.637268424,0.029216785,0.770087898
1713723149019431168.000000,-2.236803055,0.367925167,12.365303993,-0.002454364,-0.639321983,0.026135691,0.768490970
1713723149052780800.000000,-2.250518799,0.368198454,12.364815712,-0.002460602,-0.641411364,0.023936065,0.766819835
1713723149086130944.000000,-2.262626648,0.367241710,12.365666389,-0.002036987,-0.642882049,0.025721664,0.765530527
1713723149119480320.000000,-2.271087170,0.369262218,12.361923218,-0.001584992,-0.643949211,0.025798423,0.764631569
1713723149152830464.000000,-2.285126209,0.369939446,12.362038612,-0.003642710,-0.645908356,0.022882780,0.763063252
1713723149186179840.000000,-2.298100948,0.369479120,12.361860275,-0.002986030,-0.647832215,0.021917300,0.761461914
1713723149219524864.000000,-2.320012093,0.369316250,12.363565445,-0.002868061,-0.648752809,0.025239836,0.760575175
1713723149252888320.000000,-2.333713531,0.370339662,12.363082886,-0.003608968,-0.650787115,0.022267379,0.758925140
1713723149286251008.000000,-2.348074436,0.370967984,12.362689972,-0.004140419,-0.652605951,0.018801544,0.757452905
1713723149319614464.000000,-2.367843628,0.369428128,12.363890648,-0.002953572,-0.653403819,0.021962712,0.756685197
1713723149352977408.000000,-2.380131245,0.369367063,12.364491463,-0.003259845,-0.654855251,0.022941113,0.755399108
1713723149386341376.000000,-2.394212723,0.369619995,12.363988876,-0.004297259,-0.656707466,0.018810010,0.753898561
1713723149419704576.000000,-2.413746834,0.369755834,12.363789558,-0.002560898,-0.657775223,0.018901823,0.752972722
1713723149453068288.000000,-2.426152229,0.369838774,12.363986015,-0.002729134,-0.659097493,0.021021364,0.751758814
1713723149486431744.000000,-2.439764023,0.370434523,12.363149643,-0.003057870,-0.661078095,0.017434379,0.750108302
1713723149519795968.000000,-2.459092140,0.370923102,12.362198830,-0.002633701,-0.662025571,0.017954545,0.749261618
1713723149553159680.000000,-2.471018791,0.370220155,12.361472130,-0.000437761,-0.663696468,0.018723257,0.747767627
1713723149586523648.000000,-2.484713554,0.370374501,12.361388206,-0.002239586,-0.665049672,0.017927663,0.746580601
1713723149619887872.000000,-2.503380775,0.370513022,12.359418869,-0.000314939,-0.666950226,0.016403783,0.744921625
1713723149653251840.000000,-2.515480995,0.370045543,12.359605789,-0.001044917,-0.668046117,0.019305926,0.743868709
1713723149686616320.000000,-2.528872490,0.369950652,12.358618736,-0.000332186,-0.670043290,0.017090969,0.742125213
1713723149719981056.000000,-2.553473473,0.369178951,12.357783318,-0.001341943,-0.671432912,0.016577564,0.740878820
1713723149753345792.000000,-2.565596581,0.367853999,12.357006073,0.001468611,-0.673173070,0.017031318,0.739287496
1713723149786710016.000000,-2.577714920,0.367618859,12.356625557,0.001812890,-0.674428761,0.018928697,0.738095105
1713723149820074752.000000,-2.595829964,0.366551429,12.354478836,-0.001165625,-0.676179230,0.015489758,0.736573398
1713723149853439744.000000,-2.609158516,0.366786063,12.353411674,-0.000950440,-0.678042591,0.015176335,0.734865367
1713723149886804480.000000,-2.620768547,0.365744263,12.352957726,0.001729325,-0.679418623,0.017808927,0.733532786
1713723149920169472.000000,-2.639038086,0.365418404,12.351818085,0.001344953,-0.680862367,0.018163355,0.732184947
1713723149953534720.000000,-2.653579712,0.366592318,12.351121902,-0.000887771,-0.683025002,0.015164245,0.730237126
1713723149986899968.000000,-2.665502548,0.367818087,12.350259781,-0.000856280,-0.684330463,0.016456071,0.728985846
1713723150020265472.000000,-2.683985710,0.364977300,12.350381851,0.001686720,-0.685832024,0.019410351,0.727499068
1713723150053630976.000000,-2.697033882,0.366528720,12.349787712,-0.000315686,-0.687467575,0.018247224,0.725985765
1713723150086996480.000000,-2.711466789,0.367812365,12.349184990,-0.000409898,-0.689400673,0.017064041,0.724179149
1713723150120362240.000000,-2.718475342,0.366085798,12.346874237,-0.000227453,-0.690590501,0.018647106,0.723005652
1713723150153728256.000000,-2.730493546,0.366690457,12.346227646,0.001344411,-0.692128420,0.021084962,0.721465111
1713723150187094272.000000,-2.744534492,0.367978394,12.344937325,-0.001008405,-0.694153786,0.018959764,0.719576299
1713723150220463872.000000,-2.762890816,0.368116021,12.342820168,-0.001174049,-0.695871413,0.018198099,0.717934906
1713723150253817856.000000,-2.775148392,0.367728114,12.342554092,-0.000201978,-0.697429478,0.021198940,0.716339827
1713723150287171072.000000,-2.788508415,0.368323505,12.342041016,-0.000528080,-0.699148595,0.021391394,0.714656234
1713723150320525056.000000,-2.811648369,0.369365782,12.337415695,-0.002197016,-0.700964451,0.018904138,0.712942362
1713723150353878272.000000,-2.824393272,0.369101822,12.336309433,-0.000597032,-0.702835023,0.019885564,0.711074710
1713723150387231232.000000,-2.837048531,0.369483680,12.336381912,-0.001354744,-0.704128325,0.023670103,0.709676862
1713723150420585216.000000,-2.847178459,0.370831788,12.330105782,-0.003144897,-0.705888391,0.019172242,0.708056688
1713723150453938176.000000,-2.860786438,0.371396154,12.328189850,-0.002249020,-0.707959712,0.018280096,0.706012607
1713723150487292160.000000,-2.872560501,0.370729774,12.328222275,-0.002013216,-0.709021866,0.023551038,0.704790354
1713723150520644864.000000,-2.889685631,0.370469093,12.325621605,0.002547176,0.710576653,-0.021657377,-0.703281820
1713723150553998592.000000,-2.903855324,0.371604294,12.323917389,0.003093964,0.712017298,-0.018773144,-0.701904118
1713723150587351552.000000,-2.916008949,0.371138215,12.323405266,0.002260527,0.712554693,-0.021395525,-0.701286674
1713723150620704768.000000,-2.933203697,0.370485991,12.323332787,0.002735452,0.712896585,-0.023458809,-0.700871408
1713723150654057984.000000,-2.947015762,0.371843070,12.322542191,0.003527314,0.713759184,-0.020187812,-0.700091422
1713723150687410944.000000,-2.960056305,0.371988684,12.322122574,0.002730620,0.714257658,-0.019571666,-0.699603915
1713723150720764160.000000,-2.977810860,0.370613903,12.321912766,0.002292226,0.713979781,-0.023573412,-0.699765682
1713723150754117376.000000,-2.990896225,0.371736467,12.321890831,0.002741303,0.714485586,-0.022287637,-0.699289799
1713723150787470080.000000,-3.005309105,0.372752100,12.321027756,0.003337540,0.715053916,-0.018603383,-0.698813796
1713723150820823552.000000,-3.022815704,0.368736863,12.319275856,0.002640750,0.714798331,-0.020329274,-0.699030221
1713723150854176256.000000,-3.035087585,0.368449181,12.319551468,0.001700491,0.714924932,-0.022241559,-0.698845327
1713723150887529472.000000,-3.049051285,0.368966341,12.318964958,0.003082405,0.715360522,-0.019010674,-0.698490143
1713723150920881920.000000,-3.067961693,0.369230300,12.316980362,0.002504312,0.715526938,-0.018294912,-0.698341131
1713723150954235136.000000,-3.080484390,0.368283957,12.316827774,0.001648948,0.715669394,-0.020083232,-0.698148549
1713723150987587584.000000,-3.093804359,0.368684322,12.316381454,0.001867404,0.716017008,-0.018903878,-0.697824419
1713723151020940544.000000,-3.109014511,0.369932204,12.313178062,0.002179862,0.716276824,-0.016199775,-0.697624803
1713723151054293504.000000,-3.121749878,0.369004399,12.312606812,0.001599919,0.716743827,-0.017969828,-0.697103202
1713723151087645952.000000,-3.134467125,0.369069815,12.311185837,0.000678166,0.717841804,-0.018355690,-0.695963979
1713723151120999168.000000,-3.153043747,0.369695991,12.308379173,0.001793658,0.718972385,-0.016083661,-0.694850206
1713723151154351360.000000,-3.166213989,0.369252801,12.306299210,0.001434673,0.720453024,-0.016704813,-0.693301141
1713723151187704064.000000,-3.181898117,0.369112730,12.303100586,-0.000257804,0.721676946,-0.018105559,-0.691993177
1713723151221056768.000000,-3.195209503,0.369196415,12.300998688,0.000614260,0.722878098,-0.016839197,-0.690770209
1713723151254409472.000000,-3.211889267,0.371452749,12.297546387,0.000184279,0.723994017,-0.016831841,-0.689600945
1713723151287763200.000000,-3.224495888,0.370323390,12.296371460,-0.001113627,0.725021303,-0.017403638,-0.688505709
1713723151321116160.000000,-3.236843109,0.369617641,12.295731544,0.002450812,-0.725456119,0.020024328,0.687972724
1713723151354469888.000000,-3.250145912,0.370549023,12.291007996,-0.000422744,0.726106942,-0.016837982,-0.687375486
1713723151387822848.000000,-3.263819695,0.370431542,12.290004730,-0.000541183,0.726849020,-0.017101342,-0.686584175
1713723151421176320.000000,-3.276429176,0.368457735,12.289049149,0.002818913,-0.727555871,0.018659398,0.685788989
1713723151454529024.000000,-3.288108826,0.369514406,12.285467148,-0.002884380,0.727741539,-0.019144418,-0.685578227
1713723151487882496.000000,-3.302736282,0.369458169,12.284742355,-0.000680079,0.728493214,-0.016414506,-0.684856057
1713723151521234944.000000,-3.318999290,0.368128002,12.289375305,0.001061880,-0.729132235,0.016784675,0.684166193
1713723151554588416.000000,-3.333210945,0.368302524,12.282715797,-0.004158162,0.728745997,-0.020488504,-0.684464931
1713723151587941120.000000,-3.347249985,0.367583871,12.282660484,-0.001778047,0.728935897,-0.018584037,-0.684327483
1713723151621294592.000000,-3.361333847,0.367522210,12.281681061,0.002663109,-0.729214311,0.016966930,0.684069932
1713723151654647040.000000,-3.378636360,0.366170347,12.281266212,-0.003065426,0.729016006,-0.018934872,-0.684227943
1713723151688000256.000000,-3.390460014,0.365733296,12.281030655,-0.005931306,0.728734195,-0.020887924,-0.684452415
1713723151721352704.000000,-3.405330658,0.364923626,12.281322479,0.002629108,-0.728489161,0.017967436,0.684816658
1713723151754706176.000000,-3.422293663,0.366223395,12.280172348,-0.002764045,0.728165090,-0.018143039,-0.685156107
1713723151788058880.000000,-3.434601784,0.364365697,12.280426025,-0.004747366,0.727768242,-0.019891268,-0.685518265
1713723151821411328.000000,-3.447443008,0.364323497,12.280799866,0.004756946,-0.727295458,0.020363789,0.686005831
1713723151854764288.000000,-3.465776443,0.367847443,12.280355453,-0.002848098,0.727060497,-0.018074946,-0.686329603
1713723151888116480.000000,-3.479043007,0.368380815,12.281188965,-0.002989808,0.726527035,-0.018500349,-0.686882317
1713723151921469184.000000,-3.490984917,0.366754562,12.281402588,0.006125307,-0.726174414,0.021348113,0.687151790
1713723151954822400.000000,-3.501359940,0.369792163,12.279331207,-0.003895166,0.725420892,-0.019098213,-0.688029647
1713723151988174592.000000,-3.515735626,0.370800287,12.279794693,-0.003122042,0.724965692,-0.017465463,-0.688556552
1713723152021527040.000000,-3.528357506,0.369653255,12.280025482,-0.003529915,0.724373758,-0.018937128,-0.689138353
1713723152054880000.000000,-3.545625687,0.370304585,12.280040741,-0.005828266,0.723630548,-0.021143923,-0.689839005
1713723152088231936.000000,-3.560155869,0.370978475,12.280442238,-0.002820145,0.723159075,-0.018000806,-0.690441191
1713723152121584384.000000,-3.574199677,0.371402353,12.280992508,-0.002532322,0.722721338,-0.017830763,-0.690904915
1713723152154937344.000000,-3.587932587,0.368282467,12.282068253,-0.005354694,0.722152233,-0.020531669,-0.691408694
1713723152188289280.000000,-3.601193428,0.369073361,12.282643318,-0.005032477,0.721414089,-0.020162646,-0.692192078
1713723152221641728.000000,-3.616150856,0.370342255,12.283386230,-0.002197538,0.721021414,-0.017581599,-0.692686260
1713723152254995456.000000,-3.634362221,0.369606465,12.283729553,-0.002331069,0.720181227,-0.018126301,-0.693545282
1713723152288348160.000000,-3.646416664,0.369344950,12.284275055,-0.005018083,0.719531178,-0.021076109,-0.694122255
1713723152321701888.000000,-3.660487175,0.370595902,12.284875870,-0.002139211,0.718911469,-0.018888924,-0.694841743
1713723152355054336.000000,-3.677239418,0.372387826,12.284982681,-0.001785651,0.718387365,-0.017583612,-0.695418775
1713723152388408064.000000,-3.690373421,0.372007042,12.285557747,-0.002482788,0.717649281,-0.019087933,-0.696138740
1713723152421760768.000000,-3.703056335,0.372330129,12.286026955,-0.003980729,0.716809034,-0.020760840,-0.696949124
1713723152455114240.000000,-3.715509415,0.372549981,12.288751602,-0.000919979,0.716307759,-0.017281640,-0.697569907
1713723152488466688.000000,-3.729529381,0.372849405,12.289405823,-0.000838173,0.715511739,-0.017165983,-0.698389292
1713723152521819904.000000,-3.742249489,0.372313559,12.290258408,-0.002657581,0.714747906,-0.019312561,-0.699110568
1713723152555172608.000000,-3.758564949,0.373039037,12.290489197,-0.001570390,0.714384556,-0.018214524,-0.699514449
1713723152588525568.000000,-3.772817612,0.373588026,12.290828705,-0.001217034,0.714125812,-0.016651526,-0.699818254
1713723152621878272.000000,-3.786112785,0.373008430,12.291183472,-0.001190640,0.713828802,-0.017261993,-0.700106442
1713723152655230976.000000,-3.801323891,0.372754991,12.290502548,0.002586673,-0.713662684,0.018850034,0.700231194
1713723152688584192.000000,-3.815138817,0.373809606,12.290576935,0.000944465,-0.713546216,0.017116949,0.700398505
1713723152721936384.000000,-3.828755379,0.374583393,12.290418625,0.000890907,-0.713622391,0.016400363,0.700338066
1713723152755289600.000000,-3.844822884,0.373044789,12.290235519,0.002450703,-0.713427007,0.018350592,0.700484991
1713723152788642048.000000,-3.858039856,0.373782694,12.290734291,0.001410884,-0.713134289,0.018465780,0.700782835
1713723152821994240.000000,-3.872414589,0.374641776,12.290611267,0.001194545,-0.713215590,0.016445894,0.700750887
1713723152855347456.000000,-3.888359070,0.373249054,12.290532112,-0.000436018,0.713019967,-0.017311744,-0.700929940
1713723152888699648.000000,-3.900354385,0.373405039,12.290110588,-0.003103748,0.713094711,-0.019374968,-0.700793147
1713723152922051840.000000,-3.914323807,0.374934375,12.289919853,-0.000344604,0.713072836,-0.017300408,-0.700876474
1713723152955404800.000000,-3.932702065,0.373380691,12.290940285,0.000245923,0.713104904,-0.016782753,-0.700856507
1713723152988757248.000000,-3.945489883,0.373756558,12.291367531,0.000378925,0.712899506,-0.017883118,-0.701038122
1713723153022109184.000000,-3.957518578,0.375247568,12.291274071,-0.000599743,0.712673724,-0.018769277,-0.701244414
1713723153055461632.000000,-3.970742226,0.376901329,12.291787148,-0.001259383,-0.712455451,0.017073851,0.701508522
1713723153088814336.000000,-3.987980843,0.377419114,12.291034698,0.001136412,0.712345064,-0.016690196,-0.701630116
1713723153122166272.000000,-3.999806404,0.377552807,12.291157722,-0.000584492,0.712103009,-0.018524462,-0.701830387
1713723153155518464.000000,-4.012782097,0.378396690,12.291198730,0.000568894,0.711844444,-0.017574955,-0.702117026
1713723153188870912.000000,-4.029147148,0.378780246,12.290722847,-0.000519710,-0.711934209,0.016331133,0.702056110
1713723153222223104.000000,-4.042136192,0.378836393,12.290983200,-0.000768559,-0.711783707,0.016847994,0.702196300
1713723153255578112.000000,-4.054017067,0.379299790,12.290893555,0.001254331,-0.711733878,0.018379141,0.702207685
1713723153288932864.000000,-4.071897507,0.379385084,12.291435242,-0.001113515,-0.711494744,0.016922949,0.702486813
1713723153322287616.000000,-4.085398674,0.380626976,12.291370392,-0.000872357,-0.711695433,0.015916221,0.702307343
1713723153355642368.000000,-4.098024368,0.380437642,12.291725159,-0.000128573,-0.711648703,0.017543606,0.702316523
1713723153388997376.000000,-4.124704361,0.377694309,12.293831825,-0.000574142,-0.711631656,0.017984653,0.702322304
1713723153422352128.000000,-4.138215065,0.379209310,12.293304443,-0.001354071,-0.711851299,0.016434539,0.702136695
1713723153455706880.000000,-4.151315689,0.380106300,12.293087959,-0.001627565,-0.711695433,0.017178211,0.702276289
1713723153489061632.000000,-4.167474747,0.379418582,12.293250084,-0.000880685,-0.711986601,0.018437222,0.701950431
1713723153522415872.000000,-4.180514336,0.380052507,12.292923927,-0.001708782,-0.712051451,0.017852642,0.701898277
1713723153555770368.000000,-4.193571091,0.381024003,12.292576790,-0.001550263,-0.712021112,0.017884597,0.701928556
1713723153589125120.000000,-4.210890770,0.380365789,12.292697906,0.002340125,0.711884379,-0.017801361,-0.702067137
1713723153622479872.000000,-4.223925591,0.380765796,12.292386055,0.001766299,0.711969554,-0.017635636,-0.701986670
1713723153655834368.000000,-4.237027168,0.381440073,12.292334557,0.002179772,0.711829782,-0.018531680,-0.702104151
1713723153689189120.000000,-4.255228043,0.381400049,12.291709900,0.002631981,0.712025046,-0.016710354,-0.701950252
1713723153722543872.000000,-4.268813133,0.381887615,12.291492462,0.002627653,0.711883783,-0.017399617,-0.702076852
1713723153755898368.000000,-4.282188416,0.382115632,12.291152954,0.002233825,0.711901546,-0.017277582,-0.702063143
1713723153789253120.000000,-4.292713165,0.380960554,12.292901993,0.002967294,0.711790144,-0.016896922,-0.702182651
1713723153822607872.000000,-4.306838989,0.381459445,12.292787552,0.003594954,0.711947918,-0.016279921,-0.702034414
1713723153855962624.000000,-4.320349693,0.382003248,12.292689323,0.003665575,0.711819649,-0.017368609,-0.702137947
1713723153889317120.000000,-4.336671829,0.381612182,12.292318344,0.003618042,0.711961985,-0.016481178,-0.702015340
1713723153922671616.000000,-4.350423813,0.382531017,12.291795731,0.004378765,0.711909771,-0.016495259,-0.702063620
1713723153956026112.000000,-4.364068031,0.383033365,12.291379929,0.004165322,0.711868227,-0.016444113,-0.702108204
1713723153989380352.000000,-4.378100395,0.382846057,12.291318893,-0.004386885,-0.711879373,0.016311636,0.702098727
1713723154022734848.000000,-4.394582748,0.382107764,12.291879654,0.004056881,0.711897790,-0.017538551,-0.702052355
1713723154056089344.000000,-4.408648491,0.382726789,12.291352272,0.005163563,0.711957514,-0.015841773,-0.702024877
1713723154089443840.000000,-4.422006607,0.383369029,12.290648460,0.005039549,0.711923063,-0.016704148,-0.702040732
1713723154122798336.000000,-4.446606636,0.383937895,12.295314789,0.004142603,0.712286174,-0.017423213,-0.701660693
1713723154156153088.000000,-4.460309982,0.384477615,12.294818878,0.004572127,0.712106705,-0.017505040,-0.701838136
1713723154189507328.000000,-4.474690437,0.384410322,12.294279099,0.005066511,0.712288380,-0.016369728,-0.701677799
1713723154222862848.000000,-4.488995552,0.384383649,12.294628143,0.005384804,0.712107480,-0.017319115,-0.701836228
1713723154256216832.000000,-4.501809120,0.383843154,12.294305801,0.003822997,0.712080538,-0.018151015,-0.701852798
1713723154289570048.000000,-4.515669823,0.384064347,12.294361115,0.005543111,0.711734951,-0.017617203,-0.702205420
1713723154322923776.000000,-4.531275749,0.384650052,12.294601440,0.004601430,0.711766064,-0.016790757,-0.702200830
1713723154356276736.000000,-4.544942379,0.384110481,12.294338226,0.005069145,0.711307108,-0.016816378,-0.702661932
1713723154389629952.000000,-4.557400703,0.383709371,12.293526649,0.002972831,0.711154044,-0.018524447,-0.702785850
1713723154422983680.000000,-4.572629452,0.385185152,12.293642044,0.005290694,0.710838675,-0.016393244,-0.703144193
1713723154456336640.000000,-4.587008476,0.385703236,12.292246819,0.004930350,0.710983336,-0.014216415,-0.703047931
1713723154489690112.000000,-4.599884987,0.384341985,12.291913986,0.003866801,0.710643888,-0.016479697,-0.703348279
1713723154523043072.000000,-4.612133503,0.383940667,12.294198990,0.002573015,0.710813463,-0.017517246,-0.703157783
1713723154556396544.000000,-4.627062798,0.385509729,12.292921066,0.004878870,0.710881352,-0.013526305,-0.703164995
1713723154589749504.000000,-4.640185833,0.387294263,12.288495064,-0.004415035,-0.710611045,0.013253129,0.703446448
1713723154623102720.000000,-4.654970646,0.385145605,12.292253494,0.003026623,0.710477710,-0.016180452,-0.703527212
1713723154656455424.000000,-4.668557644,0.386415243,12.291170120,0.003462404,0.710502088,-0.014349890,-0.703540266
1713723154689808896.000000,-4.682916164,0.387420833,12.290142059,0.004449829,0.710685551,-0.012463185,-0.703385413
1713723154723161600.000000,-4.697931767,0.387369275,12.290588379,0.004368484,0.710521877,-0.014073435,-0.703520834
1713723154756514560.000000,-4.710521698,0.387815237,12.289932251,0.003117560,0.710480273,-0.015432508,-0.703541100
1713723154789867520.000000,-4.724713802,0.388703972,12.289028168,0.004917002,0.710443616,-0.012997423,-0.703617036
1713723154823220480.000000,-4.741457462,0.389043391,12.289676666,0.003871916,0.710672200,-0.013821116,-0.703377008
1713723154856573696.000000,-4.754454613,0.389170378,12.289175034,0.004259982,0.710545778,-0.014330208,-0.703492224
1713723154889925888.000000,-4.767675877,0.390073299,12.288267136,0.003888282,0.710458338,-0.014062616,-0.703588128
1713723154923279104.000000,-4.786658287,0.391677231,12.289297104,0.004152069,0.710583448,-0.013448059,-0.703472137
1713723154956631552.000000,-4.799816132,0.391634673,12.288950920,0.004198991,0.710310161,-0.014021371,-0.703736722
1713723154989984000.000000,-4.812616348,0.391844332,12.288383484,0.002880440,0.710215092,-0.014316602,-0.703833342
1713723155023337216.000000,-4.830797672,0.393681258,12.292919159,0.004618831,0.710450411,-0.013491444,-0.703602850
1713723155056689408.000000,-4.843845844,0.394586742,12.291965485,0.003545763,0.710689962,-0.013491213,-0.703367114
1713723155090041856.000000,-4.856946468,0.394487768,12.291759491,0.004397449,0.710532367,-0.014134442,-0.703508854
1713723155123395072.000000,-4.872440815,0.394509971,12.291837692,0.002524707,0.710615814,-0.015261821,-0.703410268
1713723155156747008.000000,-4.886693001,0.395516545,12.291355133,0.004843168,0.710668802,-0.013413047,-0.703382194
1713723155190099712.000000,-4.899839401,0.396313637,12.290225983,0.003805121,0.710936189,-0.013753607,-0.703111827
1713723155223452416.000000,-4.915655613,0.395853668,12.290688515,0.004113445,0.710717916,-0.014476716,-0.703316152
1713723155256805376.000000,-4.928977013,0.396849155,12.289883614,0.003602974,0.710614800,-0.014460161,-0.703423500
1713723155290159104.000000,-4.943058491,0.397718459,12.289421082,0.004691562,0.710644305,-0.013346134,-0.703409255
1713723155323511552.000000,-4.959031105,0.397626519,12.289042473,0.004756377,0.710609138,-0.013419209,-0.703442991
1713723155356865280.000000,-4.971624851,0.397938550,12.288333893,0.003137155,0.710664570,-0.014738851,-0.703369737
1713723155390217984.000000,-4.985378265,0.398937017,12.288019180,0.004668810,0.710542977,-0.013857423,-0.703501940
1713723155423571712.000000,-4.999618053,0.399866641,12.290035248,0.003970359,0.710965455,-0.012739842,-0.703100324
1713723155456924160.000000,-5.012664318,0.399104446,12.289835930,0.003827169,0.710799158,-0.014052372,-0.703244269
1713723155490277632.000000,-5.025093079,0.399340123,12.288986206,0.002287027,0.710778475,-0.015026658,-0.703251779
1713723155523630336.000000,-5.039468288,0.400713474,12.288252831,-0.004005556,-0.710812032,0.012552103,0.703258634
1713723155556983552.000000,-5.052314281,0.401080251,12.287351608,-0.002844032,-0.710708559,0.013684165,0.703347802
1713723155590336000.000000,-5.072723866,0.397493303,12.285142899,0.002057660,0.710512877,-0.014244393,-0.703537047
1713723155623689216.000000,-5.085714817,0.398905396,12.284626007,0.002096237,0.710308552,-0.013584831,-0.703756273
1713723155657041664.000000,-5.098980904,0.399004132,12.283884048,0.001303759,0.710403323,-0.013106530,-0.703671634
1713723155690394624.000000,-5.113739014,0.395118177,12.284820557,-0.001727578,-0.710146129,0.014323556,0.703906596
1713723155723747584.000000,-5.126664162,0.395945281,12.284008980,-0.000590551,-0.710197151,0.013839480,0.703866661
1713723155757100032.000000,-5.139894485,0.396916300,12.283468246,-0.001494303,-0.709996700,0.013385297,0.704076231
1713723155790453248.000000,-5.152225971,0.395837605,12.287979126,0.000398906,-0.710337758,0.015049586,0.703700006
1713723155823805696.000000,-5.165376186,0.396479338,12.287952423,-0.000942617,-0.710171700,0.015031918,0.703867495
1713723155857158144.000000,-5.178551674,0.397836924,12.287296295,-0.000127231,-0.710281491,0.014456329,0.703769386
1713723155890511104.000000,-5.194009781,0.397329301,12.287384987,-0.000810426,-0.710124433,0.014718705,0.703921974
1713723155923863296.000000,-5.206863403,0.398070365,12.286981583,0.000196510,-0.709998846,0.015897024,0.704023480
1713723155957215744.000000,-5.221085548,0.398646027,12.286478996,-0.000969009,-0.710147738,0.014020846,0.703912497
1713723155990568448.000000,-5.236972809,0.396140158,12.286096573,-0.001172066,-0.710188866,0.014435036,0.703862250
1713723156023920896.000000,-5.250408173,0.395646930,12.285892487,-0.000014596,-0.710387409,0.015069164,0.703649580
1713723156057272832.000000,-5.264191628,0.396079361,12.285676003,-0.001199243,-0.710319042,0.014469004,0.703730166
1713723156090625536.000000,-5.277697563,0.396662921,12.284957886,0.000278921,-0.710567236,0.014336791,0.703483284
1713723156123978240.000000,-5.292718410,0.397887796,12.285308838,-0.001360502,-0.710338891,0.014396315,0.703711390
1713723156157329920.000000,-5.306077957,0.398992419,12.284875870,0.000040065,-0.710732639,0.014327693,0.703316331
1713723156190682368.000000,-5.319911480,0.399494290,12.285024643,-0.000899061,-0.710549116,0.013978431,0.703508198
1713723156224035072.000000,-5.337704659,0.391877711,12.286531448,0.000280730,-0.710406542,0.014385590,0.703644574
1713723156257388544.000000,-5.351698399,0.393123209,12.286712646,-0.001661926,-0.710298061,0.012781951,0.703783095
1713723156290742528.000000,-5.364248276,0.394931018,12.286214828,0.000025719,-0.710380793,0.013809059,0.703682125
1713723156324097024.000000,-5.380124092,0.394021064,12.285919189,-0.001065895,-0.710457623,0.013871293,0.703602552
1713723156357450496.000000,-5.393063545,0.396553516,12.285526276,-0.000318723,-0.710572839,0.013831173,0.703487694
1713723156390804480.000000,-5.406272888,0.397860348,12.285449028,0.000057114,-0.710753441,0.013483863,0.703312039
1713723156424158208.000000,-5.422967911,0.394103289,12.284798622,0.000283345,-0.710668504,0.014665353,0.703374147
1713723156457512448.000000,-5.436284065,0.396410018,12.284344673,-0.000278285,-0.710857332,0.013349907,0.703209579
1713723156490865920.000000,-5.449296474,0.399205953,12.283796310,-0.000840480,-0.710829079,0.013400097,0.703236699
1713723156524219648.000000,-5.466362953,0.395947993,12.283773422,0.001178400,-0.710998118,0.014189268,0.703049839
1713723156557573888.000000,-5.478997231,0.398790658,12.283464432,0.001069822,-0.710681677,0.015057473,0.703351855
1713723156590927360.000000,-5.493468285,0.401968807,12.283245087,-0.001480490,-0.710817695,0.012780739,0.703258634
1713723156624280832.000000,-5.509469986,0.397493958,12.284381866,0.002123944,0.710967839,-0.012839945,-0.703104079
1713723156657634816.000000,-5.521319866,0.399246782,12.284061432,-0.000140800,0.711004019,-0.015129308,-0.703025162
1713723156690988288.000000,-5.534607887,0.402420819,12.283924103,0.001924381,0.710904658,-0.013967130,-0.703147054
1713723156724341760.000000,-5.551496983,0.402851343,12.283434868,0.003220262,0.711095333,-0.012104589,-0.702984095
1713723156757695488.000000,-5.564447880,0.403861225,12.283390045,0.002238494,0.711039543,-0.013599416,-0.703016996
1713723156791048704.000000,-5.576701641,0.405510932,12.283429146,0.000575369,0.710688472,-0.016011836,-0.703324437
1713723156824402688.000000,-5.593761444,0.406748116,12.283598900,0.004209397,0.710801065,-0.012271065,-0.703273535
1713723156857755904.000000,-5.607830524,0.408913195,12.283388138,0.004106277,0.710906923,-0.011774101,-0.703175664
1713723156891109376.000000,-5.620501041,0.408972353,12.283745766,0.002223678,0.710470736,-0.014454595,-0.703574777
1713723156924463104.000000,-5.635338783,0.407777131,12.283770561,0.001941386,0.710405767,-0.013572128,-0.703658819
1713723156957816064.000000,-5.650540352,0.409487009,12.283809662,0.004682072,0.710374892,-0.011599560,-0.703712344
1713723156991169792.000000,-5.664315701,0.409247130,12.283403397,0.003712310,0.710600734,-0.011925856,-0.703484714
1713723157024523008.000000,-5.675421238,0.408154905,12.283525467,0.002356760,0.710208833,-0.014830678,-0.703830898
1713723157057876224.000000,-5.689804077,0.409449458,12.283085823,0.004056175,0.710305691,-0.012402796,-0.703772485
1713723157091229440.000000,-5.703936577,0.409998745,12.282339096,0.002746335,0.710411489,-0.011412678,-0.703688622
1713723157124582656.000000,-5.718983173,0.408324599,12.282852173,0.003245296,0.710259855,-0.013808592,-0.703796685
1713723157157936128.000000,-5.732151508,0.408281744,12.282660484,0.001704090,0.710486352,-0.014083730,-0.703568041
1713723157191288832.000000,-5.746848106,0.408780575,12.282672882,0.003293205,0.710521936,-0.012485880,-0.703556597
1713723157224642560.000000,-5.762872696,0.409119755,12.281446457,0.002914879,0.710662007,-0.012611832,-0.703414559
1713723157257995520.000000,-5.776323318,0.408319563,12.281753540,0.001898088,0.710821211,-0.014231958,-0.703226268
1713723157291349248.000000,-5.790116787,0.408182800,12.281896591,0.002463759,0.710848093,-0.014270013,-0.703196585
1713723157324702208.000000,-5.804744720,0.406678587,12.282322884,0.002503438,0.710922241,-0.012784095,-0.703149974
1713723157358055680.000000,-5.818680286,0.406175792,12.282551765,0.002628887,0.710858762,-0.013354057,-0.703203142
1713723157391408384.000000,-5.831402302,0.405936569,12.282609940,0.000877711,0.711075187,-0.015111383,-0.702953041
1713723157424762112.000000,-5.847723961,0.406680644,12.282323837,0.002530082,0.711008072,-0.014018507,-0.703039646
1713723157458114816.000000,-5.861873150,0.407240182,12.282361984,0.002080916,0.711173177,-0.013486801,-0.702884495
1713723157491468032.000000,-5.875706196,0.406528622,12.283046722,0.001723337,0.711100101,-0.014741379,-0.702934206
1713723157524820736.000000,-5.890479088,0.405987650,12.282287598,0.001382842,0.711052954,-0.015171228,-0.702973425
1713723157558174208.000000,-5.904705048,0.406510919,12.282484055,0.002085127,0.711163342,-0.014491795,-0.702874422
1713723157591526656.000000,-5.918563366,0.406975418,12.282739639,0.002357747,0.711227357,-0.015128491,-0.702795327
1713723157624880128.000000,-5.933504105,0.406643301,12.282665253,0.001422118,0.711317182,-0.016158301,-0.702683985
1713723157658232576.000000,-5.946978569,0.406850338,12.282796860,0.001721664,0.711281836,-0.016579885,-0.702709377
1713723157691586048.000000,-5.960705757,0.407292336,12.283305168,0.002039684,0.711289644,-0.016660748,-0.702698708
1713723157724938752.000000,-5.974687576,0.406600833,12.285860062,0.002382594,0.711235642,-0.017525578,-0.702731192
1713723157758291200.000000,-5.988455296,0.406559855,12.286070824,0.002090991,0.711455107,-0.017761838,-0.702503979
1713723157791644416.000000,-6.002027988,0.406648636,12.286388397,0.002150729,0.711391926,-0.018880699,-0.702538610
1713723157824996608.000000,-6.016542435,0.407579184,12.286804199,0.002358970,0.711511314,-0.018247021,-0.702433765
1713723157858349312.000000,-6.030580044,0.407799602,12.286714554,0.002412399,0.711467505,-0.018318092,-0.702476084
1713723157891702528.000000,-6.043686867,0.406688631,12.286758423,0.000803854,0.711401641,-0.019352168,-0.702518761
1713723157925054720.000000,-6.057384968,0.407138169,12.287081718,-0.000722486,-0.710898459,0.021240275,0.702973425
1713723157958407680.000000,-6.072241783,0.407647818,12.286876678,-0.002190180,-0.711206555,0.017981566,0.702749789
1713723157991760128.000000,-6.085372925,0.407290459,12.286926270,-0.001335582,-0.711026013,0.020534495,0.702864587
1713723158025112576.000000,-6.100769043,0.406773150,12.286870956,0.001203202,0.711015522,-0.020105226,-0.702887833
1713723158058465280.000000,-6.114139557,0.406826854,12.286785126,0.000901691,0.710979760,-0.021057917,-0.702896595
1713723158091817728.000000,-6.128438950,0.407574654,12.286642075,0.001886862,0.710927367,-0.020007925,-0.702978313
1713723158125169920.000000,-6.142426968,0.407662928,12.286315918,0.001257329,0.711170971,-0.018000020,-0.702787578
1713723158158522112.000000,-6.154154301,0.406656742,12.287052155,-0.000054046,0.710457265,-0.022954058,-0.703365922
1713723158191874816.000000,-6.167930603,0.407704949,12.286678314,0.000881688,0.710602224,-0.020843975,-0.703284621
1713723158225227008.000000,-6.184969902,0.408928692,12.286413193,-0.001244380,-0.710862875,0.016399350,0.703138411
1713723158258581504.000000,-6.197733879,0.408155322,12.286303520,-0.000570310,-0.710483789,0.018680373,0.703465462
1713723158291935488.000000,-6.210423470,0.408338726,12.286415100,0.000577566,-0.710503221,0.020487623,0.703395545
1713723158325289216.000000,-6.225762844,0.409561008,12.284593582,-0.001195607,-0.710682154,0.016724447,0.703313470
1713723158358643200.000000,-6.239544868,0.409958124,12.284355164,-0.000798464,-0.710549176,0.017327340,0.703433812
1713723158391997696.000000,-6.252613544,0.409374654,12.284597397,-0.000315474,-0.710349977,0.018702704,0.703600109
1713723158425351680.000000,-6.266560078,0.410080492,12.284473419,0.000196617,0.710383356,-0.017604822,-0.703594744
1713723158458705152.000000,-6.280589581,0.410726547,12.284448624,0.000749320,0.710401475,-0.016151311,-0.703610957
1713723158492058880.000000,-6.293778419,0.410342574,12.284708023,0.000209449,0.710151076,-0.017129406,-0.703840971
1713723158525413120.000000,-6.309709549,0.410971045,12.286357880,0.001059864,-0.710075617,0.018386235,0.703884542
1713723158558766848.000000,-6.323832035,0.411592454,12.286064148,-0.000373944,-0.709978998,0.016546629,0.704028428
1713723158592120576.000000,-6.337470055,0.411604404,12.285272598,0.000610804,-0.710181475,0.016285636,0.703830004
1713723158625474816.000000,-6.356287003,0.410480320,12.283764839,-0.000693460,0.710081935,-0.017658761,-0.703897357
1713723158658828032.000000,-6.369023323,0.411133409,12.283375740,-0.001971678,0.710005939,-0.018000375,-0.703962862
1713723158692181760.000000,-6.383034706,0.411382586,12.283149719,-0.000958948,0.710115492,-0.016288474,-0.703896224
1713723158725535744.000000,-6.394622803,0.412169874,12.287055969,0.002174878,-0.710120916,0.018081307,0.703844249
1713723158758889472.000000,-6.408174038,0.411468863,12.287169456,0.001403760,-0.710223317,0.017758023,0.703751147
1713723158792242944.000000,-6.421995640,0.411062062,12.286830902,0.001331681,-0.710295677,0.016968442,0.703697622
1713723158825596672.000000,-6.441673279,0.411238372,12.281404495,-0.002431834,0.710040510,-0.018074051,-0.703924716
1713723158858949888.000000,-6.455178261,0.410650134,12.281732559,-0.001723645,0.709926307,-0.018644311,-0.704027116
1713723158892303360.000000,-6.468934059,0.410625577,12.281463623,-0.002758247,0.710046113,-0.017553736,-0.703930974
1713723158925657344.000000,-6.484709263,0.411303103,12.281934738,-0.001664210,0.709884763,-0.017812019,-0.704090655
1713723158959010560.000000,-6.497862339,0.411148131,12.281712532,-0.003603650,0.710083425,-0.018511901,-0.703864992
1713723158992364288.000000,-6.511862755,0.411579847,12.281872749,-0.001780412,0.709940314,-0.017831605,-0.704033852
1713723159025717504.000000,-6.523441315,0.411774516,12.280664444,-0.003228278,0.710334480,-0.017420541,-0.703641355
1713723159059070720.000000,-6.537971973,0.411644906,12.281063080,-0.001353002,0.710269094,-0.017635198,-0.703708112
1713723159092424704.000000,-6.551258564,0.411609024,12.280639648,-0.003368768,0.710436821,-0.018730821,-0.703503728
1713723159125777408.000000,-6.562336922,0.410333812,12.287296295,0.001792625,-0.710502684,0.017842652,0.703465998
1713723159159131136.000000,-6.576900482,0.410555601,12.286993027,0.002311584,-0.710874259,0.017235395,0.703104138
1713723159192484096.000000,-6.591261387,0.409458727,12.287143707,0.002234554,-0.711197555,0.017919870,0.702760279
1713723159225837824.000000,-6.606412411,0.409259796,12.286877632,0.003079472,-0.711242199,0.019284273,0.702675819
1713723159259191040.000000,-6.621080875,0.409359366,12.286537170,0.001906021,-0.711599112,0.017888114,0.702355444
1713723159292544256.000000,-6.635397911,0.409166276,12.286199570,0.001969204,-0.711798549,0.017828174,0.702154636
1713723159325898240.000000,-6.650539875,0.408397019,12.286377907,0.003064270,-0.711988986,0.019046530,0.701925635
1713723159359251200.000000,-6.664523602,0.408203810,12.286554337,0.002439974,-0.712062418,0.018906860,0.701857328
1713723159392604928.000000,-6.678733349,0.408596724,12.286284447,0.003147713,-0.712225080,0.018334156,0.701704741
1713723159425957888.000000,-6.688798428,0.406567276,12.282790184,0.001957366,-0.712102234,0.018587286,0.701827049
1713723159459311360.000000,-6.702080250,0.406086266,12.282285690,0.004253068,-0.712515116,0.019423075,0.701375127
1713723159492664320.000000,-6.716162205,0.406275928,12.282557487,0.002278429,-0.712475955,0.019610282,0.701418757
1713723159526017792.000000,-6.731970787,0.406662494,12.281478882,0.002712582,-0.712916970,0.018473111,0.700999975
1713723159559370752.000000,-6.746122360,0.406052589,12.281355858,0.002714254,-0.713088393,0.018966971,0.700812340
1713723159592723968.000000,-6.758758068,0.405311674,12.280740738,0.005750011,-0.713188767,0.021390233,0.700622022
1713723159626077184.000000,-6.772996426,0.405969650,12.280773163,0.003052345,-0.713584960,0.019734746,0.700284123
1713723159659430144.000000,-6.786152363,0.405300915,12.278209686,0.002815493,-0.713957906,0.017807713,0.699956477
1713723159692783104.000000,-6.799482822,0.404204607,12.278156281,0.004295187,-0.714290977,0.019840932,0.699554443
1713723159726136320.000000,-6.812210560,0.404145330,12.278021812,0.006427331,-0.714356899,0.022146249,0.699401498
1713723159759489024.000000,-6.827260971,0.405925930,12.277540207,0.003045896,-0.714773834,0.018482924,0.699104786
1713723159792842496.000000,-6.844904423,0.406873763,12.276445389,-0.003418226,0.715471148,-0.018169096,-0.698397636
1713723159826194688.000000,-6.857717991,0.406197160,12.276830673,-0.005088755,0.715456486,-0.021162324,-0.698318243
1713723159859548160.000000,-6.871361732,0.407449901,12.276374817,-0.005140194,0.715778589,-0.021197207,-0.697986543
1713723159892900608.000000,-6.886394024,0.408004105,12.275368690,-0.002503210,0.716066658,-0.017961171,-0.697796404
1713723159926253312.000000,-6.900374889,0.408477515,12.275220871,-0.002920754,0.716512740,-0.018404303,-0.697325170
1713723159959606528.000000,-6.912708282,0.408473253,12.275380135,-0.005315195,0.716665685,-0.021989239,-0.697049916
1713723159992958720.000000,-6.930154324,0.409292251,12.274292946,-0.002753695,0.717009783,-0.019586982,-0.696782529
1713723160026311936.000000,-6.945215225,0.410715133,12.273321152,-0.002950510,0.717759013,-0.017424863,-0.696067333
1713723160059664128.000000,-6.958822250,0.410290301,12.273822784,-0.002541950,0.717937768,-0.020031579,-0.695814490
1713723160093016832.000000,-6.966473103,0.411409795,12.271404266,-0.004938186,0.718074799,-0.021219142,-0.695624888
1713723160126369792.000000,-6.981609344,0.412179232,12.271106720,-0.001829603,0.718608201,-0.019147115,-0.695149183
1713723160159721728.000000,-6.996301651,0.412422061,12.270435333,-0.001987903,0.719224989,-0.018241310,-0.694535017
1713723160193074176.000000,-7.010721207,0.411035419,12.270303726,-0.002111528,0.719394803,-0.020160992,-0.694305658
1713723160226427136.000000,-7.024439812,0.410854995,12.269723892,-0.002743636,0.719836533,-0.020780222,-0.693827212
1713723160259781888.000000,-7.039612770,0.411173761,12.269050598,-0.001008874,0.720357001,-0.018965513,-0.693343520
1713723160293135872.000000,-7.053422928,0.410933197,12.268484116,-0.000965683,0.720678449,-0.019395068,-0.692997575
1713723160326490368.000000,-7.066330433,0.410086960,12.267894745,-0.003154861,0.721145332,-0.021397175,-0.692446172
1713723160359844864.000000,-7.080560684,0.410754025,12.267705917,-0.000901537,0.721387625,-0.020736892,-0.692220509
1713723160393199360.000000,-7.097589493,0.407613754,12.264922142,-0.001221446,0.721855164,-0.018967390,-0.691783130
1713723160426553856.000000,-7.111576080,0.407184303,12.264844894,-0.000476212,0.722006202,-0.019764880,-0.691604078
1713723160459908608.000000,-7.123964310,0.407097429,12.264324188,-0.003073037,0.722210169,-0.021910094,-0.691319823
1713723160493263104.000000,-7.139047623,0.406944156,12.264233589,-0.000190392,0.722508490,-0.020337082,-0.691062868
1713723160526617344.000000,-7.153045654,0.408382297,12.263650894,-0.000137156,0.722980261,-0.019540172,-0.690592289
1713723160559971072.000000,-7.165814877,0.408099949,12.263525009,-0.001028742,0.723408043,-0.020842154,-0.690105379
1713723160593325312.000000,-7.177306175,0.409393400,12.263713837,0.001881134,-0.723426878,0.023657266,0.689993083
1713723160626679552.000000,-7.197002411,0.409128726,12.262548447,0.000485349,0.724079847,-0.020505842,-0.689411104
1713723160660034304.000000,-7.209673882,0.409932613,12.262183189,-0.000026137,0.724544406,-0.022738488,-0.688853085
1713723160693388544.000000,-7.222171783,0.409738958,12.262104034,-0.000289287,0.724698365,-0.023499625,-0.688665390
1713723160726742784.000000,-7.235121727,0.410344809,12.262458801,0.000837257,-0.724739313,0.024690099,0.688580155
1713723160760096512.000000,-7.250773430,0.410888016,12.261656761,0.000532261,0.724928021,-0.023380656,-0.688427567
1713723160793450496.000000,-7.264152050,0.411238670,12.260828972,-0.000145883,0.725269735,-0.022345081,-0.688102186
1713723160826804992.000000,-7.275769234,0.409973323,12.261451721,-0.002059405,0.725045741,-0.026547359,-0.688185871
1713723160860158976.000000,-7.286383152,0.408008605,12.259641647,-0.000851365,0.725162864,-0.026611049,-0.688062549
1713723160893512704.000000,-7.301204681,0.409170985,12.258531570,0.000161311,0.725716174,-0.022497952,-0.687626362
1713723160926866688.000000,-7.314002037,0.408623129,12.258098602,-0.001278103,0.725847065,-0.023806829,-0.687442899
1713723160960220928.000000,-7.326993465,0.409720510,12.258492470,0.001861311,-0.725852191,0.027074302,0.687315226
1713723160993574912.000000,-7.351610184,0.409528524,12.255081177,-0.001816103,0.726198733,-0.024395669,-0.687049568
1713723161026928640.000000,-7.365808010,0.410316527,12.254451752,-0.002075037,0.726468921,-0.023770889,-0.686784983
1713723161060282368.000000,-7.378673553,0.409256935,12.254798889,-0.003111799,0.726536453,-0.025961801,-0.686630368
1713723161093636608.000000,-7.390172958,0.410436779,12.254802704,0.004040217,-0.726692855,0.027662909,0.686393499
1713723161126990592.000000,-7.408102036,0.410309494,12.253469467,-0.002335735,0.727207720,-0.024512006,-0.685975790
1713723161160343808.000000,-7.421932697,0.411743313,12.252908707,-0.002685285,0.727656126,-0.024169592,-0.685510933
1713723161193698048.000000,-7.434655190,0.411397457,12.253154755,-0.003860600,0.727789700,-0.026384754,-0.685281813
1713723161227051776.000000,-7.443325043,0.407526791,12.246252060,-0.003295148,0.727799177,-0.025941433,-0.685291648
1713723161260404736.000000,-7.458603859,0.408859342,12.245948792,-0.002104864,0.728241205,-0.023139983,-0.684926987
1713723161293758720.000000,-7.472180367,0.408986211,12.245538712,-0.003270554,0.728624701,-0.023482120,-0.684502721
1713723161327111424.000000,-7.487917423,0.408511102,12.244348526,-0.003681545,0.728627741,-0.026449213,-0.684389174
1713723161360465152.000000,-7.502335072,0.409720242,12.243450165,-0.003323911,0.729267776,-0.024082836,-0.683796465
1713723161393818112.000000,-7.517331600,0.410840660,12.242459297,-0.002335397,0.729662836,-0.022330107,-0.683438420
1713723161427171584.000000,-7.529837608,0.410478234,12.242441177,0.003896459,-0.729866385,0.024515670,0.683139086
1713723161460524544.000000,-7.545972824,0.409492105,12.240068436,-0.003142642,0.729952753,-0.026213871,-0.682987511
1713723161493877760.000000,-7.560937405,0.410747617,12.238630295,-0.002353699,0.730849922,-0.021836583,-0.682184815
1713723161527230976.000000,-7.574176788,0.410280615,12.237419128,-0.003435737,0.731239080,-0.022428868,-0.681743801
1713723161560584192.000000,-7.588581085,0.408660382,12.229749680,-0.004330150,0.730662227,-0.026044227,-0.682228506
1713723161593936896.000000,-7.602902889,0.409404516,12.228780746,-0.004221281,0.731146753,-0.023613630,-0.681798398
1713723161627290368.000000,-7.617882252,0.410124302,12.228016853,-0.003214563,0.731472611,-0.022972336,-0.681476235
1713723161660643072.000000,-7.633443356,0.410164446,12.227870941,0.003244644,-0.731807053,0.022747450,0.681124508
1713723161693996288.000000,-7.648271084,0.410099030,12.225395203,-0.002639048,0.731999874,-0.022846563,-0.680916548
1713723161727348736.000000,-7.663684845,0.411207020,12.224628448,-0.001725314,0.732521772,-0.021262219,-0.680409431
1713723161760701952.000000,-7.678944588,0.411892354,12.223668098,-0.001434997,0.732904255,-0.020350052,-0.680025935
1713723161794054656.000000,-7.694546700,0.411471695,12.222312927,0.001940717,-0.732930183,0.021173675,0.679971635
1713723161827407360.000000,-7.706203461,0.411865592,12.220763206,-0.001256990,0.733121634,-0.020642860,-0.679783046
1713723161860760576.000000,-7.722018242,0.412191629,12.219188690,-0.000910515,0.733661950,-0.018018221,-0.679275155
1713723161894112768.000000,-7.736683846,0.411615014,12.218305588,-0.001005102,0.733672142,-0.018935701,-0.679239035
1713723161927465984.000000,-7.749456406,0.412378877,12.217573166,0.002032567,-0.733852148,0.019052045,0.679039001
1713723161960818176.000000,-7.767081738,0.409853220,12.212278366,-0.000505021,0.733957708,-0.016797353,-0.678987265
1713723161994170880.000000,-7.781024456,0.409634411,12.211095810,-0.002176758,0.734234452,-0.017463678,-0.678667963
1713723162027523840.000000,-7.795446873,0.409626544,12.210758209,-0.000516024,0.734147310,-0.017744921,-0.678758204
1713723162060875776.000000,-7.809798241,0.410237819,12.209110260,0.000624645,-0.734550595,0.015358850,0.678379893
1713723162094228480.000000,-7.824138165,0.410522878,12.207235336,-0.000384171,0.734842002,-0.015040517,-0.678071558
1713723162127581184.000000,-7.837625504,0.410616875,12.206216812,-0.001201545,0.735062063,-0.016117590,-0.677807271
1713723162160933376.000000,-7.852241039,0.411270857,12.205458641,0.000070381,0.735314727,-0.014516142,-0.677570403
1713723162194285568.000000,-7.865241528,0.412051618,12.204000473,0.000092392,-0.735659420,0.014275371,0.677201271
1713723162227638528.000000,-7.883756161,0.410728753,12.203043938,0.000502582,0.736177027,-0.014763593,-0.676627874
1713723162260996864.000000,-7.896667957,0.411480486,12.201635361,-0.000517360,0.736483514,-0.015271095,-0.676282942
1713723162294355456.000000,-7.910678387,0.412851453,12.200334549,0.000771759,0.736724973,-0.013873157,-0.676049769
1713723162327714048.000000,-7.924407482,0.414285630,12.198456764,-0.001126533,-0.737097323,0.013459736,0.675651729
1713723162361072640.000000,-7.939998150,0.414146423,12.195125580,-0.000058810,0.737655759,-0.013916979,-0.675033629
1713723162394430976.000000,-7.952665806,0.415284276,12.193582535,-0.000391331,0.737719774,-0.014773591,-0.674945295
1713723162427789312.000000,-7.967262745,0.417272180,12.192102432,0.002371115,0.738077104,-0.012313330,-0.674599886
1713723162461147904.000000,-7.980680466,0.419234186,12.190116882,-0.002527011,-0.738499999,0.011630413,0.674148500
1713723162494506240.000000,-7.995293617,0.418278396,12.189580917,0.000696911,0.738687575,-0.013602699,-0.673910439
1713723162527864576.000000,-8.008377075,0.420609623,12.188222885,0.002249530,0.738593280,-0.013658194,-0.674009264
1713723162561222912.000000,-8.022807121,0.423144937,12.185771942,0.003075287,0.739229918,-0.009329655,-0.673381567
1713723162594581504.000000,-8.036823273,0.424320161,12.184492111,-0.003202070,-0.739395320,0.011020258,0.673173785
1713723162627939840.000000,-8.050571442,0.422616392,12.185146332,0.001186627,0.739805162,-0.013217687,-0.672690272
1713723162661298432.000000,-8.064981461,0.425315857,12.183417320,0.004255822,0.740199268,-0.010615570,-0.672290385
1713723162694657024.000000,-8.079290390,0.427937061,12.181337357,0.004940680,0.740964353,-0.008902956,-0.671467245
1713723162728015360.000000,-8.091726303,0.431422949,12.178995132,-0.003814513,-0.741334617,0.012152255,0.671014726
1713723162761373696.000000,-8.107530594,0.423764378,12.178003311,0.003442944,0.741575062,-0.013014605,-0.670734882
1713723162794732032.000000,-8.122867584,0.425465375,12.175836563,0.005900381,0.742202878,-0.008818146,-0.670091331
1713723162828090880.000000,-8.136346817,0.426187307,12.174413681,0.005905178,0.742675483,-0.010683327,-0.669540346
1713723162861449216.000000,-8.148211479,0.426693946,12.173037529,-0.004618261,-0.742898405,0.012735354,0.669267118
1713723162894807552.000000,-8.166227341,0.429800063,12.172574043,0.006036853,0.743290782,-0.012159859,-0.668830693
1713723162928165888.000000,-8.180486679,0.430274278,12.170412064,0.006065186,0.743826210,-0.010958763,-0.668255746
1713723162961524480.000000,-8.193718910,0.429153562,12.168914795,0.006272276,0.744013011,-0.011398064,-0.668038487
1713723162994882816.000000,-8.200391769,0.425917566,12.167362213,-0.004249926,-0.744008064,0.012982578,0.668031037
1713723163028241152.000000,-8.218879700,0.430272758,12.165993690,-0.006961573,-0.744403839,0.011188764,0.667599678
1713723163061600256.000000,-8.233901978,0.428764492,12.163047791,0.006485649,0.744560242,-0.010745097,-0.667437434
1713723163094958592.000000,-8.246577263,0.427304447,12.162289619,0.005381542,0.744583368,-0.012427447,-0.667392194
1713723163128316928.000000,-8.258859634,0.427757829,12.161317825,0.004321385,0.744390309,-0.014001149,-0.667584121
1713723163161675264.000000,-8.273843765,0.428712368,12.160232544,-0.006708176,-0.744692564,0.010655437,0.667288959
1713723163195033856.000000,-8.299766541,0.424573720,12.154309273,0.006713742,0.744780362,-0.010745502,-0.667189419
1713723163228391936.000000,-8.311644554,0.423750877,12.153274536,0.003753195,0.744897664,-0.013548027,-0.667030632
1713723163261772032.000000,-8.325536728,0.424133569,12.152378082,0.005600496,0.744952500,-0.012303575,-0.666980505
1713723163295151872.000000,-8.341642380,0.424812168,12.149690628,-0.006581558,-0.745127559,0.010187454,0.666811705
1713723163328532736.000000,-8.355172157,0.423384428,12.148881912,0.006046014,0.745369494,-0.011183028,-0.666530430
1713723163361913344.000000,-8.367542267,0.422910035,12.147823334,0.003702658,0.745228708,-0.014858400,-0.666633248
1713723163395294720.000000,-8.382921219,0.423552722,12.146352768,0.007079950,0.745460331,-0.010719877,-0.666426241
1713723163428676096.000000,-8.396734238,0.422992319,12.144655228,-0.006670499,-0.745736539,0.010563578,0.666123867
1713723163462057472.000000,-8.410045624,0.423316151,12.145105362,0.005268551,0.745852947,-0.012865798,-0.665965617
1713723163495440128.000000,-8.422806740,0.424002677,12.144067764,0.004626076,0.745798469,-0.013991977,-0.666008711
1713723163528822016.000000,-8.437881470,0.424808592,12.142791748,0.006911898,0.746080339,-0.009995048,-0.665745080
1713723163562204672.000000,-8.450745583,0.425037473,12.142063141,-0.006329860,-0.745943546,0.012131395,0.665868640
1713723163595587584.000000,-8.470028877,0.423802167,12.136641502,0.005669842,0.745883942,-0.013386446,-0.665917277
1713723163628970496.000000,-8.483226776,0.424706221,12.135471344,0.006190005,0.745913982,-0.013099387,-0.665884793
1713723163662353664.000000,-8.497190475,0.425452679,12.134147644,0.006681665,0.746138453,-0.011823312,-0.665652394
1713723163695737600.000000,-8.510108948,0.425185114,12.133149147,-0.006128272,-0.745975196,0.012905628,0.665820599
1713723163729121792.000000,-8.523401260,0.425472468,12.132934570,0.004964799,0.746119440,-0.014373444,-0.665638506
1713723163762505472.000000,-8.537120819,0.426957697,12.131464005,0.006441338,0.746196926,-0.012441248,-0.665577888
1713723163795890432.000000,-8.550868988,0.428039938,12.129918098,0.006155219,0.746284664,-0.011749783,-0.665494800
1713723163829275136.000000,-8.562717438,0.428642213,12.129116058,-0.004756279,-0.746088088,0.013807101,0.665687144
1713723163862660096.000000,-8.579288483,0.428163111,12.128881454,0.004414700,0.745932460,-0.014525212,-0.665848672
1713723163896045568.000000,-8.593950272,0.429960519,12.127250671,0.006076727,0.746141911,-0.010999348,-0.665668428
1713723163929431552.000000,-8.607534409,0.429857820,12.125867844,0.005540604,0.746088564,-0.011626972,-0.665722251
1713723163962817536.000000,-8.619396210,0.430736572,12.125927925,-0.003539350,-0.745855331,0.014947739,0.665930867
1713723163996203776.000000,-8.638280869,0.429437131,12.121001244,0.005222272,0.745779216,-0.012893566,-0.666047990
1713723164029590016.000000,-8.652406693,0.430790871,12.119775772,0.005229670,0.745902658,-0.011694027,-0.665931880
1713723164062976768.000000,-8.665153503,0.430156827,12.118864059,0.004377381,0.745902956,-0.013263142,-0.665908217
1713723164096364032.000000,-8.673267365,0.432492435,12.121785164,-0.002979899,-0.745763540,0.015348986,0.666027308
1713723164129751552.000000,-8.693835258,0.430834711,12.116496086,0.005110177,0.745793641,-0.011623132,-0.666056097
1713723164163138816.000000,-8.707574844,0.431544960,12.114916801,0.005126058,0.745700598,-0.012062059,-0.666152298
1713723164196527104.000000,-8.719947815,0.430708230,12.113669395,0.002567632,0.745701790,-0.014364964,-0.666120172
1713723164229914112.000000,-8.733970642,0.431830049,12.112816811,-0.003924226,-0.745677948,0.013827170,0.666151583
1713723164263271424.000000,-8.750457764,0.431347430,12.110855103,0.005284113,0.745984495,-0.011194935,-0.665848315
1713723164296627456.000000,-8.764202118,0.431597650,12.109656334,0.005081834,0.745702326,-0.012302662,-0.666146398
1713723164329984256.000000,-8.776449203,0.431561381,12.108408928,0.002375513,0.745715380,-0.014630586,-0.666099846
1713723164363340544.000000,-8.790972710,0.433153391,12.107237816,-0.004816478,-0.745533288,0.013110613,0.666322112
1713723164396697344.000000,-8.808119774,0.435100108,12.099606514,0.004457549,0.745330036,-0.010547665,-0.666597426
1713723164430053376.000000,-8.821281433,0.434758335,12.098659515,0.003718164,0.745020151,-0.012498640,-0.666914642
1713723164463410176.000000,-8.833456039,0.435679495,12.097443581,0.001708689,0.744753838,-0.014793930,-0.667173207
1713723164496766208.000000,-8.845857620,0.437397152,12.101316452,-0.004182959,-0.745140731,0.010651262,0.666809142
1713723164530122752.000000,-8.863294601,0.433048427,12.099691391,0.003200650,0.744851530,-0.011263444,-0.667127490
1713723164563479552.000000,-8.876203537,0.433043003,12.098777771,0.002194870,0.744600892,-0.012773125,-0.667384148
1713723164596835840.000000,-8.889633179,0.434961617,12.097282410,0.002200800,0.744516909,-0.011692948,-0.667497575
1713723164630192640.000000,-8.903556824,0.435823768,12.095739365,-0.002385308,-0.744625688,0.010919287,0.667388737
1713723164663548928.000000,-8.915443420,0.433820814,12.093842506,0.002581380,0.744338691,-0.011035418,-0.667706251
1713723164696905728.000000,-8.928089142,0.434250355,12.092481613,0.000492097,0.744499624,-0.012195945,-0.667511344
1713723164730261760.000000,-8.942117691,0.435181797,12.091525078,0.002364995,0.744300306,-0.011151400,-0.667747855
1713723164763618560.000000,-8.959876060,0.436371773,12.088953018,-0.001443728,-0.744361699,0.010135686,0.667698264
1713723164796974336.000000,-8.980428696,0.438866198,12.083498955,0.001177624,0.744205534,-0.011470525,-0.667851150
1713723164830331136.000000,-8.993520737,0.439736366,12.082144737,-0.000495689,0.743989766,-0.013827547,-0.668047845
1713723164863687168.000000,-9.009068489,0.441328228,12.080732346,0.002160958,0.744130969,-0.010853627,-0.667942226
1713723164897043712.000000,-9.021381378,0.441154301,12.078838348,-0.001511463,-0.744354248,0.011013283,0.667692482
1713723164930400256.000000,-9.034400940,0.441537976,12.078795433,0.001033552,0.744401753,-0.012388377,-0.667616308
1713723164963756544.000000,-9.047151566,0.441374838,12.077652931,0.000064849,0.744303524,-0.014287369,-0.667688787
1713723164997113088.000000,-9.062170982,0.442193478,12.076080322,0.002336849,0.744403481,-0.011261867,-0.667631090
1713723165030469120.000000,-9.075988770,0.441106856,12.074845314,-0.001883760,-0.744412839,0.011002536,0.667626381
1713723165063825920.000000,-9.088548660,0.442390472,12.075750351,0.000471900,0.744318247,-0.013930953,-0.667679667
1713723165097181696.000000,-9.101915359,0.443042934,12.074553490,0.000718604,0.744309485,-0.012858385,-0.667710781
1713723165130538496.000000,-9.117058754,0.443762988,12.072896004,0.002417465,0.744534552,-0.009663971,-0.667509675
1713723165163894784.000000,-9.131411552,0.438780427,12.069332123,-0.001530597,-0.744333863,0.011588335,0.667705476
1713723165197251072.000000,-9.146050453,0.443755209,12.070243835,0.000894832,0.744293630,-0.014452670,-0.667695522
1713723165230607872.000000,-9.160395622,0.444330543,12.068568230,0.001713377,0.744528055,-0.011628330,-0.667487681
1713723165263965952.000000,-9.175077438,0.444595397,12.067133904,0.002547733,0.744571030,-0.010554174,-0.667455018
1713723165297324288.000000,-9.188010216,0.443855286,12.066821098,-0.001457468,-0.744344711,0.012662125,0.667674005
1713723165330682368.000000,-9.201431274,0.443065286,12.066370010,0.000713972,0.744169116,-0.014301366,-0.667837918
1713723165364040960.000000,-9.216442108,0.444139421,12.064569473,0.002230590,0.744276226,-0.010195728,-0.667790473
1713723165397399040.000000,-9.229900360,0.443988472,12.063460350,0.001416101,0.744220972,-0.011282778,-0.667836785
1713723165430757376.000000,-9.242765427,0.443808109,12.063810349,-0.001324302,-0.743921220,0.013904576,0.668121457
1713723165464115456.000000,-9.260314941,0.445322752,12.058769226,0.001457474,0.743881106,-0.011419668,-0.668212891
1713723165497473792.000000,-9.274080276,0.445564866,12.057786942,0.001280697,0.743686080,-0.011725962,-0.668425024
1713723165530832128.000000,-9.287101746,0.445033610,12.057333946,0.001129990,0.743478119,-0.013101640,-0.668631017
1713723165564190208.000000,-9.295980453,0.444261312,12.059300423,-0.000391368,-0.743589342,0.012497347,0.668519735
1713723165597548544.000000,-9.315609932,0.445741624,12.055469513,0.001042157,0.743370414,-0.011739214,-0.668776274
1713723165630906880.000000,-9.328643799,0.445630670,12.054372787,0.000480662,0.743161023,-0.012969718,-0.668986857
1713723165664265216.000000,-9.341943741,0.444750965,12.053374290,-0.000088114,0.743130267,-0.012391499,-0.669032037
1713723165697623296.000000,-9.355876923,0.444227278,12.052240372,-0.000188372,-0.742817998,0.013315106,0.669360995
1713723165730981632.000000,-9.369709015,0.445618510,12.050886154,0.000268501,0.742873132,-0.011678431,-0.669330299
1713723165764339968.000000,-9.383327484,0.445244372,12.049632072,0.000348824,0.742571354,-0.012329887,-0.669653475
1713723165797698304.000000,-9.396163940,0.444120347,12.048284531,-0.001651810,0.742600441,-0.013674990,-0.669593036
1713723165831056640.000000,-9.410095215,0.443693906,12.047734261,-0.000125295,-0.742428958,0.012343691,0.669811189
1713723165864414464.000000,-9.429807663,0.447031140,12.041200638,-0.001499218,0.742580175,-0.012524487,-0.669638455
1713723165897773312.000000,-9.442981720,0.446140558,12.040766716,-0.000605598,0.742201984,-0.014593512,-0.670017123
1713723165931131136.000000,-9.456304550,0.446187228,12.039514542,-0.001871228,0.742417455,-0.013958811,-0.669789612
1713723165964489472.000000,-9.471256256,0.446305633,12.039164543,0.001076471,-0.742234349,0.013061672,0.670012355
1713723165997847552.000000,-9.483184814,0.446030200,12.037616730,-0.003016924,0.742309153,-0.014236007,-0.669899583
1713723166031206400.000000,-9.496858597,0.445862919,12.037313461,-0.001897987,0.742000043,-0.014638951,-0.670237303
1713723166064564224.000000,-9.510637283,0.446066380,12.036041260,-0.003089430,0.742135406,-0.013057739,-0.670115769
1713723166097922560.000000,-9.524723053,0.445750237,12.035042763,0.002102390,-0.741868436,0.013750046,0.670401275
1713723166131280896.000000,-9.536662102,0.446201593,12.034530640,-0.004631057,0.742108524,-0.014872710,-0.670098782
1713723166164639232.000000,-9.550333023,0.446789324,12.033837318,-0.003189297,0.741845191,-0.014875106,-0.670398653
1713723166197997568.000000,-9.565002441,0.448105931,12.032610893,-0.002528908,0.741921186,-0.012714686,-0.670361817
1713723166231355904.000000,-9.578674316,0.447588980,12.031988144,0.003180188,-0.742024601,0.013404878,0.670231104
1713723166264713984.000000,-9.594669342,0.447037250,12.028243065,-0.005302546,0.741753519,-0.016664144,-0.670444667
1713723166298072576.000000,-9.609428406,0.448356003,12.027417183,-0.002418509,0.741929650,-0.013870682,-0.670329869
1713723166331430656.000000,-9.623891830,0.449065387,12.026050568,-0.002940399,0.742174029,-0.012398575,-0.670086145
1713723166364788992.000000,-9.636646271,0.448321670,12.024987221,0.003367792,-0.741902292,0.015553502,0.670319200
1713723166398147072.000000,-9.649980545,0.448939711,12.023585320,-0.004875676,0.741929054,-0.015966035,-0.670270562
1713723166431505664.000000,-9.664999962,0.450032413,12.022563934,-0.002128408,0.741842985,-0.013705179,-0.670430303
1713723166464864000.000000,-9.678900719,0.450280190,12.021751404,-0.002342641,0.741979480,-0.014163139,-0.670268953
1713723166498222080.000000,-9.691555023,0.450498611,12.020482063,0.003930435,-0.741982341,0.016198898,0.670212209
1713723166531580416.000000,-9.705720901,0.449191272,12.019973755,-0.002931251,0.741980195,-0.015704287,-0.670231462
1713723166564939008.000000,-9.720285416,0.450394452,12.018620491,-0.002606295,0.742081642,-0.014032985,-0.670157552
1713723166598297088.000000,-9.734186172,0.450095862,12.017534256,-0.002786624,0.742072046,-0.014730421,-0.670152545
1713723166631655424.000000,-9.746349335,0.451102316,12.016410828,0.005002946,-0.741847515,0.017239267,0.670328379
1713723166665014016.000000,-9.764260292,0.452537119,12.011334419,-0.002643829,0.741648495,-0.014693596,-0.670622647
1713723166698372352.000000,-9.778360367,0.454053700,12.009695053,-0.003186950,0.741897523,-0.013716575,-0.670365453
1713723166731730432.000000,-9.791381836,0.454066783,12.009264946,-0.003348468,0.741683960,-0.016237384,-0.670544624
1713723166765088768.000000,-9.801099777,0.455888718,12.010702133,0.003832742,-0.741703510,0.016847739,0.670505345
1713723166798447360.000000,-9.819899559,0.454951763,12.007462502,-0.001805604,0.741757035,-0.014610478,-0.670507193
1713723166831805696.000000,-9.833600998,0.456158787,12.006003380,-0.001840336,0.741905093,-0.014824487,-0.670338571
1713723166865163776.000000,-9.846147537,0.456489623,12.004693985,-0.003525336,0.741982639,-0.017444387,-0.670182884
1713723166898522112.000000,-9.857969284,0.459452689,12.002531052,0.002025239,-0.741847456,0.016373739,0.670365751
1713723166931880704.000000,-9.875163078,0.455644757,12.002849579,-0.001834745,0.742054045,-0.014830716,-0.670173585
1713723166965239040.000000,-9.888261795,0.455743134,12.001801491,-0.001741471,0.741938472,-0.016751353,-0.670256555
1713723166998597376.000000,-9.900745392,0.456404775,12.000351906,-0.003188591,0.741915882,-0.018036712,-0.670242846
1713723167031955712.000000,-9.915200233,0.457996488,11.999689102,0.001680608,-0.741776705,0.016672686,0.670437634
1713723167065314304.000000,-9.933133125,0.455270886,12.001002312,-0.001939110,0.741872132,-0.016322659,-0.670339882
1713723167098672640.000000,-9.946507454,0.455673486,11.999859810,-0.002097338,0.741902471,-0.017321683,-0.670280814
1713723167132030720.000000,-9.959502220,0.456355900,11.998487473,-0.002655219,0.741821527,-0.018211851,-0.670344830
1713723167165389056.000000,-9.973773003,0.457614005,11.996817589,0.001270782,-0.741855562,0.017366342,0.670333624
1713723167198747904.000000,-9.988403320,0.456434518,11.996933937,-0.001426232,0.741895318,-0.016760515,-0.670304656
1713723167232106240.000000,-10.001293182,0.456292659,11.995428085,-0.002603388,0.741816342,-0.019010356,-0.670328557
1713723167265465088.000000,-10.014841080,0.457239121,11.994054794,-0.001933238,0.741602898,-0.018623224,-0.670577824
1713723167298824192.000000,-10.029386520,0.458019823,11.992869377,0.001114473,-0.741213858,0.017094461,0.671050429
1713723167332182784.000000,-10.043179512,0.456407607,11.994633675,-0.001950143,0.740357578,-0.017784214,-0.671975255
1713723167365541632.000000,-10.055914879,0.456767678,11.994829178,-0.002877495,0.738982737,-0.020160198,-0.673416615
1713723167398900736.000000,-10.070564270,0.458234757,11.994796753,-0.001133553,0.737661004,-0.017519468,-0.674943089
1713723167432259840.000000,-10.085231781,0.459198475,11.995474815,0.001009748,-0.736358702,0.017100995,0.676374555
1713723167465618944.000000,-10.103633881,0.456737161,11.999775887,-0.002833845,0.735151947,-0.019621775,-0.677612424
1713723167498977536.000000,-10.117214203,0.458285451,12.000692368,-0.002050764,0.733494520,-0.018865149,-0.679430425
1713723167532336640.000000,-10.132661819,0.460511267,12.001797676,0.000353781,0.731793046,-0.015680131,-0.681346416
1713723167565695488.000000,-10.146327019,0.460882425,12.003346443,0.001030394,-0.730199099,0.017487964,0.683009923
1713723167599054336.000000,-10.158353806,0.460419565,12.004411697,-0.003199400,0.728425562,-0.020052601,-0.684823990
1713723167632413952.000000,-10.173250198,0.462486148,12.005732536,0.000052461,0.726738572,-0.016763436,-0.686709702
1713723167665772800.000000,-10.187988281,0.463195324,12.006799698,0.000233373,0.725121677,-0.015406035,-0.688448429
1713723167699131392.000000,-10.200487137,0.462881029,12.008640289,0.001582970,-0.723212898,0.019227963,0.690355718
1713723167732490496.000000,-10.215879440,0.461292028,12.011022568,-0.001342051,0.721776009,-0.017244410,-0.691910565
1713723167765849600.000000,-10.230989456,0.462845266,12.012555122,0.000898219,0.719948351,-0.015400300,-0.693856180
1713723167799208704.000000,-10.244034767,0.462517381,12.013858795,-0.000260755,0.718356550,-0.016810456,-0.695472002
1713723167832567808.000000,-10.257790565,0.466049165,12.009133339,0.001443615,-0.716312468,0.018499212,0.697533011
1713723167865926656.000000,-10.275753021,0.462224483,12.020287514,0.001154659,0.715460241,-0.015340379,-0.698484182
1713723167899285504.000000,-10.290414810,0.463400006,12.020343781,0.000980066,0.714419961,-0.014556988,-0.699565113
1713723167932645120.000000,-10.303070068,0.463181019,12.020584106,-0.001364227,0.713439822,-0.017918296,-0.700486124
1713723167966004224.000000,-10.316397667,0.465622485,12.021184921,-0.000710246,-0.712679029,0.016093215,0.701305330
1713723167999363072.000000,-10.332946777,0.464805067,12.024198532,0.001933539,0.712227285,-0.013167410,-0.701822817
1713723168032721920.000000,-10.346322060,0.464130104,12.024885178,0.001225956,0.711220205,-0.015889773,-0.702788591
1713723168066081024.000000,-10.359358788,0.464770913,12.025240898,-0.000248247,0.710480452,-0.017133093,-0.703508317
1713723168099440384.000000,-10.375624657,0.465090156,12.025846481,-0.002721423,-0.710030556,0.013598506,0.704034388
1713723168132799488.000000,-10.390050888,0.465514064,12.029034615,-0.002614712,-0.709616661,0.014052058,0.704443038
1713723168166158080.000000,-10.403145790,0.465245813,12.029546738,-0.001166288,-0.709029734,0.016483380,0.704985023
1713723168199517184.000000,-10.417856216,0.466151297,12.029783249,-0.003209854,-0.708598614,0.014211023,0.705461442
1713723168232877568.000000,-10.432842255,0.466597617,12.030362129,-0.002953177,-0.708155453,0.013461803,0.705922127
1713723168266233088.000000,-10.446134567,0.470459700,12.030417442,-0.003072481,-0.707449973,0.014955206,0.706598520
1713723168299589376.000000,-10.459573746,0.471192539,12.030372620,-0.001681725,-0.707111001,0.015515127,0.706930339
1713723168332945920.000000,-10.474808693,0.472549468,12.030552864,-0.004685102,-0.706943393,0.013014738,0.707134843
1713723168366301696.000000,-10.489724159,0.472110093,12.030879021,-0.004600796,-0.706799567,0.013245721,0.707274973
1713723168399657728.000000,-10.501761436,0.470663577,12.033600807,-0.003359772,-0.706716716,0.014833254,0.707333148
1713723168433014272.000000,-10.516272545,0.471205056,12.034095764,-0.005199278,-0.706364036,0.014217016,0.707686901
1713723168466370048.000000,-10.531298637,0.471922696,12.034182549,-0.005487961,-0.706423283,0.012242653,0.707662582
1713723168499726336.000000,-10.545602798,0.470734775,12.034665108,-0.005911463,-0.705935597,0.012464674,0.708141744
1713723168533082368.000000,-10.557505608,0.473763466,12.035090446,-0.002978382,-0.705709219,0.014794708,0.708340883
1713723168566438144.000000,-10.572373390,0.474636585,12.035127640,-0.006278958,-0.705736279,0.012337929,0.708339453
1713723168599794432.000000,-10.586913109,0.475788593,12.034696579,-0.005937730,-0.705833375,0.011565695,0.708258569
1713723168633150464.000000,-10.601121902,0.475040466,12.034286499,-0.004504464,-0.705692291,0.013159023,0.708382010
1713723168666506240.000000,-10.617249489,0.475874335,12.037096977,-0.004053316,-0.705451667,0.014371182,0.708600760
1713723168699862528.000000,-10.632987976,0.476424247,12.036829948,-0.006413377,-0.705699682,0.011028838,0.708396316
1713723168733218304.000000,-10.647462845,0.476152360,12.036548615,-0.006108804,-0.705390036,0.011382015,0.708701730
1713723168766574080.000000,-10.659776688,0.476646155,12.036317825,-0.002994848,-0.705138624,0.015621826,0.708891094
1713723168799930368.000000,-10.675139427,0.476331741,12.037475586,-0.005731232,-0.705125809,0.013200848,0.708936214
1713723168833286400.000000,-10.690340996,0.477724105,12.036418915,-0.005921883,-0.705309868,0.010737943,0.708793104
1713723168866641920.000000,-10.703628540,0.476136029,12.036503792,-0.005087893,-0.705080509,0.012753187,0.708994389
1713723168899997952.000000,-10.716033936,0.477671832,12.035696030,-0.003284559,-0.704723001,0.015482546,0.709306061
1713723168933354240.000000,-10.731743813,0.476446331,12.037654877,-0.006226940,-0.704936326,0.011181212,0.709155142
1713723168966709760.000000,-10.746147156,0.477353483,12.036930084,-0.005713511,-0.704830110,0.011934034,0.709252834
1713723169000065792.000000,-10.759579659,0.475699008,12.036809921,-0.003669945,-0.704650939,0.014280238,0.709401011
1713723169033422336.000000,-10.774230003,0.476463497,12.036305428,-0.003975911,-0.704582810,0.014008131,0.709472418
1713723169066777600.000000,-10.790956497,0.473749131,12.040021896,-0.005727239,-0.704872191,0.011715245,0.709214509
1713723169100133632.000000,-10.805533409,0.473497540,12.039839745,-0.005103837,-0.704576731,0.012653666,0.709496737
1713723169133489664.000000,-10.818290710,0.472703040,12.039478302,-0.001840651,-0.704569757,0.015934046,0.709453464
1713723169166845440.000000,-10.833366394,0.472757608,12.039450645,-0.004294348,-0.704579413,0.014062265,0.709472835
1713723169200200960.000000,-10.847242355,0.471796662,12.041244507,-0.004200602,-0.704770088,0.012903689,0.709306061
1713723169233556992.000000,-10.861052513,0.470260024,12.041473389,-0.003017866,-0.704582036,0.014590953,0.709466219
1713723169266912768.000000,-10.873531342,0.472274423,12.042748451,-0.000966847,-0.704368114,0.017243596,0.709624887
1713723169300268032.000000,-10.889709473,0.472053319,12.041397095,-0.004016669,-0.704588890,0.013935724,0.709467590
1713723169333623296.000000,-10.903605461,0.469921589,12.043230057,-0.003702583,-0.704661965,0.014219020,0.709391117
1713723169366978048.000000,-10.916328430,0.468928993,12.043776512,-0.000793922,-0.704396307,0.017498018,0.709590793
1713723169400333568.000000,-10.930086136,0.470681906,12.044205666,-0.001279783,-0.704150200,0.017670730,0.709830046
1713723169433688832.000000,-10.944996834,0.472432256,12.044478416,-0.002789447,-0.704347193,0.014695941,0.709698081
1713723169467044096.000000,-10.959955215,0.471409976,12.051081657,-0.002340410,-0.704036057,0.016692877,0.709964216
1713723169500399360.000000,-10.972351074,0.471287936,12.051603317,0.000744825,-0.703898311,0.019588135,0.710030258
1713723169533754880.000000,-10.986898422,0.473040581,12.052133560,-0.001505527,-0.703663170,0.017708110,0.710311532
1713723169567110144.000000,-11.001400948,0.472758263,12.052591324,-0.000851028,-0.703557730,0.016304197,0.710450649
1713723169600465408.000000,-11.015165329,0.472215056,12.053212166,-0.000442129,-0.702937126,0.017959753,0.711025119
1713723169633820416.000000,-11.027643204,0.472174287,12.053843498,0.002193167,-0.702539623,0.020458205,0.711347222
1713723169667175424.000000,-11.042815208,0.473534703,12.054283142,-0.000506544,-0.702253222,0.017033916,0.711723268
1713723169700530688.000000,-11.058073997,0.473171830,12.054720879,0.000249344,-0.702019870,0.016733985,0.711960733
1713723169733885696.000000,-11.071140289,0.474712312,12.055774689,0.002231643,-0.701610744,0.019539529,0.712289035
1713723169767240960.000000,-11.084545135,0.475571662,12.056246758,0.002969412,-0.701221287,0.019989341,0.712657213
1713723169800595968.000000,-11.100325584,0.476782024,12.056284904,0.000676253,-0.701244712,0.015752645,0.712746382
1713723169833951232.000000,-11.115178108,0.475544363,12.057006836,0.001302194,-0.700843275,0.017858643,0.713090599
1713723169867306240.000000,-11.124050140,0.474758625,12.057540894,0.002989744,-0.700469255,0.019476850,0.713410497
1713723169900661504.000000,-11.138943672,0.475574017,12.058062553,0.001506955,-0.700260878,0.017551482,0.713669658
1713723169934016512.000000,-11.154054642,0.476468682,12.058536530,0.001452724,-0.700150549,0.016601933,0.713800788
1713723169967371264.000000,-11.167326927,0.476210564,12.059162140,0.001637786,-0.699755609,0.017779792,0.714159191
1713723170000726272.000000,-11.179236412,0.477960318,12.060170174,0.003471625,-0.699567974,0.018999096,0.714305103
1713723170034081280.000000,-11.193998337,0.479394346,12.060667038,0.001478380,-0.699267387,0.017344128,0.714648366
1713723170067436288.000000,-11.208418846,0.480577081,12.060925484,0.001891050,-0.699235141,0.016919345,0.714689076
1713723170100791296.000000,-11.222564697,0.481057316,12.061782837,0.003225331,-0.698995709,0.018669959,0.714874864
1713723170134146304.000000,-11.235561371,0.480425328,12.061948776,0.003196996,-0.698699355,0.019211948,0.715150297
1713723170167501056.000000,-11.250811577,0.482313186,12.062574387,0.001127644,-0.698657095,0.017184297,0.715249479
1713723170200856064.000000,-11.265325546,0.483002096,12.063122749,0.001268335,-0.698350132,0.017496496,0.715541422
1713723170234211072.000000,-11.277650833,0.484177023,12.063879967,0.003654646,-0.698271036,0.019888451,0.715547860
1713723170267566336.000000,-11.292910576,0.477391213,12.067916870,0.000896955,-0.698081076,0.018306294,0.715784192
1713723170300922368.000000,-11.307914734,0.479162663,12.068066597,0.000875456,-0.698062956,0.015958177,0.715858102
1713723170334278400.000000,-11.320946693,0.478981763,12.068522453,0.002060110,-0.697608829,0.018380793,0.716240168
1713723170367634176.000000,-11.333737373,0.480491668,12.069419861,0.002770176,-0.697383940,0.019624444,0.716423690
1713723170400989696.000000,-11.349361420,0.478102624,12.070312500,0.001138710,-0.697353065,0.016423464,0.716538668
1713723170434345472.000000,-11.363184929,0.478176653,12.071005821,0.001842990,-0.697021484,0.017459413,0.716835380
1713723170467701760.000000,-11.375535011,0.478057355,12.071484566,0.004320534,-0.696737349,0.020299936,0.717026114
1713723170501057024.000000,-11.389968872,0.480035216,12.070717812,0.002429513,-0.696617901,0.017711751,0.717219532
1713723170534412800.000000,-11.406275749,0.477209479,12.072803497,0.002812782,-0.696558118,0.016703159,0.717300475
1713723170567768576.000000,-11.419445038,0.477064401,12.073468208,0.003284198,-0.696191490,0.018493766,0.717610419
1713723170601124608.000000,-11.431841850,0.477870136,12.073191643,0.006029669,-0.695860267,0.019961573,0.717874408
1713723170634480128.000000,-11.445656776,0.479515702,12.074267387,0.002913145,-0.695681274,0.017580073,0.718129516
1713723170667835648.000000,-11.462327003,0.475608438,12.076608658,0.002732612,-0.695642471,0.016702915,0.718188822
1713723170701191424.000000,-11.474837303,0.475509226,12.077076912,0.004516112,-0.695172250,0.018642472,0.718587339
1713723170734547456.000000,-11.487564087,0.477031112,12.077157021,0.005076603,-0.694712102,0.019375233,0.719009101
1713723170767902976.000000,-11.502865791,0.478645504,12.077159882,0.003147622,-0.694637954,0.016596705,0.719161153
1713723170801258240.000000,-11.518872261,0.477739960,12.079209328,0.003004774,-0.694269478,0.016280390,0.719524801
1713723170834614016.000000,-11.531395912,0.477461934,12.079350471,0.005814468,-0.693985701,0.018836221,0.719718993
1713723170867969792.000000,-11.545631409,0.478808135,12.079706192,0.003815616,-0.693671227,0.017511556,0.720068812
1713723170901325568.000000,-11.561299324,0.480078250,12.079855919,0.002940218,-0.693678737,0.015883585,0.720103502
1713723170934680576.000000,-11.575628281,0.478923023,12.081674576,0.003015391,-0.693361878,0.017805582,0.720363259
1713723170968036352.000000,-11.588530540,0.479349166,12.081488609,0.004804441,-0.693301737,0.018729573,0.720387995
1713723171001391872.000000,-11.603129387,0.480094373,12.082003593,0.002745685,-0.693045318,0.017145276,0.720684946
1713723171034747648.000000,-11.617272377,0.480466723,12.082197189,0.002868872,-0.692979634,0.017159369,0.720747232
1713723171068103168.000000,-11.627518654,0.479818404,12.086028099,0.003960277,-0.692875028,0.018618355,0.720806479
1713723171101458432.000000,-11.641084671,0.480525166,12.086179733,0.003633082,-0.692585707,0.018447105,0.721090615
1713723171134813952.000000,-11.655410767,0.481480241,12.086809158,0.002884770,-0.692375660,0.017508905,0.721319020
1713723171168169472.000000,-11.670982361,0.481902689,12.087177277,0.002756718,-0.692079127,0.017865142,0.721595287
1713723171201525248.000000,-11.682541847,0.481312454,12.090066910,0.004234853,-0.691965282,0.019071773,0.721666455
1713723171234880768.000000,-11.697180748,0.482030094,12.090598106,0.002877890,-0.691606581,0.018628227,0.722028494
1713723171268017664.000000,-11.712038040,0.483016312,12.091064453,0.002672956,-0.691434741,0.017169485,0.722229958
1713723171301744640.000000,-11.726284981,0.483131737,12.092185020,0.002929485,-0.691216230,0.018444983,0.722406745
1713723171335473664.000000,-11.739523888,0.482809633,12.094841957,0.003088591,-0.691045463,0.019198449,0.722549796
1713723171369204992.000000,-11.754321098,0.483804435,12.095605850,0.002322131,-0.690949142,0.017718632,0.722682536
1713723171402939392.000000,-11.768953323,0.484213680,12.096459389,0.002160785,-0.690850616,0.017790178,0.722775400
1713723171436675584.000000,-11.782661438,0.484803528,12.097824097,0.002347608,-0.690547884,0.019006548,0.723033130
1713723171470413824.000000,-11.797035217,0.480167121,12.100938797,0.001449547,-0.690417826,0.017931599,0.723187149
1713723171504154624.000000,-11.811645508,0.481196433,12.101712227,0.001151481,-0.690256357,0.017306335,0.723357081
1713723171537898240.000000,-11.826260567,0.481232345,12.102596283,0.001212830,-0.690073609,0.017463088,0.723527551
1713723171571644160.000000,-11.840160370,0.481460720,12.103581429,0.001102427,-0.689696729,0.018157365,0.723869920
1713723171605391616.000000,-11.854057312,0.482282579,12.105552673,0.000675102,-0.689498127,0.017218381,0.724082589
1713723171639142400.000000,-11.868389130,0.482833534,12.106482506,0.000531667,-0.689185977,0.016834790,0.724388719
1713723171672895232.000000,-11.881687164,0.483435482,12.107897758,0.000873422,-0.688737452,0.018089337,0.724784672
1713723171706650624.000000,-11.896095276,0.483902663,12.108391762,0.001027872,-0.688529670,0.017057421,0.725006819
1713723171740408064.000000,-11.909940720,0.484109491,12.110655785,0.001063606,-0.687951624,0.017842956,0.725536466
1713723171774168064.000000,-11.924157143,0.484489471,12.111747742,0.000667724,-0.687825918,0.016734991,0.725682497
1713723171807930112.000000,-11.937911987,0.485104948,12.112613678,0.000463414,-0.687259257,0.016841363,0.726216853
1713723171841694720.000000,-11.952157021,0.486143827,12.112737656,0.002564067,-0.686932385,0.017808776,0.726498604
1713723171875461888.000000,-11.963702202,0.483645737,12.117929459,0.001233414,-0.686357915,0.017907679,0.727042377
1713723171909230848.000000,-11.978594780,0.485089689,12.117661476,0.001133586,-0.686188757,0.015510214,0.727257311
1713723171943002880.000000,-11.992426872,0.485502869,12.118662834,0.000959070,-0.685411453,0.016321197,0.727972388
1713723171976776960.000000,-12.004443169,0.485019267,12.120908737,0.003535223,-0.685074747,0.018507058,0.728229046
1713723172010553344.000000,-12.018619537,0.485600322,12.122874260,0.001239834,-0.684696198,0.016679332,0.728636742
1713723172044332544.000000,-12.033247948,0.485923022,12.123367310,0.001498551,-0.684510231,0.014959902,0.728848219
1713723172078113536.000000,-12.046852112,0.484611422,12.124679565,0.001101210,-0.683844388,0.016198320,0.729447305
1713723172111897344.000000,-12.060553551,0.484770000,12.125267029,0.002890246,-0.683763921,0.016865479,0.729502738
1713723172145682944.000000,-12.076556206,0.484204501,12.127367973,0.000525643,-0.683367491,0.015201014,0.729916155
1713723172179471616.000000,-12.091392517,0.484259933,12.128123283,0.000688198,-0.683219254,0.014002590,0.730078697
1713723172213262592.000000,-12.104694366,0.482457608,12.129301071,0.001476170,-0.682841361,0.015780970,0.730394781
1713723172247055616.000000,-12.117695808,0.482544333,12.129999161,0.002741638,-0.682507157,0.017074017,0.730674326
1713723172281127680.000000,-12.134784698,0.483412325,12.133127213,-0.000237497,-0.682508349,0.012986456,0.730762482
1713723172314449664.000000,-12.148522377,0.482683867,12.134105682,0.000616854,-0.682281077,0.013769029,0.730960011
1713723172347770112.000000,-12.161331177,0.481913000,12.135717392,0.000283803,-0.681617856,0.016359227,0.731525481
1713723172381091328.000000,-12.175607681,0.482444644,12.135894775,0.000034570,-0.681799829,0.013729615,0.731410027
1713723172414411776.000000,-12.191552162,0.483392268,12.138648987,-0.000341388,-0.681807101,0.013737217,0.731402993
1713723172447731968.000000,-12.205086708,0.483228475,12.139858246,-0.000528298,-0.681372643,0.014424551,0.731794417
1713723172481051904.000000,-12.218634605,0.483233124,12.140737534,0.000026301,-0.681348920,0.014428599,0.731816649
1713723172514371584.000000,-12.233681679,0.483407170,12.142674446,-0.001057297,-0.681148231,0.014503471,0.732001126
1713723172547690752.000000,-12.247468948,0.487902552,12.146062851,-0.000843620,-0.680977702,0.013362084,0.732181787
1713723172581010176.000000,-12.261003494,0.486713409,12.147399902,0.000438938,-0.680695057,0.014341393,0.732426405
1713723172614328320.000000,-12.274334908,0.486691684,12.149135590,0.000877011,-0.680115163,0.016952815,0.732908785
1713723172647646720.000000,-12.289273262,0.487054408,12.150329590,-0.000888875,-0.680065036,0.012833206,0.733038962
1713723172680964608.000000,-12.302211761,0.488382816,12.152070999,-0.000451208,-0.679710865,0.013842030,0.733349502
1713723172714282240.000000,-12.314811707,0.487340152,12.153505325,0.001369294,-0.679345071,0.016540397,0.733631313
1713723172747599872.000000,-12.329247475,0.488344878,12.154589653,0.000087989,-0.679188907,0.014260369,0.733824968
1713723172780916736.000000,-12.344316483,0.487676501,12.155634880,0.000499053,-0.679067612,0.013597741,0.733949661
1713723172814233344.000000,-12.357854843,0.487039030,12.157419205,-0.000013468,-0.678473234,0.015139558,0.734469175
1713723172847549952.000000,-12.370746613,0.490499496,12.158613205,0.001913162,-0.678507924,0.015354223,0.734430194
1713723172880865792.000000,-12.385676384,0.490345329,12.160105705,0.000242010,-0.678084850,0.013869896,0.734852791
1713723172914181376.000000,-12.399446487,0.490397871,12.161592484,0.001441109,-0.677866697,0.014315635,0.735044062
1713723172947497216.000000,-12.413374901,0.489382505,12.163431168,0.001142878,-0.677489638,0.014212083,0.735394239
1713723172980811776.000000,-12.426726341,0.493748426,12.165782928,0.002225372,-0.677048624,0.015082385,0.735780418
1713723173014126848.000000,-12.441265106,0.492958575,12.167841911,0.001278625,-0.676837981,0.014098478,0.735995889
1713723173047440896.000000,-12.455160141,0.492198825,12.169778824,0.001637346,-0.676489115,0.014868428,0.736300766
1713723173080755200.000000,-12.469055176,0.491444409,12.171425819,0.002986324,-0.676281154,0.014980893,0.736485302
1713723173114068736.000000,-12.483015060,0.489525169,12.172463417,0.002252757,-0.676094353,0.014476425,0.736669481
1713723173147382528.000000,-12.497725487,0.488727748,12.175002098,0.001436302,-0.675832927,0.014395053,0.736912966
1713723173180695808.000000,-12.511679649,0.487432808,12.176755905,0.001459394,-0.675501287,0.014335725,0.737218022
1713723173214008320.000000,-12.525497437,0.486674935,12.177851677,0.003486448,-0.675394893,0.015001968,0.737295508
1713723173247320832.000000,-12.541650772,0.485725999,12.179781914,0.001707170,-0.675239325,0.013868909,0.737466395
1713723173280632320.000000,-12.555040359,0.486237437,12.180603981,0.003475594,-0.675321341,0.014247540,0.737377882
1713723173313953536.000000,-12.568933487,0.485803932,12.182367325,0.002008132,-0.675023317,0.014682309,0.737647653
1713723173347274496.000000,-12.582435608,0.486694187,12.183128357,0.003224797,-0.675081432,0.014159137,0.737600327
1713723173380595456.000000,-12.597651482,0.488272369,12.187377930,0.002555788,-0.675192952,0.014508299,0.737494111
1713723173413916416.000000,-12.610427856,0.488917053,12.188367844,0.003827334,-0.674913108,0.016027141,0.737713277
1713723173447236608.000000,-12.624353409,0.489700377,12.189712524,0.002500793,-0.674981475,0.014931532,0.737679362
1713723173480556544.000000,-12.638309479,0.490811676,12.191364288,0.002464672,-0.674853504,0.014315287,0.737808824
1713723173513875712.000000,-12.650702477,0.490691543,12.192398071,0.004605057,-0.674752414,0.015817093,0.737860322
1713723173547194624.000000,-12.664359093,0.491534084,12.193894386,0.002774455,-0.674730897,0.015455340,0.737896800
1713723173580514048.000000,-12.678410530,0.492269367,12.194937706,0.003149483,-0.674914598,0.014283043,0.737750888
1713723173613832192.000000,-12.692214012,0.492395908,12.197509766,0.002971446,-0.674604118,0.015133613,0.738018632
1713723173647150592.000000,-12.704648972,0.491439760,12.197475433,0.004654801,-0.674441576,0.016333980,0.738132894
1713723173680468480.000000,-12.718786240,0.491838485,12.198764801,0.003006751,-0.674498916,0.014902922,0.738119304
1713723173713785856.000000,-12.731952667,0.493074417,12.199677467,0.004020000,-0.674267411,0.015878405,0.738305628
1713723173747103488.000000,-12.745287895,0.494639844,12.200754166,0.003723465,-0.674385488,0.015895169,0.738198996
1713723173780420352.000000,-12.759704590,0.489199311,12.204106331,0.003265274,-0.674374819,0.015853889,0.738211811
1713723173813737216.000000,-12.773186684,0.489929169,12.204569817,0.004514487,-0.674445868,0.015600289,0.738145709
1713723173847053056.000000,-12.786188126,0.491469949,12.205181122,0.003598263,-0.674254775,0.016205752,0.738312304
1713723173880369152.000000,-12.799861908,0.493340909,12.206210136,0.004282380,-0.674452543,0.016062092,0.738131046
1713723173913684480.000000,-12.812923431,0.491768688,12.208237648,0.003086583,-0.674298406,0.015786119,0.738283873
1713723173947000320.000000,-12.825634003,0.493419647,12.208924294,0.005188861,-0.674485922,0.017025204,0.738073170
1713723173980314880.000000,-12.839704514,0.494864851,12.210199356,0.003074144,-0.674391627,0.016099164,0.738191962
1713723174013629952.000000,-12.853392601,0.496907294,12.210613251,0.003674125,-0.674525440,0.015943520,0.738070369
1713723174046944256.000000,-12.866861343,0.495140076,12.212216377,0.003333180,-0.674510837,0.015863424,0.738086998
1713723174080258048.000000,-12.879688263,0.497042447,12.212946892,0.004328717,-0.674225509,0.017065849,0.738315761
1713723174113571584.000000,-12.893609047,0.498097509,12.214116096,0.003066885,-0.674275696,0.015741425,0.738305628
1713723174146884864.000000,-12.906574249,0.499205977,12.214458466,0.003150291,-0.674109101,0.016211255,0.738447249
1713723174180197888.000000,-12.920898438,0.489541382,12.215970039,0.004063677,-0.674127340,0.015946856,0.738431811
1713723174213510656.000000,-12.934077263,0.490871221,12.216728210,0.003211372,-0.673952341,0.015759598,0.738599837
1713723174246823424.000000,-12.947717667,0.491785705,12.217487335,0.003149472,-0.674050033,0.015068498,0.738525271
1713723174280135424.000000,-12.961790085,0.491189510,12.219244957,0.002462577,-0.674001157,0.015483349,0.738564014
1713723174313470976.000000,-12.976108551,0.499062747,12.224137306,0.004752784,-0.674252093,0.017291617,0.738283515
1713723174346854656.000000,-12.990232468,0.499136776,12.225451469,0.002926745,-0.674122155,0.015910607,0.738442838
1713723174380056320.000000,-13.003107071,0.500011683,12.226273537,0.004298452,-0.674123347,0.016714595,0.738417149
1713723174413748992.000000,-13.016522408,0.500699401,12.227885246,0.003414314,-0.673917353,0.017371664,0.738594651
1713723174447443968.000000,-13.029398918,0.500288367,12.227997780,0.004089713,-0.673750341,0.016959405,0.738753140
1713723174481140736.000000,-13.043005943,0.500384092,12.229334831,0.004062288,-0.673771977,0.016697029,0.738739491
1713723174514839552.000000,-13.056125641,0.500760078,12.230791092,0.004196228,-0.673436880,0.017924745,0.739015520
1713723174548540928.000000,-13.070118904,0.501519263,12.232621193,0.004736519,-0.673564017,0.016885635,0.738920927
1713723174582243328.000000,-13.083754539,0.496019155,12.234018326,0.003379165,-0.673380852,0.016631365,0.739100993
1713723174615948800.000000,-13.096779823,0.495645553,12.234954834,0.005487004,-0.673538566,0.017682135,0.738920212
1713723174649655552.000000,-13.111003876,0.494942188,12.236499786,0.003652522,-0.673343301,0.016970532,0.739126265
1713723174683364352.000000,-13.125411987,0.494811237,12.237443924,0.004744737,-0.673621774,0.016786279,0.738870442
1713723174717075712.000000,-13.144098282,0.493524939,12.240704536,0.003611356,-0.673718512,0.016614271,0.738792539
1713723174750788864.000000,-13.156733513,0.492608279,12.241285324,0.006984119,-0.673684716,0.018189898,0.738762081
1713723174784504064.000000,-13.171256065,0.492194712,12.242921829,0.003723960,-0.673683167,0.016919585,0.738817275
1713723174818221312.000000,-13.185575485,0.491857886,12.244157791,0.003642131,-0.673853099,0.015873060,0.738685906
1713723174851940608.000000,-13.195747375,0.492025465,12.242704391,0.004613956,-0.673449278,0.016105385,0.739043593
1713723174885661952.000000,-13.208402634,0.492128015,12.243596077,0.006910592,-0.673223853,0.017221460,0.739205897
1713723174919385344.000000,-13.223627090,0.493416637,12.245251656,0.003092946,-0.673353970,0.014473394,0.739172101
1713723174953111296.000000,-13.239130020,0.492784083,12.248028755,0.003161804,-0.673532188,0.013487944,0.739028096
1713723174986838528.000000,-13.251043320,0.494028270,12.249140739,0.003949353,-0.673082352,0.016419491,0.739374757
1713723175020568064.000000,-13.265089989,0.494614780,12.250629425,0.003707321,-0.673280418,0.014760407,0.739230692
1713723175054300160.000000,-13.279705048,0.495843649,12.252591133,0.002519341,-0.673345506,0.013831748,0.739194334
1713723175088033792.000000,-13.294427872,0.495503992,12.254793167,0.002817742,-0.673450887,0.014544615,0.739083588
1713723175121769472.000000,-13.305413246,0.496033758,12.254941940,0.004837032,-0.673486650,0.016324906,0.739003301
1713723175155507200.000000,-13.320403099,0.497067899,12.256947517,0.001824395,-0.673575759,0.014402087,0.738975644
1713723175189247232.000000,-13.334764481,0.498630643,12.258014679,0.002442604,-0.673983932,0.013196839,0.738624215
1713723175222988544.000000,-13.347493172,0.499066830,12.260171890,0.002085180,-0.673735321,0.015073651,0.738816142
1713723175256732672.000000,-13.361818314,0.499200583,12.260439873,0.003921316,-0.673825026,0.015080119,0.738726616
1713723175290478592.000000,-13.376573563,0.500217497,12.262290001,0.001079931,-0.673655272,0.013623614,0.738919437
1713723175324226560.000000,-13.390769005,0.500661552,12.263613701,0.000907928,-0.673844278,0.012913713,0.738759995
1713723175357976576.000000,-13.403085709,0.500328720,12.265236855,0.002254234,-0.673732221,0.014867909,0.738822520
1713723175392006912.000000,-13.415892601,0.502330780,12.265292168,0.000868273,-0.673758209,0.014135474,0.738816261
1713723175425286656.000000,-13.430114746,0.502838969,12.266496658,0.000764111,-0.674129844,0.012625376,0.738504648
1713723175458565632.000000,-13.443915367,0.501865506,12.268639565,-0.000251220,-0.674096644,0.013574440,0.738518476
1713723175491844096.000000,-13.456984520,0.501494050,12.270152092,0.001381659,-0.674346089,0.014925740,0.738263309
1713723175525122048.000000,-13.471008301,0.502148509,12.271358490,-0.001005942,-0.674370646,0.013211342,0.738274157
1713723175558399744.000000,-13.484681129,0.502644837,12.273195267,-0.000775393,-0.674547136,0.013524639,0.738107502
1713723175591675648.000000,-13.498187065,0.502485514,12.275552750,-0.001082824,-0.674480081,0.014499006,0.738149941
1713723175624951552.000000,-13.512341499,0.502262175,12.277211189,-0.001593643,-0.674591422,0.013665893,0.738063157
1713723175658226688.000000,-13.526610374,0.503893614,12.278031349,-0.001132510,-0.674541712,0.014287452,0.738097727
1713723175691501312.000000,-13.540826797,0.503709733,12.280030251,-0.002335245,-0.674455047,0.013946679,0.738180578
1713723175724775424.000000,-13.554451942,0.503758311,12.281390190,-0.001100004,-0.674709260,0.014535031,0.737939715
1713723175758048256.000000,-13.567636490,0.503090501,12.283503532,-0.001951966,-0.674670935,0.014414694,0.737975359
1713723175791321088.000000,-13.581197739,0.505963385,12.282358170,-0.000445733,-0.674332559,0.015031698,0.738274753
1713723175824592896.000000,-13.595512390,0.505505085,12.284268379,-0.002368290,-0.674375117,0.014300151,0.738246679
1713723175857863936.000000,-13.609028816,0.505217493,12.285366058,-0.001779656,-0.674475968,0.014458991,0.738153100
1713723175891134208.000000,-13.621368408,0.505146146,12.287374496,-0.001070039,-0.674211383,0.015367672,0.738377810
1713723175924404480.000000,-13.634660721,0.505002201,12.289089203,-0.001253414,-0.673853397,0.015284552,0.738705993
1713723175957672960.000000,-13.649971962,0.505078793,12.290251732,-0.001690762,-0.673893690,0.014458253,0.738684952
1713723175990941440.000000,-13.663491249,0.503740609,12.291771889,-0.001695231,-0.673612833,0.014984378,0.738930583
1713723176024209152.000000,-13.676076889,0.503276110,12.292974472,0.000305566,-0.673359036,0.016366666,0.739134431
1713723176057476608.000000,-13.690472603,0.502909362,12.295560837,-0.001807550,-0.673187613,0.014762362,0.739322186
1713723176090742528.000000,-13.706115723,0.505066931,12.299874306,-0.000232261,-0.673423946,0.015205278,0.739100039
1713723176124008960.000000,-13.719579697,0.503770649,12.301689148,-0.000519209,-0.673224628,0.016135516,0.739261866
1713723176157273856.000000,-13.732586861,0.504087567,12.302791595,0.000900902,-0.673084080,0.016929455,0.739371598
1713723176190538240.000000,-13.747638702,0.503984690,12.304018974,-0.000872099,-0.673267245,0.015037568,0.739245772
1713723176223801856.000000,-13.760076523,0.504415572,12.304252625,-0.000236683,-0.673229814,0.015563185,0.739269555
1713723176257064704.000000,-13.773182869,0.503888488,12.305549622,0.001284302,-0.672936201,0.016397178,0.739517748
1713723176290327040.000000,-13.786610603,0.504339218,12.306849480,0.000745063,-0.672748208,0.015756540,0.739703417
1713723176323589120.000000,-13.800428391,0.504080355,12.307705879,0.000606094,-0.672966182,0.015349749,0.739513755
1713723176356849920.000000,-13.812820435,0.506749690,12.309738159,0.000336213,-0.672977269,0.015838532,0.739493608
1713723176390098432.000000,-13.825700760,0.507385194,12.310927391,0.001393825,-0.673029482,0.016499784,0.739430368
1713723176423380224.000000,-13.839563370,0.507928252,12.312191963,0.000216129,-0.672922730,0.014991173,0.739560843
1713723176456661504.000000,-13.852873802,0.508601010,12.313607216,0.000813813,-0.672985375,0.015181452,0.739499629
1713723176489941248.000000,-13.866044044,0.507968485,12.313288689,0.001331377,-0.673083723,0.015516222,0.739402413
1713723176523221248.000000,-13.879062653,0.508661270,12.314720154,0.001544288,-0.672904432,0.016392421,0.739546299
1713723176556500736.000000,-13.893679619,0.509156942,12.316168785,-0.000072271,-0.673108995,0.014013913,0.739410639
1713723176589779200.000000,-13.906806946,0.507842004,12.317219734,0.000419648,-0.672923684,0.014583857,0.739568055
1713723176623056640.000000,-13.918022156,0.510098875,12.318302155,0.002623755,-0.672841489,0.016352003,0.739601374
1713723176656333568.000000,-13.931745529,0.510543704,12.319872856,0.000958381,-0.672824144,0.015080424,0.739648163
1713723176689610240.000000,-13.945865631,0.510734677,12.320866585,0.000837484,-0.673200786,0.013524600,0.739335656
1713723176722886656.000000,-13.959489822,0.509953439,12.322593689,0.000404546,-0.672954142,0.015085393,0.739530385
1713723176756161792.000000,-13.974390984,0.511172414,12.325462341,0.002003997,-0.673488021,0.015559108,0.739031792
1713723176789436160.000000,-13.988760948,0.510854542,12.327168465,0.000008875,-0.673589766,0.014236149,0.738968313
1713723176822709760.000000,-14.001843452,0.510874152,12.328518867,0.001334289,-0.673889518,0.014880086,0.738681138
1713723176855983360.000000,-14.015072823,0.509938478,12.330451012,0.000438024,-0.673740029,0.014745466,0.738821208
1713723176889255424.000000,-14.027046204,0.511781216,12.331219673,0.001524274,-0.673760414,0.015714863,0.738781214
1713723176922527232.000000,-14.041038513,0.511573195,12.332874298,-0.000008968,-0.673945189,0.015009727,0.738628864
1713723176955798528.000000,-14.054754257,0.510986328,12.333912849,0.000185551,-0.674129426,0.014750911,0.738465905
1713723176989069568.000000,-14.066877365,0.510586023,12.335329056,0.002114425,-0.674278259,0.016183993,0.738297045
1713723177022339072.000000,-14.082521439,0.510800123,12.336749077,0.000532172,-0.674720526,0.016359052,0.737891853
1713723177055608832.000000,-14.096621513,0.511585236,12.336994171,0.000351838,-0.675755382,0.014606359,0.736981213
1713723177088877312.000000,-14.110060692,0.510820031,12.337815285,-0.000213262,-0.676398575,0.015899904,0.736364245
1713723177122145280.000000,-14.120786667,0.511942923,12.337807655,0.001517510,-0.676959813,0.016816746,0.735826313
1713723177155412736.000000,-14.141166687,0.507392645,12.338323593,-0.000389812,-0.677828431,0.014749646,0.735072076
1713723177188679168.000000,-14.154211044,0.507228136,12.338362694,0.000975923,-0.678760946,0.016220409,0.734179497
1713723177221945344.000000,-14.167638779,0.506787181,12.339231491,-0.000541631,-0.679453075,0.017141255,0.733518541
1713723177255210752.000000,-14.181515694,0.506908536,12.339057922,-0.000222465,-0.680417240,0.015916450,0.732652128
1713723177288475392.000000,-14.196716309,0.505543232,12.339315414,-0.000225295,-0.681565166,0.015306328,0.731597304
1713723177321739520.000000,-14.209306717,0.505409658,12.339372635,0.000363387,-0.682283640,0.017694592,0.730873406
1713723177355002368.000000,-14.223401070,0.505907834,12.339180946,-0.000998449,-0.683452249,0.015964346,0.729819953
1713723177388265472.000000,-14.237754822,0.506590545,12.338786125,-0.000631392,-0.684458852,0.015309458,0.728890479
1713723177421591808.000000,-14.250678062,0.505240083,12.337100029,0.000093189,-0.685493052,0.015875164,0.727906108
1713723177454961664.000000,-14.263444901,0.506021619,12.336287498,0.001107010,-0.686280727,0.016649192,0.727145374
1713723177488628224.000000,-14.278114319,0.507240415,12.335724831,-0.000968881,-0.687382221,0.014802325,0.726144493
1713723177522296576.000000,-14.291972160,0.508747995,12.334832191,-0.000598440,-0.688591957,0.014385646,0.725006104
1713723177555966976.000000,-14.305667877,0.506713688,12.333545685,0.001653665,-0.689578772,0.015627338,0.724040270
1713723177589639424.000000,-14.318080902,0.507820129,12.333426476,0.002284148,-0.690584600,0.016430331,0.723061502
1713723177623313152.000000,-14.332638741,0.508885503,12.333070755,-0.000285853,-0.691830814,0.014031613,0.721923351
1713723177656989696.000000,-14.347147942,0.507532239,12.331548691,0.000516259,-0.692926288,0.014229825,0.720867932
1713723177690667008.000000,-14.358457565,0.506725311,12.330084801,0.003360973,-0.693839610,0.016697908,0.719928145
1713723177724346112.000000,-14.370965958,0.507550359,12.329548836,0.002947032,-0.694843352,0.016351296,0.718969226
1713723177758027008.000000,-14.385917664,0.508191228,12.328768730,0.000706299,-0.696256042,0.013514296,0.717666030
1713723177791710464.000000,-14.399429321,0.508210182,12.328280449,0.000598718,-0.697238624,0.014929135,0.716683447
1713723177825395200.000000,-14.411659241,0.505824447,12.326309204,0.002832604,-0.698226988,0.016661232,0.715677023
1713723177859081216.000000,-14.424722672,0.507073641,12.325239182,0.002156016,-0.699165881,0.016268030,0.714771152
1713723177892769536.000000,-14.439207077,0.508532047,12.324293137,0.000230469,-0.700512469,0.014015188,0.713502586
1713723177926459904.000000,-14.452548027,0.508844376,12.323165894,0.000059479,-0.701303899,0.015232690,0.712699711
1713723177960151552.000000,-14.465602875,0.510796666,12.323430061,0.001677651,-0.702230871,0.016688574,0.711751759
1713723177993844992.000000,-14.479034424,0.512757897,12.322646141,-0.000073101,-0.703158557,0.015946709,0.710854292
1713723178027540736.000000,-14.492858887,0.514750481,12.321702003,-0.000454697,-0.704447985,0.014605396,0.709605217
1713723178061237760.000000,-14.505964279,0.514883399,12.321570396,-0.000142459,-0.705552578,0.015987149,0.708477318
1713723178094936576.000000,-14.518623352,0.513291717,12.318992615,0.001764901,-0.706205964,0.018701511,0.707757294
1713723178128637440.000000,-14.532608032,0.515818477,12.318041801,-0.001575901,-0.707497060,0.016025286,0.706532836
1713723178162339840.000000,-14.546660423,0.517864347,12.316697121,-0.001780851,-0.708995998,0.014559324,0.705060005
1713723178196044544.000000,-14.557789803,0.518834114,12.316547394,0.000012597,-0.710063696,0.018536486,0.703893483
1713723178229750272.000000,-14.571397781,0.517804265,12.313786507,0.001089663,-0.711079419,0.019488150,0.702840745
1713723178263458560.000000,-14.586173058,0.520807028,12.312731743,-0.002608641,-0.712416291,0.015547206,0.701580107
1713723178297168128.000000,-14.599217415,0.522839427,12.311522484,-0.001932289,-0.713804603,0.016130770,0.700156510
1713723178330879744.000000,-14.609683990,0.528136790,12.312537193,-0.001613595,-0.714704871,0.018679276,0.699174881
1713723178364592896.000000,-14.629899979,0.520341396,12.308004379,0.001087190,0.715537250,-0.018237300,-0.698335707
1713723178398307840.000000,-14.644066811,0.521724522,12.307149887,0.002860941,0.716701627,-0.016430501,-0.697180569
1713723178432024832.000000,-14.656657219,0.522310376,12.306337357,0.002762104,0.717478395,-0.017642612,-0.696351886
1713723178465787648.000000,-14.668621063,0.521847367,12.305267334,0.000961681,0.718343914,-0.018666260,-0.695437014
1713723178499033344.000000,-14.683410645,0.522379458,12.302623749,0.001821691,0.719085574,-0.017987046,-0.694686413
1713723178532278528.000000,-14.696947098,0.523241878,12.301841736,0.002500127,0.720082223,-0.016939154,-0.693677604
1713723178565522432.000000,-14.709688187,0.523194730,12.300851822,0.002824578,0.720941424,-0.017324742,-0.692773700
1713723178598765568.000000,-14.721322060,0.523771167,12.298958778,-0.000463690,-0.721888900,0.018798258,0.691753507
1713723178632008192.000000,-14.735901833,0.522229671,12.297624588,0.002685450,0.722892225,-0.018047148,-0.690719903
1713723178665248768.000000,-14.749383926,0.523247480,12.296046257,0.002410660,0.724234104,-0.016597614,-0.689350247
1713723178698488832.000000,-14.762034416,0.522617102,12.295048714,0.002273583,0.725224137,-0.017659333,-0.688282609
1713723178731728640.000000,-14.773100853,0.524110198,12.293703079,-0.000578045,-0.725906789,0.019909734,0.687504649
1713723178764966400.000000,-14.794497490,0.518969893,12.289928436,0.002697951,0.727003217,-0.017457906,-0.686406851
1713723178798204160.000000,-14.807267189,0.520111799,12.288314819,0.002812698,0.728221357,-0.017703291,-0.685107648
1713723178831440384.000000,-14.819088936,0.519017696,12.286884308,0.001202300,0.729240477,-0.019470667,-0.683979392
1713723178864676096.000000,-14.830584526,0.520503819,12.285369873,-0.001537381,-0.729882598,0.021122819,0.683244467
1713723178897910272.000000,-14.846421242,0.519461513,12.283363342,0.002550779,0.731129646,-0.018037142,-0.681995332
1713723178931143936.000000,-14.858869553,0.519772530,12.281474113,0.002306751,0.731799424,-0.018749177,-0.681258321
1713723178964376576.000000,-14.869468689,0.518151820,12.280382156,-0.000195760,0.732537687,-0.022970177,-0.680338919
1713723178997608192.000000,-14.881974220,0.520066381,12.278955460,0.000527918,0.733386338,-0.022792673,-0.679429770
1713723179030839296.000000,-14.906023026,0.518770218,12.272473335,0.001881642,0.734588504,-0.018020703,-0.678270996
1713723179064068864.000000,-14.917087555,0.517688990,12.271539688,0.000127754,0.734855831,-0.021641985,-0.677878082
1713723179097297408.000000,-14.928355217,0.517733812,12.271360397,-0.000051280,0.735319972,-0.023893544,-0.677298844
1713723179130525696.000000,-14.931366920,0.518889308,12.274209023,-0.001151993,-0.736346781,0.020783545,0.676284194
1713723179163752192.000000,-14.955233574,0.517570853,12.268232346,0.000572639,0.736637831,-0.021123609,-0.675957263
1713723179196978688.000000,-14.966725349,0.516770005,12.267914772,-0.000358909,0.736909688,-0.022951500,-0.675601482
1713723179230203136.000000,-14.978663445,0.517623603,12.267498016,-0.000503083,0.737164557,-0.023482924,-0.675304949
1713723179263427584.000000,-14.992798805,0.518402338,12.266303062,-0.000731683,-0.737536907,0.021304946,0.674970329
1713723179296650752.000000,-15.006776810,0.517521560,12.265591621,0.000414852,0.737664342,-0.021625949,-0.674821079
1713723179329872640.000000,-15.018461227,0.517009437,12.265624046,-0.000697840,0.737680376,-0.023996864,-0.674723268
1713723179363093504.000000,-15.031054497,0.518485904,12.265288353,0.000172326,0.737775445,-0.023025675,-0.674653471
1713723179396313856.000000,-15.044658661,0.519316196,12.264789581,-0.000941108,-0.738116741,0.020604687,0.674357653
1713723179429533184.000000,-15.058688164,0.518425643,12.263705254,0.000144025,0.738181293,-0.021562885,-0.674257696
1713723179462750208.000000,-15.070245743,0.518553734,12.263938904,-0.000640905,0.738042831,-0.024091424,-0.674323440
1713723179495997952.000000,-15.083605766,0.520229220,12.262900352,-0.000020352,0.738439560,-0.020563530,-0.674006164
1713723179529243904.000000,-15.097634315,0.519505322,12.262131691,-0.000396863,-0.738615930,0.019587962,0.673841834
1713723179562489600.000000,-15.121663094,0.515713274,12.253471375,0.000127260,0.738072336,-0.021707615,-0.674372315
1713723179595733760.000000,-15.134129524,0.516525984,12.253129959,-0.000433147,0.738037705,-0.021793177,-0.674407423
1713723179628977408.000000,-15.147884369,0.518085897,12.251979828,0.000509278,0.738316059,-0.017983377,-0.674214959
1713723179662220032.000000,-15.160516739,0.518439174,12.251340866,-0.000399609,0.738338470,-0.018359570,-0.674180329
1713723179695461632.000000,-15.175747871,0.519035816,12.246918678,-0.001113827,0.737890005,-0.020323502,-0.674614072
1713723179728701952.000000,-15.188819885,0.520434380,12.246731758,-0.000718944,0.738117456,-0.017988149,-0.674432099
1713723179761942016.000000,-15.202201843,0.521528363,12.246308327,0.000017688,0.738300085,-0.016764926,-0.674264014
1713723179795180288.000000,-15.214363098,0.520939529,12.246287346,0.000805583,-0.738272488,0.017667489,0.674270749
1713723179828418560.000000,-15.226204872,0.520807326,12.249239922,-0.000788996,0.738438547,-0.018990166,-0.674052894
1713723179861655296.000000,-15.239024162,0.522808552,12.248430252,-0.000039177,0.738812089,-0.016310895,-0.673714101
1713723179894891008.000000,-15.251308441,0.523644507,12.247894287,-0.000460113,0.738850057,-0.016210798,-0.673674822
1713723179928126208.000000,-15.262355804,0.523069859,12.247940063,-0.001911036,0.738830388,-0.018539306,-0.673633635
1713723179961360128.000000,-15.276953697,0.520853639,12.246171951,-0.001110711,0.738670170,-0.018352572,-0.673816323
1713723179994593024.000000,-15.290570259,0.521957517,12.245265007,-0.000280172,0.739176512,-0.014931027,-0.673346281
1713723180027825664.000000,-15.302416801,0.521938205,12.245222092,-0.000954270,0.739145815,-0.016281608,-0.673348069
1713723180061056768.000000,-15.313925743,0.521669626,12.244914055,0.002322746,-0.738902926,0.018438954,0.673555672
1713723180094287104.000000,-15.336288452,0.525298357,12.229644775,-0.000932913,0.738242328,-0.015544793,-0.674355924
1713723180127516416.000000,-15.349856377,0.525949419,12.228531837,-0.001081115,0.738571584,-0.013930678,-0.674030304
1713723180160745216.000000,-15.362215996,0.525546312,12.228231430,-0.000942874,0.738420725,-0.015426731,-0.674163222
1713723180193972224.000000,-15.376150131,0.526565671,12.227829933,0.001646131,-0.738574147,0.014454619,0.674015403
1713723180227198976.000000,-15.391540527,0.526535869,12.225895882,-0.000174218,0.738707364,-0.012256342,-0.673914969
1713723180260424960.000000,-15.404517174,0.527270198,12.225172997,-0.000555640,0.738986433,-0.012884907,-0.673596919
1713723180293649408.000000,-15.417496681,0.526950538,12.224900246,-0.000167395,0.739107788,-0.012751302,-0.673466563
1713723180326873344.000000,-15.430261612,0.526295543,12.224572182,0.000466941,-0.739128590,0.012818308,0.673442245
1713723180360096256.000000,-15.445658684,0.527433634,12.220346451,0.000873679,0.739033341,-0.010781162,-0.673582017
1713723180393317632.000000,-15.458601952,0.527239859,12.219923019,0.000477857,0.739362001,-0.010818155,-0.673221111
1713723180426538752.000000,-15.471187592,0.527196825,12.220416069,0.000534527,0.739332974,-0.013295577,-0.673208535
1713723180459769088.000000,-15.484848022,0.528749466,12.219567299,0.001432362,0.739847481,-0.010461120,-0.672691822
1713723180493016064.000000,-15.509212494,0.528600037,12.208341599,0.002175131,0.739635170,-0.010193458,-0.672927380
1713723180526262016.000000,-15.521710396,0.528282642,12.208141327,0.001641497,0.739940286,-0.011321848,-0.672575355
1713723180559507712.000000,-15.534521103,0.529018641,12.207951546,0.002150170,0.740029514,-0.011510190,-0.672472537
1713723180592751616.000000,-15.548492432,0.529731810,12.207423210,0.003142299,0.740424395,-0.009165549,-0.672069907
1713723180625995008.000000,-15.562090874,0.529617906,12.206028938,0.003039362,0.740187168,-0.010538811,-0.672311485
1713723180659237120.000000,-15.574728012,0.529275775,12.205764771,0.002026459,0.740332663,-0.011042707,-0.672146976
1713723180692478464.000000,-15.588462830,0.529805779,12.205436707,0.003449045,0.740320921,-0.009783029,-0.672173619
1713723180725719040.000000,-15.602046967,0.531052411,12.204987526,0.003372691,0.740490079,-0.009467875,-0.671992242
1713723180758958336.000000,-15.614717484,0.530142248,12.204352379,-0.002894059,-0.740528524,0.009960046,0.671944976
1713723180792196864.000000,-15.626250267,0.531322122,12.203688622,0.002499999,0.740524352,-0.010965720,-0.671935439
1713723180825433856.000000,-15.640254974,0.532561839,12.203237534,0.003411787,0.740713656,-0.008796060,-0.671754718
1713723180858670592.000000,-15.653233528,0.533425212,12.202657700,0.002842208,0.740730107,-0.008935696,-0.671737313
1713723180891906560.000000,-15.665173531,0.533277988,12.202323914,0.001177680,0.740684628,-0.010886625,-0.671763718
1713723180925140736.000000,-15.689080238,0.533307731,12.191866875,0.002667709,0.740153074,-0.009167297,-0.672370732
1713723180958374400.000000,-15.702610970,0.534104824,12.190976143,0.002311557,0.740362763,-0.007593111,-0.672160745
1713723180991607552.000000,-15.715088844,0.533700526,12.190982819,0.002430812,0.740178466,-0.009676525,-0.672336459
1713723181024838912.000000,-15.727531433,0.534237444,12.190147400,0.001281378,0.740352035,-0.008957013,-0.672158480
1713723181058070016.000000,-15.741569519,0.534676373,12.188364983,0.002602856,0.740187049,-0.007867415,-0.672350049
1713723181091299840.000000,-15.753567696,0.534507871,12.188009262,0.001896631,0.740240335,-0.008947887,-0.672280133
1713723181124528384.000000,-15.765732765,0.534187794,12.187360764,0.001277023,0.740229070,-0.008602491,-0.672298670
1713723181157756672.000000,-15.778108597,0.534726620,12.186542511,0.001409518,0.740094602,-0.008227360,-0.672451019
1713723181190983168.000000,-15.792746544,0.534971595,12.183613777,0.000958624,0.740037799,-0.008410810,-0.672512114
1713723181224209664.000000,-15.805080414,0.535053074,12.183102608,0.001787459,0.740054488,-0.008528288,-0.672490537
1713723181257434368.000000,-15.817030907,0.534659803,12.182875633,0.000163422,0.740389943,-0.008235118,-0.672127187
1713723181290658816.000000,-15.829210281,0.534973025,12.183253288,0.001771974,0.740040123,-0.009960071,-0.672486663
1713723181323881728.000000,-15.851518631,0.534264147,12.175714493,0.001173737,0.739983201,-0.008396022,-0.672572017
1713723181357103872.000000,-15.864582062,0.534391880,12.174766541,0.001484889,0.739924967,-0.007931888,-0.672641098
1713723181390324480.000000,-15.876016617,0.533820212,12.174221039,-0.000641531,0.739969790,-0.010698639,-0.672554791
1713723181423544832.000000,-15.889005661,0.535256147,12.173866272,0.001306993,0.739893615,-0.010015968,-0.672648191
1713723181456790016.000000,-15.900446892,0.534388125,12.172897339,0.001011425,0.740248084,-0.007318111,-0.672293305
1713723181490033920.000000,-15.912592888,0.534055889,12.172624588,0.000513901,0.740237236,-0.009435675,-0.672279418
1713723181523276544.000000,-15.923837662,0.534462214,12.172479630,-0.000978427,0.740159512,-0.012440513,-0.672315598
1713723181556518656.000000,-15.937822342,0.536221385,12.171619415,0.001485841,0.740258396,-0.008650499,-0.672265232
1713723181589759232.000000,-15.956192017,0.537010908,12.167970657,0.000838664,0.740333796,-0.008728674,-0.672182322
1713723181622999552.000000,-15.967622757,0.536655903,12.168079376,-0.000326251,0.740254700,-0.012036430,-0.672218800
1713723181656238592.000000,-15.980284691,0.538255751,12.167390823,-0.000106644,0.740465105,-0.010911646,-0.672006309
1713723181689476608.000000,-15.993950844,0.539078355,12.166467667,0.001037856,0.740809262,-0.008748950,-0.671657741
1713723181722713344.000000,-16.012020111,0.535871148,12.160251617,0.000856627,0.740338206,-0.010519101,-0.672151804
1713723181755949568.000000,-16.024414062,0.536039293,12.159910202,-0.000130896,0.740445137,-0.011543251,-0.672017694
1713723181789184256.000000,-16.038141251,0.536903143,12.158830643,0.000820592,0.740488172,-0.009320481,-0.672004342
1713723181822418432.000000,-16.050825119,0.536793232,12.158250809,-0.000686445,-0.740529656,0.010037402,0.671948433
1713723181855651584.000000,-16.064079285,0.537596881,12.156871796,0.000254537,0.740481555,-0.010679781,-0.671991825
1713723181888883712.000000,-16.076719284,0.538626611,12.156045914,-0.000090686,0.740426481,-0.011019847,-0.672047019
1713723181922115072.000000,-16.090427399,0.539102256,12.154899597,0.000763277,0.740674973,-0.009162489,-0.671800673
1713723181955345152.000000,-16.104160309,0.538714170,12.154430389,-0.000787701,-0.740655363,0.010640720,0.671800435
1713723181988574464.000000,-16.116821289,0.539990425,12.151191711,-0.000092778,0.740616441,-0.010909606,-0.671839595
1713723182021803008.000000,-16.130001068,0.540921211,12.150239944,0.000703868,0.740571320,-0.010140314,-0.671900928
1713723182055030016.000000,-16.143089294,0.541477263,12.149206161,0.000155194,0.740651846,-0.009798371,-0.671817601
1713723182088256512.000000,-16.155647278,0.541570425,12.148586273,-0.000526863,-0.740350842,0.010400789,0.672140121
1713723182121482240.000000,-16.173006058,0.541927934,12.145715714,0.000029278,0.740311563,-0.009427821,-0.672197878
1713723182154706176.000000,-16.186229706,0.542434931,12.144634247,0.000513724,0.740208864,-0.008530905,-0.672322810
1713723182187929600.000000,-16.198608398,0.542417407,12.143798828,-0.000246249,0.740160286,-0.009549449,-0.672362685
1713723182221152000.000000,-16.206275940,0.543764293,12.144788742,0.000009018,-0.739995718,0.009871718,0.672539234
1713723182254374144.000000,-16.225645065,0.542834699,12.141004562,0.000342063,0.739871085,-0.008405805,-0.672696173
1713723182287594240.000000,-16.238117218,0.542767584,12.139835358,-0.000068554,0.739997029,-0.008824637,-0.672552288
1713723182320813568.000000,-16.249744415,0.542758942,12.138780594,-0.001124724,0.740077913,-0.010621461,-0.672436416
1713723182354032640.000000,-16.262844086,0.543941736,12.136585236,0.000382119,-0.740139961,0.008330323,0.672401190
1713723182387249920.000000,-16.283985138,0.543065310,12.132709503,-0.000941404,0.740105331,-0.008231130,-0.672440052
1713723182420470528.000000,-16.296356201,0.543193936,12.131464005,-0.001139435,0.740116835,-0.008646109,-0.672421813
1713723182453839104.000000,-16.307598114,0.542563796,12.129735947,-0.004381966,0.740197241,-0.010406549,-0.672294974
1713723182487088640.000000,-16.320760727,0.543572843,12.128744125,-0.001948157,0.740139961,-0.009600349,-0.672381520
1713723182520337408.000000,-16.335987091,0.546158731,12.132566452,-0.000951450,0.740943134,-0.007363246,-0.671526849
1713723182553585408.000000,-16.348052979,0.545196176,12.131345749,-0.002472066,0.741037488,-0.009690592,-0.671389222
1713723182586832128.000000,-16.359664917,0.545006037,12.130399704,-0.003745011,0.741014838,-0.012434953,-0.671363056
1713723182620077568.000000,-16.374023438,0.546199501,12.128597260,-0.000992659,0.741407871,-0.008259498,-0.671003163
1713723182653322752.000000,-16.390607834,0.544270635,12.127433777,-0.001167597,0.741537988,-0.008481150,-0.670856357
1713723182686566656.000000,-16.402730942,0.542970538,12.126190186,-0.002897589,0.741484463,-0.010833193,-0.670876384
1713723182719809536.000000,-16.415840149,0.543425083,12.124660492,-0.002636232,0.741442621,-0.009877482,-0.670938432
1713723182753051392.000000,-16.431993484,0.543552995,12.123559952,-0.000195173,-0.741505980,0.007946562,0.670899272
1713723182786292736.000000,-16.444143295,0.545698345,12.123357773,-0.000089098,0.741623759,-0.007517308,-0.670774043
1713723182819532800.000000,-16.456199646,0.544349492,12.122537613,0.002336018,-0.741461396,0.011015991,0.670901120
1713723182852772352.000000,-16.469137192,0.546751142,12.121873856,0.000015283,-0.741238892,0.009256162,0.671177566
1713723182886010368.000000,-16.485530853,0.544334352,12.118171692,0.000895928,0.741567910,-0.006843898,-0.670842409
1713723182919248384.000000,-16.500560760,0.545789182,12.116992950,0.001227808,0.741262019,-0.010069574,-0.671139181
1713723182952484352.000000,-16.513687134,0.545432389,12.114818573,0.000850259,0.741462648,-0.008874553,-0.670934975
1713723182985719808.000000,-16.527719498,0.545552254,12.113155365,0.002064177,0.741415381,-0.007872287,-0.670997143
1713723183018954496.000000,-16.542045593,0.543932557,12.112579346,-0.002168292,-0.741523445,0.008316192,0.670871973
1713723183052188160.000000,-16.551420212,0.547606289,12.115068436,0.000825507,0.741430759,-0.009847525,-0.670956731
1713723183085420800.000000,-16.565187454,0.547420442,12.114110947,0.001960411,0.741176188,-0.009201325,-0.671244681
1713723183118652928.000000,-16.578767776,0.547803402,12.112600327,0.001693925,0.741139233,-0.008388393,-0.671296895
1713723183151883520.000000,-16.592580795,0.546973825,12.112009048,-0.002007482,-0.741149306,0.009504403,0.671269953
1713723183185113344.000000,-16.598833084,0.549559772,12.113466263,0.001698359,0.741349638,-0.009570615,-0.671048641
1713723183218342656.000000,-16.612314224,0.549017906,12.112121582,0.001396470,0.741320550,-0.009630514,-0.671080649
1713723183251570176.000000,-16.625761032,0.548786342,12.110748291,0.002087867,0.741259396,-0.009318851,-0.671150804
1713723183284797440.000000,-16.639364243,0.548662424,12.109878540,-0.001205581,-0.741527140,0.009992412,0.670847416
1713723183318023680.000000,-16.662607193,0.550382733,12.102525711,0.002109570,0.741383672,-0.010383433,-0.670997798
1713723183351248640.000000,-16.675655365,0.550325155,12.101047516,0.001363765,0.741682589,-0.010550802,-0.670666754
1713723183384473088.000000,-16.689163208,0.549890935,12.099674225,0.001769527,0.741898477,-0.010063454,-0.670434415
1713723183417696768.000000,-16.702520370,0.548742294,12.097768784,-0.001521531,-0.741933525,0.010894004,0.670383215
1713723183450918656.000000,-16.712985992,0.549219728,12.099794388,0.000518321,0.741999090,-0.012165862,-0.670290351
1713723183484123648.000000,-16.726062775,0.549148381,12.098718643,0.001178804,0.741848052,-0.012314902,-0.670453906
1713723183517717248.000000,-16.739337921,0.548743248,12.097400665,0.000467648,0.741861105,-0.011996750,-0.670446157
1713723183551311104.000000,-16.752330780,0.547374249,12.096597672,0.000726030,0.741691411,-0.013029140,-0.670614421
1713723183584906240.000000,-16.766960144,0.550213099,12.103178024,-0.000868795,0.742037535,-0.014769750,-0.670195162
1713723183618503168.000000,-16.780271530,0.550147891,12.102199554,0.000602253,0.741940200,-0.013868142,-0.670322478
1713723183652101120.000000,-16.792779922,0.550153971,12.100437164,-0.000907291,0.742057562,-0.013880589,-0.670191884
1713723183685700096.000000,-16.805398941,0.549757898,12.099639893,0.000711678,-0.741918087,0.014923980,0.670324087
1713723183719300864.000000,-16.815328598,0.551865578,12.090530396,-0.001985856,0.741689622,-0.015638011,-0.670558095
1713723183752902144.000000,-16.828933716,0.552543044,12.088909149,-0.000214346,0.741821110,-0.013966931,-0.670452356
1713723183786505216.000000,-16.841783524,0.552290499,12.087318420,-0.000900367,0.742014706,-0.014364890,-0.670229077
1713723183820109056.000000,-16.853683472,0.552466869,12.087299347,0.002036061,-0.741882682,0.016655926,0.670319796
1713723183853714688.000000,-16.868223190,0.551278055,12.085887909,-0.001656231,0.742005467,-0.015030439,-0.670223355
1713723183887321344.000000,-16.881719589,0.550960422,12.084806442,-0.001597426,0.742337167,-0.014374314,-0.669870496
1713723183920929280.000000,-16.894111633,0.550673127,12.084438324,-0.001541918,0.742009997,-0.016774815,-0.670177281
1713723183954537984.000000,-16.906654358,0.551648021,12.083652496,0.002089386,-0.742058218,0.015445871,0.670154274
1713723183988148736.000000,-16.923311234,0.551682353,12.080030441,-0.001156486,0.742083728,-0.014695028,-0.670145154
1713723184021760256.000000,-16.935649872,0.551071048,12.079534531,-0.002977956,0.742255032,-0.016742866,-0.669901788
1713723184055373056.000000,-16.948404312,0.551352143,12.079061508,-0.001738350,0.742164910,-0.017240372,-0.669993341
1713723184088986880.000000,-16.962341309,0.551410437,12.077796936,0.002354897,-0.742450118,0.015210357,0.669724584
1713723184122601984.000000,-16.977087021,0.551635146,12.075664520,-0.001813538,0.742378056,-0.016312214,-0.669780135
1713723184156218880.000000,-16.989158630,0.551242411,12.074741364,-0.003798871,0.742610633,-0.017697794,-0.669478893
1713723184189836800.000000,-17.002563477,0.551630735,12.073719025,-0.002316843,0.742623746,-0.016498268,-0.669501722
1713723184223456000.000000,-17.015544891,0.552218318,12.072502136,-0.002924260,0.742932320,-0.016297206,-0.669161737
1713723184257075712.000000,-17.029794693,0.552187324,12.070919037,-0.002821769,0.742832839,-0.017499333,-0.669242322
1713723184290697216.000000,-17.042650223,0.552003086,12.069910049,-0.003154341,0.742783546,-0.017153259,-0.669304490
1713723184324319744.000000,-17.055986404,0.552095294,12.069023132,-0.002769772,0.742707551,-0.016766302,-0.669400334
1713723184357944064.000000,-17.069278717,0.551746845,12.068195343,0.002729117,-0.742835343,0.016496135,0.669265449
1713723184391569408.000000,-17.084934235,0.549635828,12.062633514,-0.003225355,0.742719173,-0.017002678,-0.669379473
1713723184425195776.000000,-17.097826004,0.549499571,12.061826706,-0.003140906,0.742757022,-0.016776491,-0.669343591
1713723184458823168.000000,-17.110696793,0.550112009,12.060834885,-0.003365026,0.742737710,-0.017078945,-0.669356287
1713723184492655360.000000,-17.124490738,0.550463438,12.059719086,0.002786894,-0.742852926,0.016524334,0.669244945
1713723184525871872.000000,-17.136749268,0.552269578,12.064098358,-0.002892420,0.743115544,-0.017509662,-0.668927848
1713723184559087616.000000,-17.149639130,0.552589059,12.063159943,-0.002463687,0.743294358,-0.017664734,-0.668726802
1713723184592301312.000000,-17.162652969,0.553848088,12.061510086,-0.002069801,0.743458092,-0.017241344,-0.668557048
1713723184625514496.000000,-17.177335739,0.552607417,12.055381775,0.001263623,-0.743413210,0.017023372,0.668614626
1713723184658725888.000000,-17.192693710,0.550738931,12.055305481,-0.001400108,0.743321240,-0.017089104,-0.668714821
1713723184691936768.000000,-17.204992294,0.551180243,12.054000854,-0.002205774,0.743118465,-0.017644251,-0.668923616
1713723184725146368.000000,-17.218183517,0.551881611,12.052503586,-0.001575612,0.743016481,-0.016141014,-0.669076681
1713723184758353920.000000,-17.231739044,0.552015901,12.051248550,0.001784905,-0.742990017,0.016320745,0.669101179
1713723184791561216.000000,-17.247192383,0.548429430,12.047523499,-0.002338506,0.742843390,-0.016452838,-0.669259012
1713723184824766720.000000,-17.259843826,0.548873246,12.046705246,-0.002495560,0.742689788,-0.017615300,-0.669399261
1713723184857970688.000000,-17.273756027,0.549266458,12.045583725,-0.001177968,0.742940068,-0.015929617,-0.669167459
1713723184891174144.000000,-17.286485672,0.549139440,12.044801712,0.001204782,-0.742893457,0.016801136,0.669197738
1713723184924376064.000000,-17.300155640,0.549806237,12.045089722,-0.002754451,0.743022382,-0.017748313,-0.669025600
1713723184957576448.000000,-17.313396454,0.551243305,12.044311523,-0.001365401,0.742578924,-0.016677184,-0.669549644
1713723184990775808.000000,-17.327344894,0.551893592,12.043474197,-0.001758300,0.742174327,-0.014683086,-0.670043766
1713723185023974144.000000,-17.339977264,0.552374244,12.043884277,0.001188403,-0.740861356,0.017002746,0.671441793
1713723185057171200.000000,-17.356609344,0.556182384,12.046812057,-0.002222450,0.739726484,-0.016836874,-0.672693431
1713723185090366720.000000,-17.370540619,0.556957781,12.048248291,-0.001246932,0.737445056,-0.015172441,-0.675235569
1713723185123561728.000000,-17.383462906,0.557363749,12.050453186,-0.003155144,0.735275567,-0.016225465,-0.677566767
1713723185156754432.000000,-17.397384644,0.557464600,12.053152084,-0.002016146,0.732833505,-0.015250046,-0.680234194
1713723185189946624.000000,-17.410400391,0.557263076,12.053638458,-0.003549209,0.730538070,-0.014965973,-0.682698727
1713723185223137024.000000,-17.424242020,0.557042837,12.056951523,-0.002471532,0.728062928,-0.015034025,-0.685341001
1713723185256326912.000000,-17.437379837,0.557570100,12.059724808,-0.003864985,0.725632608,-0.015635991,-0.687893927
1713723185289515008.000000,-17.451568604,0.557516277,12.062866211,0.002133132,-0.723424315,0.013816887,0.690262139
1713723185322702080.000000,-17.464130402,0.559484005,12.064889908,-0.003133246,0.721019626,-0.014292226,-0.692760229
1713723185355887872.000000,-17.478080750,0.559123099,12.068248749,-0.001874584,0.718758106,-0.014313124,-0.695110440
1713723185389072640.000000,-17.492078781,0.559288740,12.070568085,-0.002019749,0.716866374,-0.013095307,-0.697084725
1713723185422255872.000000,-17.506168365,0.558609545,12.072462082,-0.001828232,0.715118825,-0.012437372,-0.698889852
1713723185455438080.000000,-17.520999908,0.564831436,12.074493408,0.002623885,-0.713832378,0.014999151,0.700151086
1713723185488612352.000000,-17.534933090,0.565006196,12.075834274,0.000848929,-0.712903261,0.013568023,0.701130629
1713723185521827840.000000,-17.548618317,0.565755129,12.075952530,0.001590602,-0.712275743,0.012646122,0.701784074
1713723185555042816.000000,-17.562768936,0.565238774,12.076955795,0.001264645,-0.711591899,0.013148870,0.702468932
1713723185588256000.000000,-17.574275970,0.567528963,12.077505112,0.003023391,-0.710698664,0.014464204,0.703341365
1713723185621468416.000000,-17.589075089,0.567716241,12.078117371,0.000226093,-0.710018039,0.011751473,0.704085469
1713723185654678784.000000,-17.603233337,0.567808688,12.078269958,-0.000144733,-0.709752738,0.011629343,0.704354942
1713723185687888384.000000,-17.615566254,0.566982269,12.078592300,0.002352121,-0.709541440,0.013576967,0.704528987
1713723185721096704.000000,-17.628000259,0.567188263,12.079744339,0.001482865,-0.709445238,0.014642068,0.704606950
1713723185754304000.000000,-17.643192291,0.567353368,12.079038620,-0.000813430,-0.710079968,0.011518463,0.704026461
1713723185787509760.000000,-17.657440186,0.566387355,12.077852249,-0.000788568,-0.710137725,0.011013012,0.703976274
1713723185820713984.000000,-17.667343140,0.566650510,12.075416565,0.002522758,-0.710242331,0.014188609,0.703809798
1713723185853917952.000000,-17.687229156,0.567954302,12.078447342,-0.000289386,-0.710854471,0.012197832,0.703233302
1713723185887119872.000000,-17.701271057,0.568516731,12.077651978,-0.001073969,-0.711179316,0.011206988,0.702920556
1713723185920320512.000000,-17.713943481,0.566919088,12.077127457,-0.000625270,-0.711301863,0.012274820,0.702779293
1713723185953520384.000000,-17.725061417,0.568692803,12.077165604,0.000776004,-0.711292207,0.014163618,0.702753305
1713723185986718720.000000,-17.740882874,0.569033623,12.076477051,0.001158728,0.711857736,-0.011320474,-0.702231586
1713723186019915520.000000,-17.753767014,0.568976998,12.075506210,0.000793646,0.712038755,-0.012236149,-0.702033162
1713723186053111552.000000,-17.766283035,0.567199409,12.075170517,-0.000605837,0.712291241,-0.013857111,-0.701747060
1713723186086306048.000000,-17.778759003,0.566951752,12.074348450,-0.000094267,-0.712592065,0.013630972,0.701446176
1713723186119499776.000000,-17.793342590,0.568290174,12.074335098,0.001382826,0.713473260,-0.011440406,-0.700587749
1713723186152691968.000000,-17.806495667,0.567311466,12.073442459,0.001344295,0.713813841,-0.012692173,-0.700219274
1713723186185882880.000000,-17.818725586,0.565734267,12.072864532,-0.000744353,0.714302838,-0.014829741,-0.699679255
1713723186219072256.000000,-17.831453323,0.564516187,12.071830750,-0.001586998,-0.714804530,0.013032602,0.699201107
1713723186252260608.000000,-17.853483200,0.564396143,12.068569183,0.000945522,0.715491533,-0.011552017,-0.698525369
1713723186285448192.000000,-17.866044998,0.562445343,12.068185806,0.000347923,0.715735137,-0.013627583,-0.698238850
1713723186318633728.000000,-17.877662659,0.565138161,12.067159653,-0.000685503,0.716172218,-0.014507513,-0.697772503
1713723186351818240.000000,-17.893075943,0.562614858,12.066593170,-0.001600404,-0.716885686,0.012115373,0.697083712
1713723186385001984.000000,-17.907182693,0.567676544,12.064306259,0.000851861,0.717324913,-0.012491030,-0.696626365
1713723186418183936.000000,-17.919269562,0.566112161,12.063112259,-0.002140030,0.717793524,-0.014636588,-0.696098924
1713723186451365120.000000,-17.932453156,0.567873895,12.062314987,-0.000577508,0.718236566,-0.014524118,-0.695647180
1713723186484528896.000000,-17.947360992,0.568625450,12.060127258,-0.000064791,0.719180405,-0.011598445,-0.694726646
1713723186517743872.000000,-17.960548401,0.564312398,12.059757233,0.000316730,-0.719716012,0.012718571,0.694151998
1713723186550957568.000000,-17.972131729,0.567489088,12.059600830,-0.002800636,0.720151782,-0.015519616,-0.693637311
1713723186584170240.000000,-17.986526489,0.567562759,12.058320999,-0.000328732,0.720768809,-0.012511650,-0.693062603
1713723186617382144.000000,-18.000963211,0.567991972,12.056499481,-0.000391382,0.721596062,-0.011556287,-0.692217827
1713723186650592000.000000,-18.014228821,0.566301882,12.055355072,-0.001624534,0.722074866,-0.013734402,-0.691676676
1713723186683800832.000000,-18.026241302,0.567844868,12.054813385,-0.001669973,0.722605407,-0.014727258,-0.691101849
1713723186717009152.000000,-18.040740967,0.568083704,12.052742004,-0.000658578,0.723539591,-0.012037558,-0.690177679
1713723186750215168.000000,-18.054136276,0.567679584,12.051305771,-0.000857767,0.723906398,-0.013413421,-0.689767361
1713723186783420672.000000,-18.066259384,0.566485882,12.050146103,0.002312828,-0.724609971,0.014838899,0.688995540
1713723186816624128.000000,-18.081878662,0.571778774,12.044414520,-0.001248303,0.724831402,-0.014652637,-0.688769400
1713723186849826816.000000,-18.095476151,0.571956277,12.042465210,-0.001801728,0.725686371,-0.013849510,-0.687883973
1713723186883028224.000000,-18.108882904,0.571689367,12.041044235,-0.001044788,0.726096153,-0.014757860,-0.687434018
1713723186916228864.000000,-18.122201920,0.570935607,12.039588928,-0.002410299,0.726883650,-0.015105449,-0.686590314
1713723186949427968.000000,-18.135190964,0.571461439,12.037923813,0.000890162,-0.727293670,0.015328987,0.686154723
1713723186982625536.000000,-18.152158737,0.571303368,12.036197662,-0.002005015,0.728228688,-0.014096148,-0.685186327
1713723187015821568.000000,-18.165880203,0.570647240,12.034347534,-0.001248348,0.728612542,-0.014772085,-0.684765756
1713723187049016832.000000,-18.178709030,0.569709182,12.032659531,-0.003264899,0.729426801,-0.015248457,-0.683881164
1713723187082211072.000000,-18.192211151,0.569285154,12.030384064,0.001045099,-0.729816735,0.014589564,0.683486402
1713723187115403776.000000,-18.205757141,0.569281936,12.029890060,-0.002521135,0.730825663,-0.014152119,-0.682412922
1713723187148594944.000000,-18.219388962,0.568809152,12.028144836,-0.001447822,0.731245041,-0.014397112,-0.681961417
1713723187181784832.000000,-18.231756210,0.568821311,12.025909424,-0.003886913,0.732074499,-0.015579697,-0.681035399
1713723187214973696.000000,-18.245216370,0.569734275,12.024414062,0.001566762,-0.732673466,0.014259959,0.680429220
1713723187248161280.000000,-18.259647369,0.570551753,12.021574020,-0.003391091,0.733720124,-0.013751273,-0.679304242
1713723187281348096.000000,-18.272951126,0.569756031,12.020341873,-0.002159939,0.734276056,-0.014703300,-0.678688347
1713723187314533120.000000,-18.284370422,0.569655538,12.018213272,-0.005286786,0.735034704,-0.016493045,-0.677808285
1713723187347717120.000000,-18.297973633,0.571117520,12.016538620,-0.002514878,0.735887408,-0.014918763,-0.676935017
1713723187380899328.000000,-18.312566757,0.571362376,12.013633728,0.001385533,-0.736932755,0.012948556,0.675840735
1713723187414080512.000000,-18.332975388,0.569244981,12.009527206,-0.002653463,0.737741470,-0.015133983,-0.674908519
1713723187447261184.000000,-18.344654083,0.571016014,12.007902145,-0.004197151,0.738280237,-0.017477481,-0.674254656
1713723187480439552.000000,-18.359045029,0.572490394,12.005352020,-0.001664165,0.739339769,-0.013633935,-0.673192501
1713723187513696512.000000,-18.362667084,0.566303611,12.007490158,0.001599016,-0.740274668,0.013809400,0.672160923
1713723187547009536.000000,-18.384399414,0.567039907,12.009706497,-0.003414664,0.741155386,-0.016386386,-0.671124876
1713723187580097792.000000,-18.396480560,0.569146752,12.007617950,-0.003742877,0.741912127,-0.015618909,-0.670304835
1713723187613865728.000000,-18.410751343,0.570741296,12.005605698,-0.001528185,0.742750764,-0.013465102,-0.669430912
1713723187647637504.000000,-18.423379898,0.570185184,12.002439499,0.001625955,-0.743479013,0.014473679,0.668600738
1713723187681413120.000000,-18.435367584,0.570452213,12.002592087,-0.003464911,0.744372547,-0.016563881,-0.667550147
1713723187715192320.000000,-18.447854996,0.571354806,12.000057220,-0.002562145,0.744983196,-0.016440166,-0.666875720
1713723187748975360.000000,-18.461675644,0.572485983,11.997190475,-0.001949687,0.745959461,-0.013919531,-0.665843070
1713723187782761472.000000,-18.474153519,0.571838796,11.995409012,0.002093656,-0.746459484,0.015374462,0.665250063
1713723187816551424.000000,-18.495262146,0.577910066,11.979658127,-0.004523526,0.746498346,-0.018581213,-0.665112495
1713723187850345472.000000,-18.508630753,0.579796612,11.977621078,-0.001355782,0.747313857,-0.016257131,-0.664270997
1713723187884142592.000000,-18.521696091,0.581070900,11.975198746,-0.002159331,0.748218179,-0.015529039,-0.663267493
1713723187917943808.000000,-18.533821106,0.582522750,11.973678589,0.001133798,-0.748676419,0.017992700,0.662690461
1713723187951748096.000000,-18.547676086,0.581345141,11.971448898,-0.002188502,0.749635994,-0.018149903,-0.661597848
1713723187985556480.000000,-18.560899734,0.582457662,11.969661713,-0.001254603,0.750119984,-0.017313559,-0.661073923
1713723188019367936.000000,-18.573644638,0.583342552,11.967782974,-0.001709095,0.750777364,-0.017675478,-0.660316706
1713723188053183232.000000,-18.586606979,0.582618952,11.966360092,-0.002100089,0.751630247,-0.017921459,-0.659337938
1713723188087002880.000000,-18.597524643,0.585360169,11.964706421,0.002124761,-0.751994014,0.019289553,0.658884227
1713723188120825600.000000,-18.613834381,0.582562089,11.961074829,-0.001975066,0.752852142,-0.017730560,-0.657947838
1713723188154651392.000000,-18.626794815,0.582605779,11.959533691,-0.001202020,0.753508747,-0.017782323,-0.657196283
1713723188188481280.000000,-18.638469696,0.580609918,11.958236694,-0.003880137,0.754430234,-0.019597840,-0.656076193
1713723188222314752.000000,-18.650716782,0.581279576,11.957328796,-0.002923112,0.754978895,-0.020407721,-0.655425012
1713723188256152064.000000,-18.667942047,0.579953432,11.950361252,-0.001325416,0.755592465,-0.017719578,-0.654800951
1713723188289992704.000000,-18.680047989,0.579823434,11.949100494,-0.001489967,0.756019652,-0.018932996,-0.654273391
1713723188323837440.000000,-18.690834045,0.579323292,11.948207855,-0.003784551,0.756599009,-0.021953169,-0.653499663
1713723188357685248.000000,-18.703546524,0.580662847,11.946432114,0.001591142,-0.757129192,0.020319141,0.652947247
1713723188391537152.000000,-18.718215942,0.579772234,11.944757462,-0.002478750,0.758149624,-0.019236863,-0.651792228
1713723188425392384.000000,-18.730140686,0.579023600,11.943059921,-0.002339477,0.758599579,-0.020000232,-0.651246011
1713723188459251712.000000,-18.740974426,0.578795791,11.941522598,-0.004323092,0.759013414,-0.022558497,-0.650669813
1713723188493114112.000000,-18.754241943,0.580674887,11.940477371,0.002168106,-0.759671450,0.020742178,0.649972618
1713723188526980096.000000,-18.775342941,0.577903807,11.929073334,-0.002263978,0.760001779,-0.019236537,-0.649632454
1713723188560850176.000000,-18.786769867,0.577459157,11.927698135,-0.003451964,0.760435879,-0.020885879,-0.649067879
1713723188595044352.000000,-18.797981262,0.578395724,11.926979065,-0.003991234,0.760653257,-0.023991594,-0.648702681
1713723188628262400.000000,-18.811136246,0.580568254,11.924325943,0.002300985,-0.761559129,0.019706305,0.647791743
1713723188661478400.000000,-18.825580597,0.579485059,11.919878006,-0.003054068,0.762209296,-0.019537138,-0.647028565
1713723188694693888.000000,-18.835811615,0.578711331,11.919015884,-0.004058569,0.762555242,-0.024122842,-0.646460474
1713723188727907328.000000,-18.847606659,0.580090582,11.916732788,-0.004171751,0.763489723,-0.022814730,-0.645403504
1713723188761120256.000000,-18.860397339,0.581022024,11.913209915,0.003014708,-0.764262021,0.020464933,0.644574106
1713723188794331904.000000,-18.877084732,0.579884231,11.909328461,-0.003247199,0.764793217,-0.021313475,-0.643915057
1713723188827542272.000000,-18.888477325,0.580503523,11.907384872,-0.003594881,0.765278697,-0.022511246,-0.643295348
1713723188860751104.000000,-18.900932312,0.581426620,11.904977798,-0.003218173,0.766067445,-0.020988671,-0.642409325
1713723188893959168.000000,-18.913385391,0.582000673,11.902385712,-0.003205780,0.766847074,-0.020736799,-0.641486764
1713723188927165952.000000,-18.923683167,0.581766248,11.899482727,0.004151448,-0.767291307,0.022723086,0.640882671
1713723188960371200.000000,-18.945964813,0.578851044,11.890562057,-0.003559293,0.767599404,-0.022713345,-0.640517473
1713723188993575936.000000,-18.958852768,0.579557776,11.887304306,-0.003110191,0.768537045,-0.020315401,-0.639475107
1713723189026778624.000000,-18.970987320,0.579283714,11.884433746,-0.003575823,0.769177854,-0.020921635,-0.638682246
1713723189059980288.000000,-18.980939865,0.580559015,11.881496429,0.004536851,-0.769449353,0.023157047,0.638271868
1713723189093181440.000000,-18.998447418,0.578707457,11.878950119,-0.003477066,0.770162940,-0.021409169,-0.637478292
1713723189126380800.000000,-19.010585785,0.579800129,11.875473022,-0.003615219,0.770713270,-0.020153040,-0.636853099
1713723189159579136.000000,-19.021327972,0.578760982,11.873401642,-0.005186798,0.770763874,-0.022095088,-0.636716664
1713723189192775936.000000,-19.032732010,0.579046130,11.872312546,-0.005535490,0.770141423,-0.023962531,-0.637398899
1713723189225971968.000000,-19.045644760,0.581083953,11.870689392,0.004093627,-0.769577801,0.019651324,0.638237536
1713723189259165952.000000,-19.063766479,0.579899907,11.870944977,-0.004268031,0.768319726,-0.020127211,-0.639735579
1713723189292359680.000000,-19.075325012,0.578850091,11.871984482,-0.006762766,0.766655684,-0.022517972,-0.641627908
1713723189325551872.000000,-19.088285446,0.579703927,11.873662949,-0.005912362,0.764245212,-0.020845100,-0.644561768
1713723189358742784.000000,-19.102191925,0.581372142,11.875312805,0.004370671,-0.761592448,0.019117817,0.647759557
1713723189391932416.000000,-19.128110886,0.571294188,11.873216629,-0.004252751,0.758065760,-0.019128364,-0.651883662
1713723189425120768.000000,-19.139648438,0.571332753,11.876853943,-0.006817123,0.754503489,-0.021067489,-0.655922472
1713723189458308096.000000,-19.153440475,0.572215021,11.881111145,-0.004291321,0.750887394,-0.018808320,-0.660148561
1713723189491494144.000000,-19.166988373,0.572584152,11.884586334,0.004859525,-0.747595906,0.017647555,0.663901687
1713723189524678912.000000,-19.183067322,0.571349621,11.888442993,-0.004415474,0.743725181,-0.018911721,-0.668203413
1713723189557862400.000000,-19.195455551,0.571591794,11.892545700,-0.005708107,0.740275443,-0.017985834,-0.672038972
1713723189591028736.000000,-19.208562851,0.572177231,11.897521973,-0.004587849,0.736237645,-0.017654454,-0.676477253
1713723189624246784.000000,-19.220788956,0.572450936,11.902303696,0.006454102,-0.732629240,0.018165609,0.680354893
1713723189657464064.000000,-19.237211227,0.572797418,11.905527115,-0.004948497,0.728650391,-0.018570833,-0.684616268
1713723189690680064.000000,-19.250320435,0.573547661,11.909816742,-0.005002100,0.725493968,-0.016706724,-0.688007653
1713723189723894016.000000,-19.262491226,0.573402762,11.913965225,-0.005390945,0.722422659,-0.018276606,-0.691189170
1713723189757107456.000000,-19.274765015,0.573842227,11.917161942,-0.005324857,0.720067918,-0.017958023,-0.693650842
1713723189790319616.000000,-19.288702011,0.575714290,11.919795990,0.005160344,-0.718219697,0.016538603,0.695600748
1713723189823530752.000000,-19.304674149,0.571134686,11.918701172,0.005145431,-0.717179775,0.017349726,0.696653247
1713723189856740352.000000,-19.316400528,0.571971893,11.919506073,0.006515617,-0.716362417,0.019247262,0.697432518
1713723189889949184.000000,-19.330513000,0.573221385,11.919883728,0.003757474,-0.715956330,0.016487274,0.697940350
1713723189923155968.000000,-19.343788147,0.573518813,11.919532776,0.004138437,-0.715785325,0.016060580,0.698123455
1713723189956361984.000000,-19.356269836,0.571465790,11.920425415,0.005485435,-0.715250432,0.018667774,0.698597372
1713723189989566976.000000,-19.368856430,0.573592246,11.921329498,0.005417927,-0.714869261,0.018096341,0.699003041
1713723190022770944.000000,-19.383050919,0.574378073,11.921165466,0.003724753,-0.714700937,0.015812164,0.699241638
1713723190055973376.000000,-19.396289825,0.574029565,11.921609879,0.003783856,-0.714103758,0.016757883,0.699829102
1713723190089174272.000000,-19.408271790,0.572441876,11.921720505,0.007242113,-0.713974714,0.018867562,0.699879825
1713723190122374656.000000,-19.420703888,0.576295853,11.919738770,0.005189296,-0.713576436,0.017918810,0.700329006
1713723190155573248.000000,-19.436071396,0.575767815,11.923271179,0.003670802,-0.713256776,0.015532183,0.700721145
1713723190188771072.000000,-19.448787689,0.574429274,11.923593521,0.004318047,-0.712393641,0.017060757,0.701559424
1713723190221967104.000000,-19.461183548,0.573417366,11.924390793,0.006607090,-0.711508274,0.019007320,0.702389657
1713723190255162112.000000,-19.475389481,0.573665619,11.926330566,0.004020462,-0.710112333,0.016384946,0.703886271
1713723190288356608.000000,-19.487133026,0.576978624,11.931669235,0.003525180,-0.708890378,0.015252031,0.705145001
1713723190321549056.000000,-19.498964310,0.576627791,11.934682846,0.004971283,-0.706729114,0.018381320,0.707228005
1713723190354740736.000000,-19.511924744,0.577017188,11.937437057,0.005350683,-0.704632044,0.017929966,0.709326208
1713723190387930880.000000,-19.526365280,0.576707542,11.940088272,0.002746148,-0.702284873,0.015257633,0.711727321
1713723190421120256.000000,-19.537452698,0.577377200,11.942712784,0.004921147,-0.700241387,0.016858673,0.713690221
1713723190454308096.000000,-19.549186707,0.577216864,11.946424484,0.005335388,-0.697536170,0.019462634,0.716265440
1713723190487494656.000000,-19.563455582,0.578560412,11.949535370,0.002860824,-0.695297480,0.015280813,0.718554020
1713723190520679936.000000,-19.576276779,0.577963531,11.952934265,0.003629558,-0.692907035,0.016196927,0.720835924
1713723190553864192.000000,-19.588251114,0.576839983,11.956151962,0.005591679,-0.690563560,0.019249130,0.722993910
1713723190586937088.000000,-19.599948883,0.582955241,11.960697174,0.003322731,-0.688853204,0.016237941,0.724711478
1713723190620358400.000000,-19.613853455,0.583394527,11.963508606,0.002807938,-0.687352002,0.014880667,0.726166606
1713723190653781248.000000,-19.625629425,0.582795382,11.966550827,0.003354803,-0.685606897,0.018604685,0.727726519
1713723190687205376.000000,-19.637815475,0.580933392,11.967313766,0.003481256,-0.684636891,0.016268991,0.728694439
1713723190720630528.000000,-19.650529861,0.580949187,11.972934723,0.003002254,-0.683531225,0.015182784,0.729757249
1713723190754057984.000000,-19.663154602,0.580863357,11.975986481,0.002671904,-0.681858480,0.016426548,0.731294811
1713723190787485952.000000,-19.675031662,0.581189692,11.978248596,0.004525660,-0.680640757,0.017183620,0.732401907
1713723190820916224.000000,-19.688438416,0.581695795,11.980592728,0.002162672,-0.679067969,0.015731286,0.733903706
1713723190854347520.000000,-19.701198578,0.581554294,11.984249115,0.002634350,-0.678107858,0.015197747,0.734800577
1713723190887779840.000000,-19.712882996,0.581784129,11.985342026,0.003486559,-0.676874161,0.016415237,0.735907435
1713723190921214464.000000,-19.725072861,0.582795143,11.986434937,0.003346901,-0.675716221,0.016196186,0.736976326
1713723190954649600.000000,-19.738555908,0.585101843,11.987394333,0.002306192,-0.674989045,0.014562332,0.737680435
1713723190988087296.000000,-19.760955811,0.583809853,11.999883652,0.001538516,-0.674336553,0.015788732,0.738253772
1713723191021525504.000000,-19.772869110,0.583948731,12.000991821,0.002708541,-0.673639596,0.016774826,0.738864720
1713723191054965248.000000,-19.785831451,0.585162640,12.002054214,0.000596119,-0.672804594,0.015636599,0.739654720
1713723191088406784.000000,-19.798517227,0.584776759,12.002902985,0.001335729,-0.672475636,0.015003896,0.739965975
1713723191121849600.000000,-19.810642242,0.585564554,12.005676270,0.000532987,-0.671940029,0.016700448,0.740417123
1713723191155293696.000000,-19.823238373,0.586138725,12.006002426,0.000462696,-0.671974182,0.015529004,0.740411699
1713723191188739840.000000,-19.836116791,0.586753488,12.005899429,-0.000457618,-0.671516836,0.015356635,0.740830004
1713723191222186496.000000,-19.848255157,0.586234331,12.007236481,0.000713219,-0.671492457,0.015680136,0.740845144
1713723191255635200.000000,-19.859630585,0.587063193,12.008733749,0.000262851,-0.671004176,0.017471392,0.741247714
1713723191289085440.000000,-19.872722626,0.587622881,12.008825302,-0.000413100,-0.671102107,0.014926826,0.741214573
1713723191322536704.000000,-19.885478973,0.587846875,12.009372711,-0.000484039,-0.670690656,0.015205379,0.741581261
1713723191355989760.000000,-19.895717621,0.587669253,12.009176254,0.001130691,-0.670410633,0.017297978,0.741787791
1713723191389443840.000000,-19.912532806,0.588592529,12.015062332,0.000134583,-0.670535326,0.016785834,0.741687655
1713723191422899712.000000,-19.925281525,0.589663506,12.014980316,-0.000611092,-0.670586705,0.015078122,0.741677701
1713723191456357120.000000,-19.937076569,0.589353800,12.015443802,-0.000428480,-0.670214832,0.016106946,0.741992295
1713723191489816064.000000,-19.943187714,0.589357316,12.009035110,0.001721846,-0.669958472,0.018010180,0.742178142
1713723191523275776.000000,-19.964391708,0.586763442,12.019992828,-0.000624745,-0.670245111,0.016266383,0.741961300
1713723191556737536.000000,-19.976600647,0.588035822,12.019603729,0.000214696,-0.670257509,0.015758643,0.741961300
1713723191590310144.000000,-19.988048553,0.587881923,12.019813538,0.000040238,-0.669685662,0.017267602,0.742443979
1713723191623564800.000000,-19.999235153,0.588185430,12.018768311,0.001860479,-0.669642508,0.017582592,0.742473125
1713723191656817920.000000,-20.019893646,0.587055922,12.025230408,-0.000686384,-0.669746995,0.016014736,0.742416382
1713723191690070528.000000,-20.031753540,0.588011742,12.024837494,-0.000040105,-0.669551969,0.015692934,0.742599428
1713723191723322368.000000,-20.042751312,0.587780476,12.025053024,0.000829275,-0.668898880,0.017484821,0.743147373
1713723191756573184.000000,-20.054533005,0.589250922,12.024642944,0.000791051,-0.668841541,0.017225252,0.743205070
1713723191789823232.000000,-20.078159332,0.588549256,12.035696030,-0.000649699,-0.669105709,0.015384318,0.743007720
1713723191823072768.000000,-20.089881897,0.589035630,12.035306931,-0.000164082,-0.668693185,0.015579121,0.743375242
1713723191856320512.000000,-20.100345612,0.588695228,12.035215378,0.002213786,-0.668451488,0.018454738,0.743523538
1713723191889567744.000000,-20.113288879,0.589353204,12.036390305,0.000317252,-0.668454170,0.016901439,0.743561208
1713723191922814464.000000,-20.129119873,0.589218616,12.039125443,0.000842254,-0.668570876,0.015439382,0.743487716
1713723191956059904.000000,-20.140344620,0.588348508,12.039041519,0.001666132,-0.668187559,0.017381519,0.743788064
1713723191989304576.000000,-20.151121140,0.588165164,12.039110184,0.003461324,-0.667816401,0.019448588,0.744063914
1713723192022548480.000000,-20.165016174,0.588648617,12.039819717,0.001286041,-0.667926073,0.016048253,0.744053602
1713723192055790592.000000,-20.185470581,0.585370958,12.046947479,0.001456302,-0.668124795,0.016500173,0.743864954
1713723192089032704.000000,-20.196620941,0.584406972,12.047218323,0.003885146,-0.667700231,0.018990116,0.744177878
1713723192122273792.000000,-20.208919525,0.585299432,12.047454834,0.003146208,-0.667440236,0.017696781,0.744446516
1713723192155514112.000000,-20.222141266,0.585693538,12.048553467,0.003194560,-0.667648375,0.016372066,0.744289935
1713723192188752640.000000,-20.237693787,0.584225774,12.052877426,0.002895094,-0.667408049,0.017414918,0.744483054
1713723192221991424.000000,-20.249050140,0.584298670,12.053085327,0.005467663,-0.667471290,0.018282583,0.744391084
1713723192255228160.000000,-20.261726379,0.584806263,12.053953171,0.003668519,-0.667161822,0.017532362,0.744697511
1713723192288464896.000000,-20.275806427,0.585631907,12.055135727,0.003127832,-0.667108536,0.016904427,0.744762182
1713723192321700096.000000,-20.290834427,0.584887624,12.059043884,0.003917427,-0.667376935,0.016867593,0.744518816
1713723192354935296.000000,-20.301788330,0.585297585,12.059932709,0.006088015,-0.666935623,0.020260449,0.744814992
1713723192388168448.000000,-20.315517426,0.586846769,12.060806274,0.002744573,-0.667238057,0.017276308,0.744639158
1713723192421401600.000000,-20.329059601,0.586579263,12.062086105,0.002925511,-0.667573214,0.016699955,0.744351149
1713723192454633216.000000,-20.344345093,0.583542526,12.068677902,0.004763495,-0.667631865,0.018981470,0.744234383
1713723192487864576.000000,-20.355821609,0.584865689,12.069166183,0.005158564,-0.667475700,0.019248746,0.744364917
1713723192521094656.000000,-20.369716644,0.585901976,12.070272446,0.001895477,-0.667607665,0.016088922,0.744337082
1713723192554323712.000000,-20.381744385,0.587198973,12.068634033,0.003050859,-0.667359829,0.017810181,0.744516253
1713723192587539712.000000,-20.395816803,0.585417032,12.075193405,0.004246811,-0.667633593,0.018884636,0.744238436
1713723192620794112.000000,-20.408832550,0.586751223,12.076271057,0.002760125,-0.667350054,0.017217372,0.744540095
1713723192654046976.000000,-20.421772003,0.588696241,12.077213287,0.002801882,-0.667269289,0.016573336,0.744626939
1713723192687299840.000000,-20.434265137,0.589570701,12.078388214,0.003053846,-0.667244494,0.017198032,0.744634032
1713723192720551168.000000,-20.446521759,0.588406086,12.081588745,0.005274993,-0.667079151,0.018438431,0.744740009
1713723192753801728.000000,-20.460115433,0.589637876,12.082960129,0.002493162,-0.666731358,0.016197667,0.745118022
1713723192787051776.000000,-20.473274231,0.590836048,12.083801270,0.002525015,-0.666857123,0.015373133,0.745022774
1713723192820300288.000000,-20.485061646,0.591292858,12.084997177,0.004909710,-0.666527033,0.017854609,0.745250940
1713723192853548288.000000,-20.498556137,0.592168629,12.087259293,0.004646569,-0.666097641,0.017630346,0.745641649
1713723192886795264.000000,-20.512445450,0.594039321,12.088548660,0.002097861,-0.666173339,0.014704020,0.745649040
1713723192920041216.000000,-20.524608612,0.593940735,12.089958191,0.002474260,-0.665899694,0.015894003,0.745867908
1713723192953286656.000000,-20.535575867,0.596522510,12.090705872,0.004969287,-0.665557861,0.019499060,0.746074975
1713723192986531072.000000,-20.549709320,0.594995081,12.093311310,0.002445494,-0.665534496,0.016721465,0.746175826
1713723193019774208.000000,-20.562801361,0.596046448,12.094104767,0.002424497,-0.665425599,0.016191995,0.746284723
1713723193053016576.000000,-20.574409485,0.594572008,12.095638275,0.003480706,-0.664921939,0.017955497,0.746688962
1713723193086258688.000000,-20.586006165,0.596014678,12.097171783,0.004429362,-0.664599180,0.019631697,0.746929049
1713723193119499008.000000,-20.601005554,0.594916701,12.100896835,0.002019466,-0.664834678,0.016999613,0.746794462
1713723193152738560.000000,-20.613876343,0.595383108,12.101785660,0.002431067,-0.664816737,0.017146792,0.746805787
1713723193185977344.000000,-20.625820160,0.594418406,12.104194641,0.003650548,-0.664672673,0.019660955,0.746867120
1713723193219215360.000000,-20.638408661,0.595498443,12.104267120,0.003582943,-0.664535522,0.020176018,0.746975720
1713723193252452352.000000,-20.655355453,0.593794405,12.111921310,0.001250568,-0.664911389,0.017498698,0.746716201
1713723193285688320.000000,-20.668697357,0.593519211,12.112966537,0.001689217,-0.664771855,0.017258193,0.746845186
1713723193318923776.000000,-20.680318832,0.592005074,12.114950180,0.003435584,-0.664414585,0.021162739,0.747056663
1713723193352157952.000000,-20.693061829,0.592710912,12.115594864,0.002717818,-0.664232433,0.019891884,0.747256517
1713723193385391360.000000,-20.707740784,0.593464971,12.118345261,0.000391867,-0.664525807,0.016115075,0.747091472
1713723193418624000.000000,-20.720031738,0.591686428,12.119564056,0.001663470,-0.664343655,0.018617658,0.747193515
1713723193451855104.000000,-20.731950760,0.590699077,12.121541977,0.001903015,-0.663989723,0.021625325,0.747426510
1713723193485085952.000000,-20.746101379,0.590434849,12.122468948,0.000121821,-0.664360464,0.017598430,0.747205138
1713723193518315776.000000,-20.762268066,0.594281316,12.126234055,0.000347866,-0.664660394,0.017258858,0.746946216
1713723193551544320.000000,-20.774353027,0.592669785,12.127840042,0.001176604,-0.664431512,0.018968023,0.747107565
1713723193584663040.000000,-20.786766052,0.592850208,12.129489899,0.001108505,-0.664280176,0.019384727,0.747231543
1713723193618125568.000000,-20.801010132,0.593288362,12.131221771,-0.000953267,-0.664444566,0.016553780,0.747153640
1713723193651590656.000000,-20.814426422,0.592178762,12.132905960,-0.000438290,-0.664523780,0.017366270,0.747065246
1713723193685057024.000000,-20.826141357,0.593976200,12.134090424,0.000696167,-0.664724469,0.018922508,0.746848702
1713723193718524928.000000,-20.839538574,0.594330490,12.134815216,-0.000156546,-0.665321350,0.017405663,0.746354163
1713723193751995136.000000,-20.853433609,0.594850898,12.135427475,-0.000867360,-0.666072369,0.016386412,0.745706618
1713723193785466880.000000,-20.866031647,0.592339694,12.135393143,0.000622690,-0.666546226,0.016959256,0.745270610
1713723193818940672.000000,-20.878343582,0.594536245,12.136447906,0.000920137,-0.667086303,0.018833280,0.744741857
1713723193852416000.000000,-20.892572403,0.594725013,12.136238098,-0.000233970,-0.668145895,0.015306037,0.743872821
1713723193885893632.000000,-20.906192780,0.594038844,12.136245728,0.000075179,-0.668997586,0.015335860,0.743106365
1713723193919372544.000000,-20.918460846,0.592718482,12.136833191,0.001596841,-0.669497371,0.018059544,0.742593229
1713723193952854016.000000,-20.935194016,0.597885847,12.138336182,0.000751232,-0.670619965,0.015951341,0.741629243
1713723193986337024.000000,-20.949417114,0.598220825,12.138116837,0.000367266,-0.671707273,0.014885753,0.740667045
1713723194019821312.000000,-20.962326050,0.596664190,12.137874603,0.002002848,-0.672938943,0.015577752,0.739531338
1713723194053307648.000000,-20.974765778,0.596597195,12.137182236,0.002721681,-0.673519313,0.017775329,0.738950908
1713723194086796288.000000,-20.989114761,0.598855615,12.137634277,0.000800115,-0.675089836,0.014796731,0.737586737
1713723194120286976.000000,-21.002864838,0.597862244,12.137042999,0.000902552,-0.676118076,0.014537314,0.736649334
1713723194153778688.000000,-21.015130997,0.595395386,12.136772156,0.003631590,-0.676979840,0.016894117,0.735798776
1713723194187272704.000000,-21.028182983,0.594716728,12.135992050,0.003055903,-0.677980959,0.017005678,0.734876454
1713723194220768768.000000,-21.043266296,0.597185850,12.136178970,0.001556330,-0.679590106,0.014992262,0.733437240
1713723194254266368.000000,-21.056503296,0.595097363,12.135910034,0.001996268,-0.680496871,0.016151676,0.732570350
1713723194287766016.000000,-21.068706512,0.593319476,12.135892868,0.003647834,-0.681515753,0.018544897,0.731559336
1713723194321267456.000000,-21.082469940,0.589277565,12.135646820,0.002172879,-0.682731390,0.017040396,0.730467618
1713723194354769920.000000,-21.097366333,0.595254779,12.133886337,0.002804711,-0.683967412,0.016604463,0.729318261
1713723194388275456.000000,-21.110172272,0.593243897,12.134349823,0.002565138,-0.684666872,0.018893188,0.728606761
1713723194421782016.000000,-21.123008728,0.592017353,12.134231567,0.003256575,-0.685943246,0.019108733,0.727396905
1713723194455290880.000000,-21.136783600,0.590720415,12.133871078,0.002796208,-0.687122881,0.018586839,0.726298094
1713723194488801280.000000,-21.149505615,0.590944350,12.132627487,0.003870426,-0.688156307,0.019032815,0.725302577
1713723194522313472.000000,-21.161815643,0.589366019,12.132966995,0.003844241,-0.688882470,0.021600910,0.724540949
1713723194555827968.000000,-21.175075531,0.589402795,12.132694244,0.003643307,-0.690131903,0.020919690,0.723372161
1713723194589343744.000000,-21.189556122,0.588696539,12.132263184,0.003430999,-0.691336155,0.019516220,0.722261608
1713723194622773760.000000,-21.201938629,0.589078307,12.131101608,0.005310284,-0.692419887,0.021431524,0.721156895
1713723194656126720.000000,-21.214330673,0.588714004,12.131774902,0.004461376,-0.693340778,0.024443613,0.720181465
1713723194689324800.000000,-21.228256226,0.589542210,12.130407333,0.003652844,-0.695243180,0.021564757,0.718441784
1713723194722961408.000000,-21.242649078,0.588403165,12.129257202,0.004490799,-0.696830511,0.020767266,0.716921091
1713723194756599552.000000,-21.255096436,0.588533521,12.125162125,0.005063564,-0.697801828,0.023846993,0.715875924
1713723194790238976.000000,-21.268592834,0.588684380,12.124181747,0.004750466,-0.699570954,0.022816533,0.714183033
1713723194823880192.000000,-21.282909393,0.589211047,12.122472763,0.004096142,-0.701297998,0.021232044,0.712540269
1713723194857522944.000000,-21.295001984,0.587267280,12.121767044,0.005404245,-0.702677131,0.023495412,0.711100340
1713723194891167744.000000,-21.307350159,0.587737560,12.119283676,0.005175618,-0.703807771,0.025403572,0.709917367
1713723194924813824.000000,-21.321676254,0.588614523,12.117063522,0.004406868,-0.705720723,0.021859247,0.708139181
1713723194958461184.000000,-21.335239410,0.588307798,12.115026474,0.005257841,-0.707382143,0.021412687,0.706487417
1713723194992110848.000000,-21.346576691,0.588663876,12.114078522,0.005755767,-0.708478153,0.025587875,0.705245316
1713723195025761280.000000,-21.361593246,0.588699877,12.110435486,0.005793827,-0.710096061,0.024533816,0.703653395
1713723195059414272.000000,-21.376163483,0.589621723,12.107595444,0.004925391,-0.711957991,0.021206088,0.701884508
1713723195093067776.000000,-21.387908936,0.588151932,12.106029510,0.006851892,-0.713456810,0.024379222,0.700241566
1713723195126723840.000000,-21.399623871,0.589820683,12.104742050,0.006030967,-0.714665055,0.026607357,0.698934674
1713723195160381440.000000,-21.414274216,0.589302242,12.101518631,-0.004563380,0.716663182,-0.022208096,-0.697050869
1713723195194039808.000000,-21.427375793,0.589217842,12.098670959,-0.005685829,0.718323469,-0.021680571,-0.695348203
1713723195227700480.000000,-21.439205170,0.588395476,12.097455978,-0.006128009,0.719148457,-0.025838058,-0.694348872
1713723195261362432.000000,-21.450872421,0.590358675,12.095643997,0.005898162,-0.720832467,0.022888564,0.692706168
1713723195295026176.000000,-21.470119476,0.589637041,12.090145111,-0.005138824,0.722498298,-0.021219663,-0.691027880
1713723195328691712.000000,-21.482639313,0.588662922,12.087888718,-0.005895475,0.723795414,-0.022460386,-0.689623892
1713723195362358528.000000,-21.495029449,0.588648319,12.086019516,-0.006331287,0.725008011,-0.023911638,-0.688296139
1713723195396027392.000000,-21.509349823,0.588500857,12.082712173,0.005504501,-0.726841331,0.020803982,0.686468244
1713723195429697280.000000,-21.524061203,0.588336945,12.078123093,-0.006489721,0.728046477,-0.021191990,-0.685169399
1713723195463369472.000000,-21.536769867,0.587985933,12.076009750,-0.006246755,0.729313076,-0.022810752,-0.683771312
1713723195497042688.000000,-21.550594330,0.587968111,12.073158264,-0.005797239,0.731191456,-0.020198906,-0.681848586
1713723195530717952.000000,-21.560379028,0.586307645,12.073719025,0.005508713,-0.732886851,0.020308897,0.680025160
1713723195564393984.000000,-21.577190399,0.586550713,12.066360474,-0.007947108,0.733963490,-0.021908224,-0.678789020
1713723195598072576.000000,-21.590240479,0.587063253,12.063940048,-0.006017879,0.735486150,-0.020748613,-0.677195251
1713723195631752192.000000,-21.603227615,0.587177098,12.060626984,-0.007197727,0.737602472,-0.019374842,-0.674918830
1713723195665433600.000000,-21.617004395,0.587149739,12.057605743,0.006067339,-0.739311159,0.021175412,0.673003614
1713723195699307520.000000,-21.629589081,0.587148607,12.052875519,-0.007685207,0.741531789,-0.021708295,-0.670522451
1713723195732564480.000000,-21.643314362,0.587876141,12.048795700,-0.005740655,0.743744910,-0.019536056,-0.668153465
1713723195765820416.000000,-21.655582428,0.587849557,12.044328690,-0.007149082,0.746220648,-0.020560656,-0.665342748
1713723195799075584.000000,-21.667915344,0.587644339,12.040567398,-0.005729846,0.748227596,-0.021347564,-0.663073897
1713723195832330496.000000,-21.681058884,0.589171052,12.036375046,0.006299944,-0.750782192,0.020005696,0.660216868
1713723195865583616.000000,-21.697746277,0.588171959,12.029685974,-0.005519665,0.753024101,-0.019854808,-0.657670259
1713723195898836736.000000,-21.709030151,0.587384880,12.025485992,-0.007176753,0.755147338,-0.021812866,-0.655152917
1713723195932088320.000000,-21.721309662,0.588112116,12.021352768,-0.005139451,0.757268131,-0.021471702,-0.652730882
1713723195965339392.000000,-21.734012604,0.588393033,12.015556335,-0.006037098,0.759925067,-0.018690497,-0.649713993
1713723195998589184.000000,-21.747705460,0.587702692,12.010808945,0.005494968,-0.761667371,0.019766184,0.647643447
1713723196031838976.000000,-21.758111954,0.587044477,12.006055832,0.008591695,-0.763440490,0.021850709,0.645451367
1713723196065086720.000000,-21.771926880,0.589737356,12.003211975,-0.006292804,0.764842689,-0.019401532,-0.643894076
1713723196098334208.000000,-21.785387039,0.589463711,11.999328613,-0.005909188,0.765962899,-0.017718486,-0.642613411
1713723196131581184.000000,-21.796989441,0.588532329,11.996931076,-0.005158149,0.766127765,-0.019002760,-0.642386675
1713723196164826368.000000,-21.808341980,0.588177145,11.994596481,-0.007369507,0.766158462,-0.019372188,-0.642317295
1713723196198071552.000000,-21.819799423,0.586215794,11.993005753,0.005683059,-0.765572846,0.018859545,0.643047690
1713723196231315456.000000,-21.838731766,0.592078149,11.991985321,-0.003933965,0.764516234,-0.017221654,-0.644362330
1713723196264558592.000000,-21.850986481,0.590954721,11.992090225,-0.004910421,0.763155937,-0.016889192,-0.645974934
1713723196297800448.000000,-21.861534119,0.590071917,11.993989944,-0.006610335,0.760682821,-0.020335708,-0.648771465
1713723196331041792.000000,-21.874395370,0.591038287,11.996410370,-0.004884172,0.757974386,-0.017592074,-0.652028739
1713723196364282112.000000,-21.874383926,0.586482108,12.003776550,0.003489872,-0.754732847,0.015190326,0.655847192
1713723196397521664.000000,-21.899509430,0.592900455,12.003683090,-0.004928042,0.750490010,-0.018381817,-0.660607755
1713723196430760704.000000,-21.910419464,0.593283355,12.009353638,-0.005763762,0.745647907,-0.017811334,-0.666077137
1713723196463998208.000000,-21.923347473,0.594279706,12.015987396,-0.003065556,0.740264237,-0.014819896,-0.672145724
1713723196497235200.000000,-21.935340881,0.593725026,12.023027420,-0.003409967,0.734835625,-0.015608137,-0.678057134
1713723196530471680.000000,-21.946552277,0.590751827,12.031211853,0.005087781,-0.729278147,0.017984662,0.683962107
1713723196563706624.000000,-21.962696075,0.595795691,12.036977768,-0.003359997,0.723642766,-0.016279928,-0.689974606
1713723196596941312.000000,-21.976963043,0.596243262,12.043920517,-0.001883346,0.718826652,-0.013420346,-0.695057273
1713723196630174720.000000,-21.988403320,0.595587611,12.050479889,-0.002883268,0.713946998,-0.016898131,-0.699989974
1713723196663406848.000000,-22.001777649,0.596648216,12.055740356,-0.001038949,0.710126162,-0.015750438,-0.703897536
1713723196696638464.000000,-22.017005920,0.596814334,12.060646057,0.000230548,-0.707310975,0.011963450,0.706801295
1713723196729946368.000000,-22.030315399,0.599018633,12.064332962,0.001043542,-0.704305351,0.015820546,0.709720194
1713723196763310080.000000,-22.043903351,0.599836409,12.067304611,-0.000072834,-0.702609658,0.014884418,0.711419821
1713723196796552192.000000,-22.058620453,0.600844502,12.068656921,-0.001234163,-0.701758444,0.011618730,0.712319255
1713723196830159616.000000,-22.071104050,0.599346697,12.070035934,-0.000275578,-0.700951815,0.013885339,0.713073492
1713723196863768320.000000,-22.084255219,0.601409614,12.071329117,-0.000361896,-0.700745702,0.014240259,0.713268995
1713723196897378560.000000,-22.098522186,0.602029800,12.071516037,-0.001700519,-0.700773716,0.011882496,0.713282704
1713723196930990080.000000,-22.111961365,0.601756692,12.072021484,-0.001797306,-0.700563312,0.012396063,0.713480353
1713723196964602112.000000,-22.124324799,0.601886153,12.071601868,-0.000148211,-0.700204372,0.014503367,0.713795125
1713723196998216704.000000,-22.138202667,0.602597654,12.073932648,-0.002226629,-0.700113773,0.012772138,0.713913679
1713723197031832064.000000,-22.151750565,0.603555679,12.073486328,-0.001673760,-0.700218081,0.011700598,0.713831186
1713723197065448448.000000,-22.164634705,0.602164686,12.073944092,-0.001545856,-0.700035870,0.013006324,0.713987589
1713723197099066368.000000,-22.177251816,0.602774560,12.073331833,0.001172700,-0.699893296,0.014179437,0.714105725
1713723197132685824.000000,-22.191568375,0.603144050,12.075437546,-0.002505940,-0.699837148,0.011856505,0.714199722
1713723197166306816.000000,-22.205204010,0.603761673,12.076084137,-0.001932498,-0.699828029,0.011483347,0.714216530
1713723197199928832.000000,-22.217819214,0.602290034,12.076822281,-0.000612100,-0.699553192,0.013060468,0.714460969
1713723197233551616.000000,-22.230520248,0.602411747,12.076473236,-0.000749309,-0.699168861,0.014506189,0.714809120
1713723197267176960.000000,-22.244834900,0.603305340,12.077932358,-0.002280116,-0.699542940,0.011384635,0.714496255
1713723197300803072.000000,-22.258167267,0.603826582,12.078227997,-0.002512506,-0.699102938,0.011976135,0.714916348
1713723197334429952.000000,-22.269680023,0.602603793,12.078481674,0.000775487,-0.699153900,0.014537530,0.714823008
1713723197368058880.000000,-22.281948090,0.603442252,12.078371048,-0.000738678,-0.699027836,0.013919854,0.714958608
1713723197401689088.000000,-22.297826767,0.603660583,12.080211639,-0.002581523,-0.699547589,0.011206730,0.714493513
1713723197435320320.000000,-22.309612274,0.602851987,12.080629349,-0.002038309,-0.699138463,0.014013675,0.714846075
1713723197468952832.000000,-22.320966721,0.603043616,12.080371857,-0.000087681,-0.699194491,0.015216412,0.714769661
1713723197502587136.000000,-22.334800720,0.603130639,12.081281662,-0.002411733,-0.699196458,0.013137318,0.714804828
1713723197536222464.000000,-22.349227905,0.603998542,12.082319260,-0.001845989,-0.699272752,0.013054766,0.714733481
1713723197569859328.000000,-22.361087799,0.603280663,12.083152771,-0.002159887,-0.698820531,0.015129659,0.715133786
1713723197603497216.000000,-22.373065948,0.604133368,12.083053589,-0.001084981,-0.698987842,0.014953391,0.714976370
1713723197637136640.000000,-22.387065887,0.604719698,12.083124161,-0.002404837,-0.698960900,0.013162692,0.715034723
1713723197670777600.000000,-22.399551392,0.605232596,12.083942413,-0.002064899,-0.698741496,0.014385800,0.715226710
1713723197704419328.000000,-22.411697388,0.604551673,12.084354401,-0.001119819,-0.698502183,0.014895793,0.715452015
1713723197738063104.000000,-22.424032211,0.605107784,12.084760666,-0.000872963,-0.697971344,0.015678119,0.715953648
1713723197771707648.000000,-22.437856674,0.605649054,12.084907532,-0.002052139,-0.697993279,0.012950847,0.715984344
1713723197805569024.000000,-22.451484680,0.604907990,12.085716248,-0.001202854,-0.697920740,0.013702214,0.716042936
1713723197838790400.000000,-22.464235306,0.605556190,12.086147308,-0.000391751,-0.697672784,0.016386420,0.716229081
1713723197872011520.000000,-22.477539062,0.606173694,12.086181641,-0.000984192,-0.697872102,0.014848373,0.716067851
1713723197905231104.000000,-22.491867065,0.607132912,12.085840225,-0.001962547,-0.697822392,0.013048290,0.716149330
1713723197938448896.000000,-22.503356934,0.605881810,12.086479187,0.000073516,-0.698010385,0.013782502,0.715955019
1713723197971666688.000000,-22.515846252,0.606716096,12.086996078,0.000331600,-0.697475612,0.017306289,0.716399550
1713723198004882432.000000,-22.530166626,0.607432902,12.086284637,-0.001513340,-0.697746873,0.012643258,0.716231346
1713723198038096896.000000,-22.543247223,0.607367516,12.086267471,-0.000563610,-0.697827220,0.013399480,0.716140628
1713723198071311104.000000,-22.555461884,0.606403708,12.088123322,0.000343402,-0.697688580,0.015851693,0.716225803
1713723198104523520.000000,-22.568784714,0.607397735,12.087278366,0.000127474,-0.698302090,0.013501969,0.715675890
1713723198137734656.000000,-22.582775116,0.608223438,12.086841583,-0.000647007,-0.698872864,0.013112697,0.715125442
1713723198170945024.000000,-22.595886230,0.607508302,12.086481094,0.000010739,-0.699401677,0.013501259,0.714601338
1713723198204153856.000000,-22.608339310,0.607131958,12.086799622,0.001070999,-0.699834585,0.015064273,0.714145362
1713723198237361664.000000,-22.622165680,0.608538508,12.087186813,-0.000746445,-0.700677812,0.013124430,0.713356793
1713723198270568448.000000,-22.636312485,0.609078884,12.086652756,-0.000727650,-0.701522470,0.012284902,0.712541163
1713723198303773952.000000,-22.649368286,0.608658910,12.087165833,0.001303198,-0.702092946,0.014046543,0.711945593
1713723198336977920.000000,-22.661716461,0.608658671,12.085786819,0.000537183,-0.702437758,0.014960964,0.711587787
1713723198370181376.000000,-22.676223755,0.609235942,12.084636688,-0.000778738,-0.703641951,0.011156091,0.710466743
1713723198403383296.000000,-22.689998627,0.608708262,12.083667755,-0.000431942,-0.704155087,0.011872565,0.709946871
1713723198436583936.000000,-22.701957703,0.607992589,12.082593918,0.002279751,-0.704840958,0.014987808,0.709203362
1713723198469784064.000000,-22.715927124,0.608748078,12.082252502,-0.000660987,-0.705768168,0.012830072,0.708326399
1713723198502982144.000000,-22.729080200,0.609773993,12.080867767,0.000269152,-0.706930995,0.011391042,0.707190752
1713723198536179456.000000,-22.741994858,0.609242320,12.079805374,-0.000221874,-0.707566023,0.013302803,0.706521988
1713723198569375488.000000,-22.754505157,0.610027254,12.077718735,0.001286110,-0.708632767,0.013567340,0.705446005
1713723198602570496.000000,-22.769119263,0.610174656,12.076648712,-0.000876953,-0.709328413,0.012163103,0.704772770
1713723198635764480.000000,-22.782009125,0.611653686,12.076442719,0.000040935,-0.710211098,0.012339927,0.703880668
1713723198668956928.000000,-22.795448303,0.611382663,12.075139999,-0.000570554,-0.710939586,0.012446390,0.703142762
1713723198702148352.000000,-22.808418274,0.611578465,12.073795319,-0.000105589,-0.711652219,0.013005457,0.702411592
1713723198735339264.000000,-22.821807861,0.611341119,12.072053909,-0.000695261,-0.712336719,0.012268605,0.701730311
1713723198768527872.000000,-22.834442139,0.611697912,12.070880890,0.000497839,0.713282228,-0.011849137,-0.700776696
1713723198801699584.000000,-22.847427368,0.611297131,12.069713593,0.000541951,0.714013517,-0.012705657,-0.700016439
1713723198834922496.000000,-22.860195160,0.611510277,12.068397522,0.000284079,0.714793026,-0.012627548,-0.699222088
1713723198868144640.000000,-22.873874664,0.611201763,12.066679001,-0.000634864,-0.715655446,0.011617536,0.698356628
1713723198901364736.000000,-22.886047363,0.611102104,12.065399170,0.000210898,0.716522932,-0.012615192,-0.697449505
1713723198934584064.000000,-22.899183273,0.610876083,12.064455032,0.000613452,0.717369735,-0.012566977,-0.696579099
1713723198967802880.000000,-22.912450790,0.611569405,12.063209534,0.000855494,0.718167663,-0.012567041,-0.695756137
1713723199001019392.000000,-22.925468445,0.611038446,12.061378479,0.000261912,-0.719025791,0.012401294,0.694872737
1713723199034235136.000000,-22.941326141,0.609323144,12.061155319,0.000161765,0.719550908,-0.013197741,-0.694314420
1713723199067450624.000000,-22.955013275,0.609756827,12.060012817,0.001231469,0.720602691,-0.012257064,-0.693238795
1713723199100663552.000000,-22.968330383,0.609499335,12.058517456,0.001388856,0.721408308,-0.011802618,-0.692408085
1713723199133875968.000000,-22.980350494,0.609364510,12.057384491,0.000683318,-0.722203255,0.013766424,0.691543519
1713723199167087360.000000,-22.995388031,0.607176661,12.056432724,0.001390222,0.723134875,-0.012497036,-0.690592468
1713723199200297472.000000,-23.007740021,0.607881784,12.054395676,-0.000559392,0.724342406,-0.012436555,-0.689328015
1713723199233506560.000000,-23.020561218,0.607836843,12.053514481,0.001253266,0.724958777,-0.013366305,-0.688661456
1713723199266713856.000000,-23.032600403,0.608734727,12.051528931,-0.000041474,-0.726083994,0.013194263,0.687479556
1713723199299920640.000000,-23.046375275,0.606790423,12.050559998,0.001060019,0.726701438,-0.012135394,-0.686845481
1713723199333126144.000000,-23.057880402,0.607826233,12.049310684,-0.000606253,0.727110386,-0.014232658,-0.686372876
1713723199366330112.000000,-23.070709229,0.608330846,12.048618317,0.000784401,0.727499843,-0.013367585,-0.685977161
1713723199399533312.000000,-23.082462311,0.609781504,12.047067642,-0.000538584,-0.727926433,0.013193801,0.685528159
1713723199432734976.000000,-23.100482941,0.606802702,12.045875549,0.000244907,0.728316784,-0.013698499,-0.685103655
1713723199465935360.000000,-23.112073898,0.608018279,12.045331955,0.000523902,0.728206575,-0.014403697,-0.685206234
1713723199499135232.000000,-23.124574661,0.609591007,12.044439316,0.000244007,0.728383422,-0.013332265,-0.685040057
1713723199532333568.000000,-23.137908936,0.610547304,12.044214249,-0.001346826,-0.728602886,0.013304931,0.684805930
1713723199565531136.000000,-23.149339676,0.610697508,12.042377472,-0.000078384,0.728783906,-0.013996631,-0.684600830
1713723199598726656.000000,-23.162113190,0.611276150,12.042037964,0.000911912,0.728646398,-0.013086353,-0.684764445
1713723199631921408.000000,-23.173992157,0.612538278,12.040983200,-0.000611877,0.728807569,-0.013856275,-0.684578121
1713723199665115904.000000,-23.186189651,0.613439798,12.040481567,-0.000680627,-0.728984833,0.013279065,0.684400737
1713723199698308352.000000,-23.200511932,0.611747861,12.038824081,-0.000226859,0.729059756,-0.013859961,-0.684309721
1713723199731499776.000000,-23.212850571,0.612013102,12.038297653,0.000189787,0.729121864,-0.013397147,-0.684252799
1713723199764689664.000000,-23.224723816,0.613179922,12.037178040,-0.000153006,0.729184747,-0.013421703,-0.684185386
1713723199797775104.000000,-23.236679077,0.614400864,12.036556244,0.000762450,-0.729296863,0.013702018,0.684059858
1713723199831187968.000000,-23.254278183,0.612457931,12.035444260,0.000360627,0.729150414,-0.013852851,-0.684213221
1713723199864602624.000000,-23.266057968,0.613485932,12.034523010,-0.000883725,0.729281783,-0.013949715,-0.684070706
1713723199898018048.000000,-23.278469086,0.614685059,12.033905029,0.000559067,0.729188859,-0.013316977,-0.684182703
1713723199931435008.000000,-23.289779663,0.616329491,12.031993866,0.000804366,-0.729367077,0.013668757,0.683985531
1713723199964853248.000000,-23.305059433,0.616042733,12.032167435,0.000341897,0.729223490,-0.014002307,-0.684132338
1713723199998273024.000000,-23.316757202,0.617546558,12.030717850,-0.000813894,0.729353607,-0.013795969,-0.683997393
1713723200031693824.000000,-23.329303741,0.617959261,12.029811859,0.000287542,0.729262173,-0.013364617,-0.684103847
1713723200065115904.000000,-23.341545105,0.618793845,12.029020309,0.000271846,-0.729375541,0.013930553,0.683971643
1713723200098539264.000000,-23.353839874,0.618991137,12.028232574,0.000065559,-0.729468882,0.014056756,0.683869600
1713723200131964160.000000,-23.366184235,0.619520485,12.027124405,-0.000309403,-0.729368806,0.013772776,0.683982074
1713723200165390592.000000,-23.382486343,0.619186997,12.027263641,-0.000196334,0.729519308,-0.013632087,-0.683824420
1713723200198818048.000000,-23.394947052,0.619135261,12.026344299,0.000715460,0.729390919,-0.013326509,-0.683966994
1713723200232246272.000000,-23.406810760,0.619271576,12.025276184,-0.000739504,0.729490101,-0.013783778,-0.683852136
1713723200265676544.000000,-23.419223785,0.620672286,12.024686813,-0.000815395,-0.729400396,0.013211358,0.683959007
1713723200299107584.000000,-23.434272766,0.620510280,12.023761749,-0.000281520,0.729668379,-0.013359040,-0.683670700
1713723200332540160.000000,-23.446195602,0.620451391,12.022924423,0.000196832,0.729577661,-0.013171055,-0.683771193
1713723200365974528.000000,-23.457698822,0.620806813,12.022335052,-0.000529266,0.729445279,-0.014441517,-0.683886528
1713723200399409408.000000,-23.472015381,0.622236490,12.021398544,-0.000792082,-0.729645252,0.012579338,0.683709741
1713723200432845568.000000,-23.484729767,0.622698307,12.020305634,-0.000454027,-0.729715347,0.012321361,0.683639944
1713723200466283520.000000,-23.497406006,0.620868444,12.020313263,-0.000890217,0.729796052,-0.014582663,-0.683508873
1713723200499723008.000000,-23.509845734,0.622458100,12.020082474,-0.000367068,0.729719043,-0.014175094,-0.683600128
1713723200533162752.000000,-23.523818970,0.623109400,12.019054413,0.000793865,0.730022848,-0.010783586,-0.683337212
