1713723128441686528.000000,0.260055870,3.493773699,0.178350031,-0.000033544,-0.003230753,-0.000853388,0.999994457
1713723128475195648.000000,-0.002139487,0.019958785,-0.000021625,0.003544098,-0.004097114,-0.001961577,0.999983430
1713723128508706560.000000,0.000496970,0.020300439,0.000975575,0.003875853,-0.003225703,-0.000594239,0.999987185
1713723128542219776.000000,-0.004412631,0.024400273,0.003023623,-0.000301482,-0.003695610,-0.003743527,0.999986172
1713723128575735296.000000,-0.002159464,0.026210934,0.003042321,0.000418220,-0.004222610,-0.002073906,0.999988914
1713723128609252608.000000,-0.002487690,0.026367471,0.002245215,0.004190983,-0.003924069,-0.002446919,0.999980569
1713723128642772480.000000,-0.004071095,0.028688017,0.003132843,0.002069798,-0.002729915,-0.003635517,0.999987543
1713723128676294144.000000,-0.005120840,0.031600222,0.003942066,0.000328089,-0.004100691,-0.004057230,0.999983370
1713723128709817600.000000,0.452632129,6.277699947,0.323856890,0.003679541,-0.004787677,-0.000378808,0.999981761
1713723128743343872.000000,-0.002878470,0.031379938,0.001432818,0.006873335,-0.004945057,-0.002307654,0.999961495
1713723128776871424.000000,-0.001887289,0.034315273,0.001095472,0.004382928,-0.004308531,-0.001691439,0.999979734
1713723128810401792.000000,-0.003530720,0.037438560,0.003572936,0.002411834,-0.005066790,-0.002308904,0.999981642
1713723128843933696.000000,-0.003456739,0.038121186,0.001556668,0.006939730,-0.005022756,-0.002139435,0.999961019
1713723128877468160.000000,-0.002328368,0.037623540,0.003363748,0.007318580,-0.005309621,-0.001265929,0.999958336
1713723128911004416.000000,-0.002050162,0.041439462,0.002654023,0.004981537,-0.004920536,-0.001016084,0.999974966
1713723128944542976.000000,-0.004339461,0.043056201,0.002654701,0.006167052,-0.004638563,-0.002347173,0.999967456
1713723128978083072.000000,0.632460177,9.049652100,0.471971482,0.009720141,-0.003520736,0.001915380,0.999944746
1713723129011625984.000000,0.633114040,9.050589561,0.472790331,0.009198164,-0.003953657,0.002689443,0.999946296
1713723129045170432.000000,-0.001191005,0.044412080,0.002280026,0.006916023,-0.004292259,0.000130476,0.999966860
1713723129078717440.000000,-0.002928385,0.046216253,0.003024233,0.007031986,-0.004454234,-0.001112871,0.999964774
1713723129112266240.000000,-0.002754634,0.046349417,0.001520560,0.010805810,-0.004554129,-0.000858364,0.999930918
1713723129145978880.000000,0.632603943,9.056754112,0.473590195,0.009979003,-0.003703724,0.002350600,0.999940634
1713723129179296768.000000,0.631986380,9.060038567,0.474122107,0.007988301,-0.004330137,0.002341828,0.999955952
1713723129212613632.000000,-0.003434504,0.053048857,0.002960398,0.008927854,-0.004795626,-0.001102873,0.999948084
1713723129245930240.000000,0.796372890,11.805698395,0.623696864,0.014957253,-0.003856109,0.003443364,0.999874830
1713723129279246080.000000,0.797092438,11.808499336,0.624091923,0.011482367,-0.003370956,0.003769220,0.999921322
1713723129312561920.000000,0.001648996,0.060064372,0.002738533,0.007973603,-0.004252015,0.003537202,0.999952972
1713723129345877760.000000,0.000958211,0.060873538,0.002459662,0.010576168,-0.003599979,0.002711932,0.999933958
1713723129379192576.000000,0.004383259,0.061057508,0.002196772,0.010953462,-0.003899405,0.005286365,0.999918461
1713723129412507648.000000,0.003967251,0.064654402,0.001999343,0.008724499,-0.003574560,0.004760862,0.999944270
1713723129445821696.000000,0.003085798,0.067260899,0.003948069,0.007169730,-0.004609910,0.004248791,0.999954700
1713723129479136000.000000,0.001880492,0.068082832,0.002288561,0.010837421,-0.004556711,0.003293147,0.999925494
1713723129512450048.000000,0.944369018,14.540518761,0.780697823,0.011466283,-0.004042021,0.003262710,0.999920845
1713723129545763328.000000,0.943305433,14.545043945,0.782461941,0.007471690,-0.003980648,0.002517030,0.999961078
1713723129579076608.000000,0.941518366,14.547081947,0.783056796,0.008183993,-0.003667043,0.001160454,0.999959171
1713723129612388608.000000,0.944803774,14.546894073,0.781810701,0.010759150,-0.003251141,0.003425315,0.999930978
1713723129645700864.000000,0.943817973,14.550067902,0.782460570,0.007975593,-0.003484453,0.002955125,0.999957740
1713723129679013376.000000,0.942157865,14.552716255,0.783707321,0.006861651,-0.003703115,0.001849435,0.999967933
1713723129712324608.000000,0.267419934,3.554809093,0.179973215,0.009881248,-0.003405836,0.006293044,0.999925554
1713723129745636096.000000,0.007994141,0.080655515,0.002930398,0.008776246,-0.003678078,0.008023854,0.999922574
1713723129778946816.000000,1.078244090,17.262767792,0.941422343,0.008259810,-0.003234887,0.005489599,0.999945641
1713723129812257280.000000,1.077581406,17.265316010,0.942191601,0.008416015,-0.002756259,0.005699648,0.999944627
1713723129845567744.000000,1.078997135,17.265550613,0.941821516,0.009832078,-0.002693174,0.007888189,0.999916911
1713723129878877440.000000,1.079243302,17.268362045,0.942353904,0.008083767,-0.002970762,0.009453826,0.999918222
1713723129912187136.000000,1.078520775,17.270439148,0.942543268,0.008214798,-0.002880853,0.010196962,0.999910116
1713723129945495808.000000,1.079713464,17.271467209,0.942216456,0.009441119,-0.002095863,0.011618596,0.999885798
1713723129978804480.000000,1.080659389,17.272817612,0.941491306,0.009799247,-0.002244133,0.013743155,0.999855101
1713723130012113408.000000,1.080393314,17.275436401,0.942618191,0.008467347,-0.002171678,0.014718750,0.999853492
1713723130045421056.000000,3.287775278,134.623214722,-1.952502608,0.015802134,-0.002485565,0.015513823,0.999751747
1713723130078728960.000000,3.289736509,134.625381470,-1.951707959,0.014613403,-0.001437746,0.017851807,0.999732852
1713723130112036352.000000,3.289341450,134.627593994,-1.951511860,0.014236121,-0.002371811,0.019495217,0.999705791
1713723130145337856.000000,3.288949728,134.629608154,-1.950732470,0.014045065,-0.002251145,0.020408122,0.999690533
1713723130178656512.000000,3.289973497,134.631027222,-1.950224757,0.014741182,-0.002265227,0.022660559,0.999632001
1713723130211975168.000000,0.269774497,3.575572014,0.180775076,0.009932611,-0.001862641,0.024322070,0.999653101
1713723130245292800.000000,3.289256096,134.634384155,-1.950908542,0.014550641,-0.002390648,0.024568040,0.999589384
1713723130278610688.000000,3.288676023,134.636001587,-1.950583935,0.015177203,-0.003012795,0.024940843,0.999569237
1713723130311928320.000000,1.300898194,22.666200638,1.272056103,0.011559258,-0.001465056,0.028885324,0.999514878
1713723130345245440.000000,1.299056411,22.670154572,1.273987174,0.009192140,-0.002372251,0.028453030,0.999550104
1713723130378562048.000000,1.299950957,22.671556473,1.273656249,0.009366550,-0.001813669,0.029160012,0.999529302
1713723130411878400.000000,1.298801303,22.672626495,1.274111032,0.010995824,-0.002624179,0.028631838,0.999526143
1713723130445194240.000000,1.300295830,22.673948288,1.273656964,0.010198085,-0.001522480,0.029464737,0.999512672
1713723130478509824.000000,1.299066782,22.676176071,1.274509907,0.009359174,-0.002585545,0.029085182,0.999529839
1713723130511825408.000000,1.298770308,22.678001404,1.274793625,0.009349886,-0.002136651,0.028818402,0.999538660
1713723130545140224.000000,1.299317837,22.677949905,1.273624301,0.011278664,-0.002317747,0.029248923,0.999505877
1713723130578455296.000000,2.846023560,184.243698120,-2.064645052,0.017162809,-0.002086170,0.027576964,0.999470174
1713723130611769088.000000,2.846468687,184.244949341,-2.064953804,0.017888160,-0.002305504,0.028307812,0.999436617
1713723130645083136.000000,2.846183777,184.244766235,-2.061496973,0.015737077,-0.002827330,0.028044198,0.999478877
1713723130678396928.000000,2.846840858,184.244400024,-2.057739258,0.012870927,-0.001951702,0.028640883,0.999505043
1713723130711710464.000000,0.157056034,25.143459320,1.456340790,0.010620450,-0.003015016,0.026983270,0.999574959
1713723130745023488.000000,0.157910988,25.139757156,1.461313486,0.004238151,-0.000875274,0.027932728,0.999600470
1713723130778336000.000000,7.583667278,146.108154297,0.666526437,0.016825659,-0.007149191,0.030015416,0.999382317
1713723130811648256.000000,7.584259987,146.105499268,0.669631720,0.013979805,-0.005782010,0.030570904,0.999418139
1713723130844960512.000000,1.269149661,91.139778137,2.208147764,0.016795099,-0.005377623,0.028554229,0.999436677
1713723130878272000.000000,1.269531965,91.137336731,2.212392330,0.012451513,-0.004275937,0.028734198,0.999500394
1713723130911583488.000000,0.896029353,222.178863525,-2.569888115,0.017594565,-0.003967095,0.028999645,0.999416709
1713723130944893952.000000,0.896798134,222.174392700,-2.566579342,0.016249575,-0.002578877,0.029768152,0.999421418
1713723130978204672.000000,0.015019622,83.279731750,3.223426819,0.014838893,-0.004953308,0.028295470,0.999477208
1713723131011514880.000000,0.015326342,83.276504517,3.227919817,0.010337146,-0.004177202,0.028943036,0.999518871
1713723131044824832.000000,1.672672749,111.798728943,2.660180330,0.013156909,-0.006883382,0.029629651,0.999450684
1713723131078134528.000000,1.673253298,111.792778015,2.663284779,0.014139179,-0.005844894,0.030242307,0.999425530
1713723131111443712.000000,1.024996281,104.963005066,3.310526133,0.015549600,-0.005289963,0.029594894,0.999427080
1713723131144735232.000000,1.025485754,104.960357666,3.315672874,0.009795444,-0.004422188,0.031423114,0.999448478
1713723131178068992.000000,0.030138869,38.933586121,2.753435850,0.007408228,-0.003831365,0.029358651,0.999534190
1713723131211403008.000000,0.030932724,38.926856995,2.757083178,0.008804969,-0.002325976,0.030453522,0.999494731
1713723131244736256.000000,-0.243483216,93.350944519,4.691915512,0.012457384,-0.004452608,0.027084891,0.999545634
1713723131278068992.000000,-0.243220776,93.346977234,4.697402000,0.006909538,-0.003502231,0.026407206,0.999621272
1713723131311401984.000000,-0.488143057,85.730590820,5.217367649,0.009440651,-0.002823490,0.022158364,0.999705911
1713723131344735488.000000,-0.488331228,85.723884583,5.222239971,0.009869557,-0.001759533,0.018910510,0.999770999
1713723131378067968.000000,-0.740868986,267.797332764,-2.866126776,0.018022625,-0.003016925,0.014087709,0.999733806
1713723131411400192.000000,-0.741378844,267.793792725,-2.857989311,0.016676884,-0.002551272,0.010779741,0.999799609
1713723131444733184.000000,0.062086195,51.666622162,4.394717216,0.007267361,0.000600295,0.006554310,0.999951959
1713723131478065152.000000,0.060991630,51.670906067,4.406273842,0.005577656,0.000705887,0.003333446,0.999978721
1713723131511397632.000000,0.234268948,6.750176907,0.546352327,0.000846955,0.001031996,0.000074789,0.999999166
1713723131544729344.000000,0.123739727,65.245590210,5.614509106,0.006939302,0.001528689,-0.004125605,0.999966323
1713723131578061568.000000,0.122870035,65.256668091,5.629485130,0.006391353,0.002752769,-0.007740112,0.999945879
1713723131611393536.000000,0.120798700,65.294410706,5.649684429,0.002681065,0.001799644,-0.010913846,0.999935269
1713723131644724736.000000,-0.117995635,77.670669556,6.671172619,0.005417572,0.003072140,-0.014709307,0.999872446
1713723131678056448.000000,-0.118955761,77.690612793,6.688931465,0.007255457,0.003989615,-0.016973566,0.999821723
1713723131711388160.000000,-0.120083719,77.712364197,6.708539963,0.003565122,0.004246167,-0.018589815,0.999811888
1713723131744719616.000000,-0.255993932,87.702598572,7.783666134,0.003682575,0.004091953,-0.019728322,0.999790251
1713723131778050304.000000,-0.257109225,87.729568481,7.806557178,0.006256343,0.004890238,-0.020208722,0.999764264
1713723131811381248.000000,-0.258175462,87.757362366,7.830711842,0.005164284,0.005566263,-0.020393115,0.999763250
1713723131844712192.000000,1.530646563,37.920303345,2.311398268,0.007674299,0.002052402,-0.016445817,0.999833226
1713723131878042624.000000,1.529016733,37.957271576,2.339793205,0.008359886,0.003100798,-0.016523637,0.999823749
1713723131911373312.000000,1.527132750,37.992149353,2.368023157,0.011232482,0.003744444,-0.016520469,0.999793410
1713723131944703744.000000,6.332474232,187.503555298,7.016213894,0.013545619,-0.000637335,-0.020414725,0.999699652
1713723131978033920.000000,6.330252647,187.548721313,7.049121857,0.012381832,-0.000447002,-0.020395493,0.999715269
1713723132011364096.000000,-0.268713176,88.160552979,8.039287567,0.003433966,0.006496483,-0.021049393,0.999751449
1713723132044694528.000000,1.601424456,134.983200073,9.143943787,0.010700332,0.004352764,-0.021022622,0.999712288
1713723132078024448.000000,1.599788666,135.036376953,9.179925919,0.006980707,0.004821024,-0.021075182,0.999741971
1713723132111353856.000000,1.508062363,38.411540985,2.588973761,0.005532654,0.004256236,-0.017496917,0.999822557
1713723132144692992.000000,0.277811527,118.350952148,10.951895714,0.007079173,0.007139613,-0.021544486,0.999717414
1713723132178013440.000000,0.276100248,118.407897949,10.989245415,0.004925784,0.008370832,-0.021729449,0.999716759
1713723132211333632.000000,0.273790359,118.463920593,11.027053833,0.002715524,0.008143013,-0.021578731,0.999730349
1713723132244653312.000000,1.498987317,130.210998535,11.286190987,0.004672942,0.007940861,-0.021170834,0.999733508
1713723132277972992.000000,1.497461438,130.270507812,11.323678970,0.006893122,0.008427353,-0.021070855,0.999718785
1713723132311291648.000000,1.495144010,130.343536377,11.363255501,0.003697915,0.008966996,-0.021044299,0.999731541
1713723132344610816.000000,1.498533487,42.805210114,2.677067041,0.007974385,0.004772590,-0.019205838,0.999772370
1713723132377929216.000000,1.495835900,42.867752075,2.717044830,0.009111677,0.004903217,-0.019166656,0.999762774
1713723132411247616.000000,1.493509412,42.929203033,2.757200718,0.010526713,0.005770470,-0.019083245,0.999745846
1713723132444565504.000000,1.945175767,149.085861206,12.850698471,0.003175505,0.009076801,-0.021582896,0.999720871
1713723132477883136.000000,1.944146037,149.154342651,12.891296387,0.002461795,0.009168134,-0.021641016,0.999720752
1713723132511200512.000000,1.943238616,149.219833374,12.931445122,0.005637344,0.009722169,-0.021813001,0.999698877
1713723132544517376.000000,-7.151629448,395.438903809,-4.503975391,0.023084691,0.002722962,-0.027964341,0.999338686
1713723132577833984.000000,-7.151269436,395.510406494,-4.459382534,0.020419961,0.001501021,-0.027852993,0.999402344
1713723132611150080.000000,-7.149806499,395.579345703,-4.415045261,0.020659538,0.002784155,-0.027981855,0.999391079
1713723132644465920.000000,2.745237350,167.651611328,13.357830048,0.008260487,0.008071885,-0.022523317,0.999679625
1713723132677781248.000000,2.746150494,167.726516724,13.401467323,0.004441584,0.008955139,-0.022252981,0.999702513
1713723132711097088.000000,2.746593952,167.799102783,13.444922447,0.003268426,0.009097804,-0.022235774,0.999706089
1713723132744411648.000000,4.212636471,185.567123413,14.853418350,0.005485240,0.008002141,-0.022891195,0.999690890
1713723132777726464.000000,4.212557316,185.641479492,14.897213936,0.007149386,0.008559139,-0.022881517,0.999676049
1713723132811040768.000000,4.212441921,185.717330933,14.942648888,0.003782133,0.008940160,-0.022982471,0.999688745
1713723132844354304.000000,2.202458143,167.836883545,15.489528656,0.000864379,0.009386466,-0.023021189,0.999690533
1713723132877667840.000000,2.203386784,167.913543701,15.533452034,0.003442696,0.010441998,-0.023135938,0.999671876
1713723132910981120.000000,2.204124928,167.990325928,15.578257561,0.003812462,0.011073471,-0.023200067,0.999662280
1713723132944294144.000000,1.396614194,48.608886719,3.134002447,0.006355024,0.004354482,-0.022572316,0.999715567
1713723132977606912.000000,1.396987915,48.687915802,3.181142092,0.007032808,0.005024184,-0.022648143,0.999706209
1713723133010919424.000000,2.205998182,168.261779785,15.715868950,0.003205077,0.010412677,-0.023894925,0.999655128
1713723133044231168.000000,4.784789085,205.795654297,16.769178391,0.006455411,0.007644508,-0.024632078,0.999646544
1713723133077542912.000000,4.785082340,205.877944946,16.817792892,0.003578124,0.007153317,-0.024563175,0.999666333
1713723133110854144.000000,4.785943985,205.957061768,16.865892410,0.004888588,0.008034396,-0.024702350,0.999650598
1713723133144142848.000000,4.146921158,202.803344727,17.846448898,0.006994503,0.008793408,-0.024748614,0.999630570
1713723133177486336.000000,4.147384644,202.888320923,17.894941330,0.003718701,0.008445287,-0.024556408,0.999655902
1713723133210829824.000000,4.790169239,206.241577148,17.005496979,0.002775235,0.006886492,-0.024725731,0.999666691
1713723133244172800.000000,4.150381565,203.065490723,17.991121292,0.004089350,0.008519720,-0.024675865,0.999650896
1713723133277515776.000000,4.151728153,203.149658203,18.039588928,0.005497995,0.008997014,-0.024835188,0.999635994
1713723133310858496.000000,4.793972492,206.496475220,17.152227402,0.002232276,0.007877808,-0.025210550,0.999648690
1713723133344200960.000000,1.404763937,49.668003082,3.706497192,0.003513976,0.005364925,-0.023482718,0.999703765
1713723133377543424.000000,1.273605585,52.762004852,3.464646339,0.011285079,0.004116483,-0.025996903,0.999589860
1713723133410885888.000000,1.269810081,52.857727051,3.508275986,0.011139055,0.004312777,-0.026220422,0.999584854
1713723133444227584.000000,1.264688015,52.963520050,3.551165581,0.007779664,0.003393825,-0.026034448,0.999625087
1713723133477569536.000000,-0.846946716,340.406860352,13.516620636,0.008832308,0.009410699,-0.028304711,0.999516070
1713723133510911232.000000,-0.850091457,340.503509521,13.559773445,0.010934607,0.010411482,-0.028210342,0.999487996
1713723133544252928.000000,-0.854101896,340.601470947,13.604385376,0.008746786,0.009678634,-0.028021144,0.999522209
1713723133577594368.000000,0.455246925,83.050552368,13.128771782,0.001183661,0.007988662,-0.023943357,0.999680758
1713723133610935296.000000,0.450444728,83.151496887,13.171323776,0.001758061,0.008066499,-0.024173846,0.999673665
1713723133644276224.000000,0.446031094,83.251274109,13.213868141,0.003008517,0.009054597,-0.024352670,0.999657989
1713723133677616896.000000,0.441775024,87.511528015,13.959679604,0.000910007,0.008161213,-0.024551881,0.999664903
1713723133710957568.000000,0.437082231,87.615905762,14.003241539,0.000200813,0.007819748,-0.024773156,0.999662519
1713723133744297728.000000,0.432841778,87.718368530,14.046651840,0.001523393,0.008650705,-0.025158904,0.999644935
1713723133777637888.000000,1.106308103,56.571922302,3.754292965,0.010846949,0.002852431,-0.028314751,0.999536097
1713723133810978048.000000,1.101438642,56.679573059,3.800577164,0.007872626,0.002204405,-0.028204031,0.999568760
1713723133844318208.000000,1.096644521,56.784721375,3.846461058,0.008101577,0.001941594,-0.028005825,0.999573052
1713723133877657344.000000,1.100242138,59.680938721,4.805288792,0.010580356,0.003330586,-0.028136265,0.999542594
1713723133910997504.000000,1.094548702,59.791191101,4.851891041,0.008177387,0.002352704,-0.027761683,0.999578416
1713723133944336384.000000,1.089036226,59.900459290,4.898715019,0.006060752,0.002069815,-0.027914243,0.999589860
1713723133977675776.000000,1.115983009,63.026573181,5.835829735,0.007699848,0.002622428,-0.028040094,0.999573708
1713723134011014400.000000,1.110964775,63.137859344,5.882168770,0.007976132,0.003251671,-0.028465562,0.999557734
1713723134044353536.000000,1.105348706,63.249771118,5.929584026,0.005431037,0.002519487,-0.028434988,0.999577761
1713723134077691904.000000,1.128115892,66.544570923,6.868179798,0.005060981,0.002775921,-0.027726270,0.999598920
1713723134111030272.000000,1.124299526,66.658927917,6.914702892,0.006111629,0.003633948,-0.027033620,0.999609292
1713723134144381696.000000,1.119997382,66.773231506,6.961843967,0.005740242,0.003575603,-0.026034215,0.999638259
1713723134177701120.000000,-3.100703478,97.317131042,3.602197886,0.007868702,0.001835089,-0.026372209,0.999619603
1713723134211019264.000000,-3.101281404,97.434913635,3.649930477,0.007624462,0.001851641,-0.024947880,0.999657989
1713723134244337920.000000,-3.101576090,97.551376343,3.697647572,0.008385237,0.002612004,-0.023562016,0.999683797
1713723134277655552.000000,1.609255791,98.454429626,15.041906357,-0.002076404,0.006202742,-0.017567705,0.999824286
1713723134310973440.000000,1.608127594,98.577552795,15.087977409,-0.004115766,0.005696310,-0.016076783,0.999846101
1713723134344290816.000000,1.607058167,98.698234558,15.133774757,-0.003191102,0.005493285,-0.014682863,0.999872088
1713723134377607680.000000,1.520208955,89.508766174,13.082376480,-0.000103778,0.006272466,-0.014351903,0.999877334
1713723134410924032.000000,1.518520594,89.634841919,13.129628181,-0.003124268,0.004494070,-0.012762023,0.999903619
1713723134444240640.000000,1.517822623,89.767021179,13.176093102,-0.003393554,0.003390086,-0.011115136,0.999926805
1713723134477555968.000000,1.645775795,93.998641968,14.039608955,-0.000738099,0.005094755,-0.009613760,0.999940574
1713723134510871552.000000,1.644424200,94.126152039,14.087592125,-0.003444893,0.003853086,-0.007886219,0.999955535
1713723134544187136.000000,1.643154025,94.252197266,14.135553360,-0.004942922,0.002945659,-0.006200530,0.999964237
1713723134577501696.000000,1.031545043,85.882186890,12.037576675,-0.000511877,0.001340048,-0.006093864,0.999980450
1713723134610816512.000000,1.030662894,86.009605408,12.084979057,-0.000190428,0.002213502,-0.004664634,0.999986708
1713723134644130816.000000,1.028425217,86.137901306,12.133722305,-0.003263382,0.000092196,-0.002469303,0.999991715
1713723134677444096.000000,0.548167109,65.029785156,4.367225170,0.004306970,-0.002425033,-0.003765721,0.999980688
1713723134710757376.000000,0.547795057,65.157691956,4.416931152,0.005967027,-0.002982210,-0.001951472,0.999975860
1713723134744070656.000000,0.547714829,65.286132812,4.467513084,0.004825515,-0.002739873,-0.000128139,0.999984622
1713723134777383680.000000,0.743096650,93.963790894,14.190262794,-0.003310037,-0.000452713,0.005174201,0.999981105
1713723134810696448.000000,0.743219674,94.094764709,14.238866806,-0.002846294,0.000435752,0.006938649,0.999971807
1713723134844007936.000000,0.742477477,94.225036621,14.288025856,-0.002687271,-0.000431457,0.008990574,0.999955893
1713723134877319936.000000,0.709980786,98.099014282,15.291546822,-0.003028200,-0.000350067,0.010758351,0.999937475
1713723134910631424.000000,0.707241476,98.230911255,15.341313362,-0.003235219,-0.001721318,0.012027926,0.999920964
1713723134943942656.000000,0.705297291,98.361793518,15.391174316,-0.003061611,-0.001244150,0.013192124,0.999907553
1713723134977253120.000000,0.606545210,101.981674194,16.417573929,-0.003141334,-0.001619346,0.014776414,0.999884605
1713723135010563328.000000,0.603572249,102.112701416,16.467416763,-0.002168778,-0.001247547,0.016145507,0.999866605
1713723135043873536.000000,0.600141585,102.244522095,16.518413544,-0.004462820,-0.001664878,0.017819844,0.999829888
1713723135077182976.000000,-0.055599406,106.573707581,17.673957825,-0.004828260,-0.002641464,0.019361688,0.999797404
1713723135110492672.000000,-0.058935318,106.704666138,17.724416733,-0.002054632,-0.002951321,0.021228101,0.999768257
1713723135143798784.000000,-0.062172886,106.836174011,17.775739670,-0.002105586,-0.002696550,0.022807166,0.999734044
1713723135177117952.000000,-5.153621197,163.213867188,12.825200081,0.003844325,-0.006087340,0.023113016,0.999706924
1713723135210437632.000000,-5.156404018,163.345474243,12.879427910,0.003927019,-0.005481512,0.024611203,0.999674380
1713723135243755776.000000,-5.159903049,163.474655151,12.933384895,0.006895282,-0.006101782,0.025926221,0.999621511
1713723135277074688.000000,-0.225936234,113.867904663,20.481651306,-0.004302751,-0.003140301,0.028904505,0.999568045
1713723135310392064.000000,-0.229943886,114.001228333,20.534669876,-0.007467841,-0.003295628,0.029708838,0.999525309
1713723135343709696.000000,-5.180013180,163.882644653,13.097969055,0.002573828,-0.005281659,0.028474357,0.999577343
1713723135377027328.000000,-0.046351738,71.487518311,4.832472801,0.008646337,-0.005697543,0.028271863,0.999546647
1713723135410344192.000000,-0.051913798,71.618438721,4.889423370,0.006458315,-0.005414486,0.028769309,0.999550581
1713723135443661056.000000,-0.058123399,71.749023438,4.947018623,0.003283780,-0.006330186,0.029508859,0.999539077
1713723135476977408.000000,-0.738062024,121.957817078,23.359521866,-0.007464698,-0.002847623,0.032341883,0.999444962
1713723135510292992.000000,-0.744776249,122.087875366,23.413768768,-0.006866157,-0.003228058,0.032634754,0.999438584
1713723135543608576.000000,-0.751697659,122.218864441,23.469163895,-0.009663962,-0.003745492,0.033038292,0.999400377
1713723135576924160.000000,-1.161453247,126.013160706,24.456893921,-0.009053711,-0.002633533,0.033267774,0.999402046
1713723135610238720.000000,-1.168019295,126.142158508,24.513090134,-0.008360084,-0.002973082,0.033477712,0.999400139
1713723135643553536.000000,-1.174452424,126.271110535,24.569986343,-0.009314639,-0.002812199,0.033723880,0.999383867
1713723135676867840.000000,-1.180388570,126.405639648,24.627973557,-0.009147661,-0.002837869,0.033934645,0.999378264
1713723135710181376.000000,-1.463517547,131.307830811,26.169858932,-0.010461474,-0.002495042,0.034483992,0.999347389
1713723135743494912.000000,-1.470383286,131.435287476,26.227518082,-0.008767256,-0.003057362,0.034933865,0.999346554
1713723135776807936.000000,-1.476661682,131.563507080,26.286191940,-0.010461886,-0.001903768,0.034921583,0.999333501
1713723135810120960.000000,-0.489746898,75.436134338,5.123517036,0.004961113,-0.004548539,0.032701287,0.999442577
1713723135843433984.000000,-0.496532857,75.560913086,5.186654091,0.005880884,-0.004081619,0.033548571,0.999411464
1713723135876746240.000000,-0.503609717,75.684715271,5.249996662,0.006966533,-0.003879233,0.034377694,0.999377131
1713723135910057472.000000,-2.236434221,139.821243286,28.722885132,-0.011422681,-0.001893245,0.038108621,0.999206543
1713723135943369472.000000,-2.244589806,139.947906494,28.782518387,-0.011756742,-0.001540514,0.039603423,0.999145210
1713723135976680448.000000,-2.253124952,140.072967529,28.842327118,-0.010742222,-0.001982711,0.041307062,0.999086857
1713723136009991168.000000,-2.396980524,144.571029663,30.264764786,-0.011261642,-0.001537619,0.042874340,0.999015868
1713723136043302144.000000,-2.406057835,144.697494507,30.325233459,-0.012234258,-0.002043471,0.044161566,0.998947382
1713723136076612096.000000,-2.414737463,144.822799683,30.385807037,-0.012625738,-0.001549818,0.045428317,0.998886645
1713723136109922048.000000,-2.161858797,149.266921997,31.798776627,-0.011650919,-0.002715430,0.047265671,0.998810709
1713723136143224576.000000,-2.170535564,149.392318726,31.860197067,-0.012277172,-0.001584129,0.048564162,0.998743355
1713723136176542720.000000,-2.180134773,149.517181396,31.922164917,-0.013233896,-0.002239306,0.050305318,0.998643696
1713723136209861376.000000,-3.069229603,156.048629761,32.781303406,-0.012932197,-0.001440616,0.051342484,0.998596370
1713723136243178752.000000,-3.080096006,156.172668457,32.842964172,-0.011249490,-0.002688007,0.052865848,0.998534679
1713723136276496640.000000,-3.089962959,156.296844482,32.905197144,-0.011594960,-0.001212470,0.053436249,0.998503268
1713723136309814272.000000,-14.389068604,247.280807495,19.046073914,0.006048785,-0.004081483,0.051795822,0.998631060
1713723136343131136.000000,-14.399149895,247.403518677,19.114011765,0.006025779,-0.003920941,0.051876001,0.998627663
1713723136376447744.000000,-14.409482956,247.524124146,19.181785583,0.008295651,-0.004020697,0.051334880,0.998638988
1713723136409763584.000000,-14.661665916,250.533966064,20.690225601,0.007318373,-0.002785150,0.049783777,0.998729408
1713723136443079424.000000,-14.671875000,250.658233643,20.759944916,0.004337211,-0.003648543,0.048461325,0.998808980
1713723136476395264.000000,-14.681627274,250.779724121,20.829130173,0.004986686,-0.003342163,0.046413634,0.998904288
1713723136509710848.000000,-8.141119957,212.504943848,32.238109589,-0.003846749,-0.001093870,0.045613647,0.998951197
1713723136543025152.000000,-8.151774406,212.631622314,32.305473328,-0.007017323,-0.001327371,0.044072974,0.999002814
1713723136576339456.000000,-8.162808418,212.756896973,32.372978210,-0.009061855,-0.002282802,0.042924605,0.999034643
1713723136609654016.000000,-8.790287971,216.726089478,33.545982361,-0.006851115,-0.001072224,0.041440506,0.999116957
1713723136642968064.000000,-8.801926613,216.850814819,33.612873077,-0.005733154,-0.001175918,0.040597774,0.999158502
1713723136676281088.000000,-8.813495636,216.977020264,33.681007385,-0.009052165,-0.000687497,0.039555322,0.999176145
1713723136709594368.000000,-3.740910530,121.865318298,24.307737350,-0.006655820,-0.001788124,0.037985530,0.999254584
1713723136742907392.000000,-3.753114462,121.990173340,24.376174927,-0.005390738,-0.001420379,0.037164547,0.999293685
1713723136776219648.000000,-3.765396595,122.114151001,24.444810867,-0.004145540,-0.000867786,0.036181226,0.999336302
1713723136809531392.000000,-1.767006040,84.377136230,5.787380219,0.007112673,-0.002298359,0.032928687,0.999429762
1713723136842843648.000000,-1.778266788,84.501731873,5.861321926,0.006816275,-0.002257411,0.032429747,0.999448299
1713723136876154368.000000,-1.789314151,84.624618530,5.935139656,0.008355500,-0.001666196,0.032061432,0.999449611
1713723136909465856.000000,-4.448333740,129.748443604,27.398363113,-0.008121242,-0.000361040,0.034734428,0.999363542
1713723136942776320.000000,-4.461851597,129.876754761,27.469022751,-0.010886748,-0.000744591,0.034595687,0.999341905
1713723136976086528.000000,-4.475258350,130.002487183,27.539314270,-0.010278649,-0.000705877,0.034170739,0.999362946
1713723137009396736.000000,-16.636920929,271.804840088,30.590141296,-0.000860382,-0.000142166,0.033746876,0.999430060
1713723137042706176.000000,-16.651042938,271.933410645,30.663177490,-0.003798411,-0.001196450,0.033463046,0.999432027
1713723137076015616.000000,-16.664772034,272.059753418,30.735809326,-0.004026438,-0.001300893,0.033162154,0.999441087
1713723137109325056.000000,-2.224224091,87.012466431,5.982757568,0.008535656,-0.002890458,0.029723190,0.999517620
1713723137142623744.000000,-2.238446236,87.137741089,6.058076859,0.008081919,-0.003393497,0.029552808,0.999524772
1713723137175945216.000000,-2.252776623,87.262962341,6.134068489,0.006382962,-0.003910591,0.029368339,0.999540627
1713723137209267456.000000,-17.330820084,279.600311279,34.152450562,-0.004973949,-0.001218224,0.032666408,0.999453187
1713723137242588160.000000,-17.346145630,279.728057861,34.225330353,-0.004996172,-0.001878595,0.032545991,0.999455988
1713723137275909120.000000,-17.361282349,279.855590820,34.298629761,-0.006149092,-0.001670147,0.032060403,0.999465644
1713723137309230080.000000,-17.850608826,283.597747803,35.682090759,-0.006420795,-0.002380621,0.032012239,0.999464095
1713723137342550272.000000,-17.865537643,283.725250244,35.756027222,-0.007042981,-0.001537830,0.031681702,0.999472022
1713723137375870208.000000,-17.881296158,283.851745605,35.830242157,-0.007181651,-0.002232338,0.031567574,0.999473393
1713723137409189888.000000,-18.685260773,288.583770752,37.092357635,-0.007976088,-0.002366825,0.031259295,0.999476731
1713723137442509056.000000,-18.700084686,288.711578369,37.168251038,-0.007729197,-0.002327439,0.031152003,0.999482036
1713723137475828480.000000,-18.714998245,288.839416504,37.244869232,-0.008985735,-0.002296390,0.031043090,0.999475062
1713723137509146880.000000,-2.886695623,90.493606567,6.240283489,0.007531343,-0.005383753,0.026201077,0.999613822
1713723137542465792.000000,-2.901477814,90.619972229,6.321023464,0.006467003,-0.005346308,0.026115719,0.999623716
1713723137575783168.000000,-2.916182041,90.744834900,6.401621819,0.006735496,-0.004850207,0.025938662,0.999629140
1713723137609100800.000000,-19.634599686,296.139831543,40.828262329,-0.010830587,-0.002155071,0.030964147,0.999459565
1713723137642418432.000000,-19.650886536,296.269256592,40.904483795,-0.011919303,-0.001464807,0.030941270,0.999449074
1713723137675735552.000000,-19.667789459,296.397033691,40.980777740,-0.011542917,-0.002083875,0.031097705,0.999447584
1713723137709052416.000000,-20.401426315,300.762176514,42.452480316,-0.011697738,-0.001194871,0.030219527,0.999474108
1713723137742368768.000000,-20.418336868,300.893249512,42.529315948,-0.014332995,-0.000532105,0.030192925,0.999441206
1713723137775684864.000000,-20.435831070,301.022827148,42.606170654,-0.015600424,-0.000727094,0.029751835,0.999435365
1713723137809000192.000000,-21.149522781,305.143554688,44.619724274,-0.012954714,-0.001759440,0.029567719,0.999477267
1713723137842316032.000000,-21.168064117,305.274475098,44.696437836,-0.014516114,-0.001120579,0.029213708,0.999467194
1713723137875630848.000000,-21.186939240,305.405883789,44.774078369,-0.018562635,-0.001024233,0.029152412,0.999402106
1713723137908945920.000000,-21.617515564,311.049163818,46.111850739,-0.017440824,-0.000816134,0.028953154,0.999428332
1713723137942259968.000000,-21.636373520,311.178833008,46.189422607,-0.016019993,-0.000079720,0.028731311,0.999458790
1713723137975574528.000000,-21.655649185,311.310058594,46.268562317,-0.019443158,0.000160383,0.028431790,0.999406636
1713723138008888320.000000,-3.786470175,94.794090271,6.561177731,0.003636361,-0.005453494,0.021532733,0.999746740
1713723138042201856.000000,-3.805591106,94.921524048,6.645266533,0.005080880,-0.004850361,0.021343764,0.999747574
1713723138075514624.000000,-3.825142860,95.048530579,6.729833126,0.005465104,-0.004753341,0.020978685,0.999753773
1713723138108827648.000000,-4.324247360,98.284263611,8.541701317,0.001699333,-0.004400899,0.021174306,0.999764740
1713723138142137344.000000,-4.344982147,98.413108826,8.628146172,0.000896793,-0.004925668,0.020947304,0.999768078
1713723138175454976.000000,-4.365284443,98.539215088,8.713973999,0.003998655,-0.004651643,0.021259058,0.999755263
1713723138208772096.000000,-24.076744080,324.213775635,50.196777344,-0.020348072,0.000657780,0.027297698,0.999420047
1713723138242088960.000000,-24.098274231,324.347900391,50.279151917,-0.024015030,-0.000191417,0.027375363,0.999336720
1713723138275406080.000000,-24.119276047,324.478942871,50.360874176,-0.023267390,0.000132766,0.027194384,0.999359369
1713723138308722176.000000,-5.418556213,105.584671021,12.573598862,0.003178972,-0.003870863,0.020732598,0.999772549
1713723138342038272.000000,-5.439233780,105.716781616,12.661710739,-0.000923274,-0.003375256,0.020630011,0.999781072
1713723138375354368.000000,-5.460621834,105.847518921,12.749838829,-0.003660072,-0.004278967,0.020586226,0.999772251
1713723138408669184.000000,-9.823787689,122.563751221,8.821301460,0.006100454,-0.004683402,0.018577652,0.999797821
1713723138441984512.000000,-9.846183777,122.693702698,8.908674240,0.005620818,-0.005327898,0.018334733,0.999801934
1713723138475298816.000000,-9.868254662,122.824668884,8.997106552,0.001695984,-0.005193799,0.018225098,0.999819040
1713723138508613120.000000,-6.809086800,112.831535339,16.462379456,-0.004963472,-0.002949734,0.019894037,0.999785423
1713723138541927168.000000,-6.832424164,112.962287903,16.547208786,-0.002806812,-0.003107042,0.019946128,0.999792278
1713723138575240704.000000,-6.855548382,113.093872070,16.632972717,-0.004093624,-0.002399328,0.019738648,0.999793887
1713723138608553728.000000,-7.437868595,116.659263611,18.425298691,-0.007563863,-0.002220581,0.019819595,0.999772489
1713723138641866752.000000,-7.460813046,116.791587830,18.512302399,-0.007312677,-0.002328026,0.019626683,0.999777913
1713723138675178752.000000,-7.483253479,116.921867371,18.598907471,-0.004674519,-0.001148127,0.019509520,0.999798119
1713723138708490752.000000,-8.186161995,120.696342468,20.584829330,-0.008611625,0.000031123,0.019465247,0.999773443
1713723138741803008.000000,-8.210295677,120.831375122,20.672431946,-0.010782887,-0.000740947,0.019412221,0.999753177
1713723138775113984.000000,-8.233517647,120.963401794,20.759275436,-0.008461569,0.000486039,0.019138355,0.999780953
1713723138808424960.000000,-9.056673050,124.765487671,22.737302780,-0.008428897,0.001317025,0.019079639,0.999781609
1713723138841736192.000000,-9.083100319,124.901924133,22.824302673,-0.012540075,0.001069597,0.018816220,0.999743760
1713723138875046144.000000,-9.109206200,125.035377502,22.910650253,-0.012381108,0.001627154,0.018644929,0.999748230
1713723138908356096.000000,-5.586890221,102.401908875,7.147286415,0.005984522,-0.002038234,0.014836330,0.999869943
1713723138941665792.000000,-5.613091946,102.534736633,7.238403320,0.003979973,-0.001616532,0.014617258,0.999883950
1713723138974975232.000000,-5.639326572,102.666763306,7.329648018,0.002252286,-0.001228427,0.014566368,0.999890685
1713723139008284160.000000,-11.086312294,133.427947998,26.213224411,-0.012679847,0.002334954,0.017234620,0.999768436
1713723139041592576.000000,-11.113635063,133.562789917,26.301120758,-0.011129570,0.002715833,0.017095726,0.999788225
1713723139074900992.000000,-11.140708923,133.699432373,26.390365601,-0.014660290,0.003821142,0.016936883,0.999741852
1713723139108208384.000000,-12.118515015,137.833267212,28.086811066,-0.016041279,0.002872239,0.016579341,0.999729812
1713723139141509632.000000,-12.146903992,137.968429565,28.175741196,-0.013500069,0.003694841,0.016378995,0.999767900
1713723139174826752.000000,-12.175666809,138.103851318,28.265436172,-0.013097878,0.004176832,0.015937636,0.999778509
1713723139208144128.000000,-12.204356194,138.241210938,28.356519699,-0.017876577,0.004810795,0.015949791,0.999701440
1713723139241461504.000000,-13.727551460,144.858001709,30.044002533,-0.016213499,0.003713243,0.015136417,0.999747157
1713723139274778112.000000,-13.756999969,144.992889404,30.133560181,-0.013240828,0.004138046,0.014935641,0.999792278
1713723139308094208.000000,-13.786428452,145.129043579,30.224309921,-0.014562187,0.004889051,0.014560688,0.999776006
1713723139341410048.000000,-11.403579712,134.856933594,27.080280304,-0.020850070,0.004163792,0.014997331,0.999661505
1713723139374726144.000000,-6.618911266,106.290145874,7.455333710,0.005944163,-0.000484176,0.009193240,0.999939978
1713723139408040960.000000,-6.650597095,106.422676086,7.550117016,0.006958782,0.000100050,0.008998062,0.999935329
1713723139441356032.000000,-6.682543755,106.556877136,7.646343231,0.003056929,0.000264953,0.008913336,0.999955595
1713723139474670336.000000,-13.959073067,145.849029541,30.660017014,-0.021936890,0.005818930,0.013514443,0.999651074
1713723139507984384.000000,-16.264652252,155.853332520,34.991783142,-0.018944111,0.005246597,0.012819912,0.999724627
1713723139541298688.000000,-16.297967911,155.990158081,35.081325531,-0.018582201,0.005923988,0.012630587,0.999730051
1713723139574611968.000000,-16.331169128,156.128952026,35.172332764,-0.023464430,0.006762952,0.012806872,0.999619842
1713723139607924992.000000,-16.365055084,156.264999390,35.262794495,-0.024344996,0.006403667,0.012666397,0.999602854
1713723139641237504.000000,-17.907831192,162.026794434,37.289710999,-0.020298881,0.007772507,0.011710827,0.999695122
1713723139674549760.000000,-17.939983368,162.166809082,37.379535675,-0.023609539,0.010207774,0.011791690,0.999599576
1713723139707862016.000000,-17.973703384,162.306396484,37.469848633,-0.027289353,0.009230829,0.011923871,0.999513805
1713723139741173248.000000,-18.006271362,162.442718506,37.559345245,-0.025982348,0.010911913,0.011543284,0.999536157
1713723139774484992.000000,-13.694327354,136.321212769,24.713373184,-0.011512484,0.007537946,0.008172938,0.999871969
1713723139807795712.000000,-13.729934692,136.459045410,24.806978226,-0.014569955,0.007255298,0.007877058,0.999836504
1713723139841106176.000000,-13.764955521,136.594390869,24.899955750,-0.014330832,0.008482771,0.007346768,0.999834418
1713723139874416896.000000,-7.806171417,110.417259216,7.785157204,0.004639629,0.002268522,0.003301787,0.999981225
1713723139907726592.000000,-7.842534065,110.552642822,7.882343292,0.002819285,0.002431001,0.003498891,0.999987006
1713723139941036288.000000,-7.878878117,110.685554504,7.978986263,0.004293163,0.002918873,0.003528502,0.999980330
1713723139974344960.000000,-12.373155594,128.995834351,20.282310486,-0.007608860,0.008166931,0.005760214,0.999921143
1713723140007653632.000000,-12.411654472,129.134475708,20.376722336,-0.009918893,0.007077359,0.006025335,0.999907613
1713723140040962560.000000,-12.449403763,129.270629883,20.470573425,-0.008693035,0.007542476,0.006333401,0.999913812
1713723140074270208.000000,-13.291669846,133.977020264,22.064840317,-0.005771862,0.008938702,0.005972040,0.999925613
1713723140107578112.000000,-13.330794334,134.117218018,22.159263611,-0.009670272,0.008782847,0.006463262,0.999893785
1713723140140879104.000000,-13.370297432,134.255569458,22.253519058,-0.011262781,0.007888740,0.006991998,0.999881029
1713723140174197504.000000,-8.561249733,112.872512817,7.982104778,0.007672067,0.003092314,0.001949772,0.999963939
1713723140207514880.000000,-8.600948334,113.009078979,8.079210281,0.006899341,0.003997963,0.002295174,0.999965608
1713723140240832000.000000,-8.641310692,113.146705627,8.177476883,0.002797974,0.003593607,0.002717905,0.999985933
1713723140274149120.000000,-15.499441147,142.398284912,25.872873306,-0.011908581,0.008807868,0.006811462,0.999867141
1713723140307465472.000000,-15.539341927,142.538070679,25.965896606,-0.010555127,0.010486243,0.006873744,0.999865770
1713723140340781824.000000,-15.580025673,142.678787231,26.060005188,-0.012622188,0.010789003,0.007086358,0.999837101
1713723140374098176.000000,-16.584699631,147.170104980,28.029308319,-0.014424242,0.009762324,0.007088448,0.999823153
1713723140407413248.000000,-16.624668121,147.311248779,28.123161316,-0.014013327,0.010088924,0.007323464,0.999824107
1713723140440728320.000000,-16.663799286,147.451263428,28.216886520,-0.012877824,0.012220735,0.007692858,0.999812782
1713723140474043648.000000,-15.742122650,143.280853271,26.423259735,-0.016428713,0.011368329,0.009070100,0.999759316
1713723140507357952.000000,-18.368244171,155.415664673,29.817459106,-0.015836533,0.009525596,0.009340832,0.999785602
1713723140540671744.000000,-18.408657074,155.557815552,29.910551071,-0.014221184,0.010577164,0.010058495,0.999792337
1713723140573985792.000000,-18.449035645,155.699874878,30.004087448,-0.013980064,0.011809139,0.011046731,0.999771535
1713723140607299072.000000,-9.717271805,116.392372131,8.262868881,0.003955402,0.003024835,0.005500971,0.999972522
1713723140640612352.000000,-9.759333611,116.534248352,8.360390663,0.003780531,0.002019976,0.006713895,0.999968290
1713723140673924864.000000,-9.799777985,116.674346924,8.457461357,0.005505649,0.004680571,0.007494179,0.999945819
1713723140707237120.000000,-20.338048935,164.517364502,34.183406830,-0.019684102,0.011496191,0.016150516,0.999609709
1713723140740549632.000000,-20.381692886,164.666244507,34.276542664,-0.022322830,0.009619684,0.017940411,0.999543548
1713723140773860864.000000,-20.424020767,164.811828613,34.368904114,-0.020368369,0.010844906,0.018896565,0.999555171
1713723140807172352.000000,-17.459133148,150.145660400,27.705728531,-0.011947575,0.009840222,0.017385438,0.999729097
1713723140840483072.000000,-17.503610611,150.295578003,27.801704407,-0.015974451,0.007855752,0.019260580,0.999656022
1713723140873793536.000000,-17.547920227,150.442916870,27.897083282,-0.016345423,0.006657450,0.020569921,0.999632657
1713723140907104000.000000,-18.560914993,155.043167114,29.716140747,-0.014732276,0.007743755,0.021132234,0.999638140
1713723140940413696.000000,-18.606136322,155.197479248,29.809131622,-0.017284110,0.006785434,0.022940159,0.999564409
1713723140973723392.000000,-18.651315689,155.350891113,29.902259827,-0.019287135,0.006124893,0.024541326,0.999494016
1713723141007032320.000000,-17.412929535,149.927001953,25.734830856,-0.011474871,0.003609196,0.023066157,0.999661565
1713723141040341504.000000,-17.456474304,150.081359863,25.830387115,-0.013085134,0.005253391,0.024283132,0.999605656
1713723141073650176.000000,-17.501922607,150.236114502,25.926889420,-0.016775949,0.003122408,0.025695935,0.999524176
1713723141106957824.000000,-11.150198936,120.405418396,8.575754166,0.002949675,-0.003153378,0.019056307,0.999809086
1713723141140103936.000000,-11.192698479,120.556419373,8.676682472,0.003415049,-0.002156063,0.019863622,0.999794543
1713723141173632256.000000,-11.236861229,120.710479736,8.780104637,-0.000268097,-0.003394334,0.021112243,0.999771357
1713723141207162624.000000,-19.826984406,161.367492676,29.457836151,-0.017167596,0.001655435,0.029676776,0.999410748
1713723141240696064.000000,-19.871780396,161.524993896,29.555219650,-0.017565588,0.002495433,0.030468788,0.999378264
1713723141274231552.000000,-19.917484283,161.682403564,29.653137207,-0.019323388,0.001623319,0.031685259,0.999309778
1713723141307769600.000000,-20.968652725,165.597579956,31.711933136,-0.020057632,0.001698327,0.033180766,0.999246657
1713723141341309696.000000,-21.014064789,165.756179810,31.809551239,-0.019627461,0.002042392,0.034153003,0.999221861
1713723141374852864.000000,-21.059587479,165.914962769,31.907888412,-0.021136397,0.002389255,0.035283934,0.999150991
1713723141408398080.000000,-22.302982330,171.556610107,33.089904785,-0.021092799,0.001379661,0.036731482,0.999101579
1713723141441946368.000000,-22.349178314,171.720001221,33.186340332,-0.021168478,0.001708340,0.037907399,0.999055564
1713723141475496192.000000,-22.395662308,171.882064819,33.282833099,-0.020259321,0.001596557,0.039188705,0.999025226
1713723141509049088.000000,-12.372630119,123.599571228,8.821916580,0.003490057,-0.004392084,0.029293794,0.999555171
1713723141542604544.000000,-12.418197632,123.763298035,8.925669670,0.002012363,-0.005672619,0.030973407,0.999502122
1713723141576161792.000000,-12.463308334,123.925308228,9.029266357,0.002436280,-0.005723709,0.032182410,0.999462724
1713723141609721856.000000,-16.917989731,143.675125122,19.758022308,-0.003021599,-0.003800835,0.037230033,0.999294937
1713723141643284224.000000,-16.963872910,143.845611572,19.859683990,-0.008038068,-0.002868237,0.038581885,0.999219000
1713723141676849664.000000,-17.010471344,144.013732910,19.960863113,-0.009619262,-0.003437631,0.040205099,0.999139309
1713723141710417152.000000,-18.784999847,150.219329834,21.108911514,-0.004883975,-0.004255062,0.040846504,0.999144435
1713723141743987200.000000,-18.831712723,150.390045166,21.207632065,-0.004333950,-0.003646042,0.042022321,0.999100685
1713723141777559040.000000,-18.878921509,150.562927246,21.308151245,-0.009511760,-0.003739806,0.043686599,0.998993039
1713723141811134208.000000,-20.013856888,154.733963013,23.424518585,-0.009645641,-0.002961431,0.045576219,0.998909950
1713723141844711424.000000,-20.061273575,154.908172607,23.522762299,-0.008460579,-0.002469694,0.047156494,0.998848677
1713723141878290944.000000,-20.109050751,155.082717896,23.621707916,-0.009523022,-0.002191128,0.048502021,0.998775363
1713723141911873024.000000,-13.668383598,126.768966675,9.061270714,0.004396705,-0.007244915,0.042893142,0.999043763
1713723141945457408.000000,-13.715019226,126.943962097,9.164484024,0.004081386,-0.006395712,0.044459410,0.998982430
1713723141979044608.000000,-13.762219429,127.117630005,9.267742157,0.004809575,-0.006454041,0.046004202,0.998908877
1713723142012634368.000000,-14.963538170,131.423919678,11.442459106,0.002583002,-0.005644698,0.047622591,0.998846114
1713723142046225920.000000,-15.013108253,131.600555420,11.545911789,0.001830551,-0.006652083,0.049230970,0.998763680
1713723142079820288.000000,-15.061795235,131.776550293,11.649592400,0.000956870,-0.005493534,0.050563592,0.998705328
1713723142113417472.000000,-16.336894989,136.197616577,13.810286522,0.001410558,-0.005598659,0.052488044,0.998604894
1713723142147192832.000000,-16.387685776,136.377502441,13.911982536,-0.000661958,-0.004904585,0.053938299,0.998531997
1713723142180548096.000000,-16.438661575,136.553176880,14.012199402,-0.000443644,-0.005790478,0.055534888,0.998439908
1713723142213903872.000000,-17.789781570,141.020156860,16.284463882,-0.001268752,-0.004488911,0.056926545,0.998367488
1713723142247259648.000000,-17.842069626,141.199020386,16.383789062,-0.000858445,-0.004793838,0.058742750,0.998261273
1713723142280615424.000000,-17.894573212,141.378280640,16.483964920,-0.002703759,-0.004924012,0.060129017,0.998174787
1713723142313970688.000000,-15.067206383,129.878646851,9.257235527,0.008279694,-0.008126876,0.057291131,0.998290122
1713723142347326464.000000,-15.119614601,130.058700562,9.361247063,0.006671852,-0.007388767,0.058797128,0.998220384
1713723142380681984.000000,-15.172685623,130.237197876,9.465284348,0.006258209,-0.007614445,0.060071476,0.998145401
1713723142414038016.000000,-20.793167114,151.023071289,20.987056732,-0.003785067,-0.005282016,0.065270230,0.997846484
1713723142447393536.000000,-20.848423004,151.204620361,21.087194443,-0.003166620,-0.003941515,0.065493882,0.997840226
1713723142480748800.000000,-20.904857635,151.386901855,21.188581467,-0.005659098,-0.004425904,0.065514401,0.997825801
1713723142514104576.000000,-17.927865982,139.331115723,14.140876770,0.004227022,-0.007649390,0.060748015,0.998114884
1713723142547460352.000000,-17.984294891,139.511032104,14.246347427,0.005845217,-0.007395833,0.060626768,0.998115957
1713723142580815616.000000,-18.040382385,139.691864014,14.352812767,0.003968005,-0.005792059,0.060382530,0.998150706
1713723142614171136.000000,-19.424798965,144.210556030,16.580282211,0.001976248,-0.007023217,0.060228281,0.998157978
1713723142647526400.000000,-19.481794357,144.392883301,16.686895370,0.001303153,-0.005963244,0.060023531,0.998178303
1713723142680881920.000000,-19.539312363,144.573654175,16.793418884,0.001988651,-0.005881097,0.060270164,0.998162866
1713723142714237440.000000,-16.594558716,132.907592773,9.404971123,0.010295515,-0.008271356,0.055407893,0.998376489
1713723142747593216.000000,-16.652570724,133.089202881,9.514977455,0.009589664,-0.009155255,0.056614142,0.998308182
1713723142780948736.000000,-16.710147858,133.270294189,9.625367165,0.008658265,-0.008638175,0.057311710,0.998281419
1713723142814304000.000000,-22.653602600,154.320678711,21.231210709,-0.002897135,-0.004604818,0.064463161,0.997905314
1713723142847659264.000000,-22.714145660,154.505722046,21.335487366,-0.004944714,-0.005428152,0.065426201,0.997830391
1713723142881014528.000000,-22.773893356,154.689086914,21.439519882,-0.005201861,-0.004487416,0.066623032,0.997754574
1713723142914370048.000000,-24.238285065,159.525466919,23.621194839,-0.006171119,-0.004392974,0.068360008,0.997631967
1713723142947725824.000000,-24.299793243,159.711425781,23.725944519,-0.008248727,-0.004582895,0.069530845,0.997535229
1713723142981081088.000000,-24.361665726,159.895462036,23.830476761,-0.008048762,-0.005492197,0.070789844,0.997443676
1713723143014436608.000000,-27.609384537,175.926727295,17.350900650,0.003597778,-0.007289238,0.073490456,0.997262836
1713723143047791360.000000,-27.673706055,176.110122681,17.459838867,0.002116500,-0.008628622,0.074930504,0.997149229
1713723143081146880.000000,-27.737276077,176.293045044,17.568933487,0.000357547,-0.008095399,0.076247685,0.997056007
1713723143114502144.000000,-18.262283325,135.849792480,9.509668350,0.011322880,-0.012780717,0.064892538,0.997746170
1713723143147858432.000000,-18.322700500,136.034347534,9.621084213,0.009637969,-0.011026327,0.066359229,0.997688293
1713723143181212672.000000,-18.384819031,136.218353271,9.732950211,0.007544055,-0.012527566,0.067962833,0.997580707
1713723143214566912.000000,-28.003465652,177.058502197,17.996440887,-0.003591998,-0.008478369,0.082792953,0.996524274
1713723143247921408.000000,-18.509267807,136.594665527,9.955590248,0.008650780,-0.013898163,0.071035087,0.997339487
1713723143281275648.000000,-18.570878983,136.779388428,10.067757607,0.007144257,-0.012952405,0.072793916,0.997237325
1713723143314630144.000000,-18.633592606,136.964843750,10.181069374,0.002446893,-0.013649014,0.074258484,0.997142613
1713723143347984384.000000,-18.695985794,137.147720337,10.293669701,0.001572098,-0.013538810,0.075726859,0.997035503
1713723143381338880.000000,-18.758684158,137.328643799,10.406147957,0.002740094,-0.013854128,0.077019438,0.996929586
1713723143414692608.000000,-18.821418762,137.510635376,10.519552231,0.000449113,-0.013616565,0.078556329,0.996816576
1713723143448046848.000000,-28.470508575,178.344268799,18.762035370,-0.013494669,-0.010178510,0.093467280,0.995478928
1713723143481401088.000000,-18.948156357,137.872650146,10.747418404,-0.004815670,-0.014562308,0.081190050,0.996580601
1713723143514755840.000000,-20.110754013,138.651123047,9.569001198,0.010420991,-0.018549951,0.075523078,0.996917069
1713723143548109568.000000,-20.179584503,138.920547485,9.628762245,0.007258859,-0.017455336,0.077475131,0.996815085
1713723143581463296.000000,-20.250148773,139.190048218,9.688693047,0.003623848,-0.018849693,0.079303198,0.996665716
1713723143614817536.000000,-21.931865692,145.183746338,10.872865677,0.004302379,-0.018772444,0.080918826,0.996534646
1713723143648171776.000000,-22.004604340,145.449951172,10.928660393,0.006819780,-0.018413933,0.083177023,0.996341288
1713723143681526016.000000,-20.473548889,139.993286133,9.852476120,0.002005485,-0.017913064,0.085343629,0.996188581
1713723143714879744.000000,-23.809852600,151.695617676,12.150888443,0.000540450,-0.019051153,0.087005049,0.996025562
1713723143748233472.000000,-23.884426117,151.962615967,12.204897881,0.001542055,-0.017189970,0.088704087,0.995908499
1713723143781587712.000000,-23.960256577,152.229766846,12.259075165,0.001546612,-0.016832964,0.090870850,0.995719254
1713723143814941696.000000,-25.754764557,158.194000244,13.384729385,-0.000973394,-0.018339571,0.092465982,0.995546520
1713723143848295168.000000,-25.831157684,158.460891724,13.439486504,-0.000906402,-0.017014191,0.094486184,0.995380402
1713723143881649152.000000,-24.191625595,153.032104492,12.425201416,-0.001495870,-0.016775087,0.096701682,0.995170951
1713723143915003136.000000,-22.122468948,141.264419556,9.597346306,0.003817506,-0.021646554,0.086665154,0.995995045
1713723143948356608.000000,-22.196586609,141.532012939,9.653958321,0.003541479,-0.022643892,0.089080215,0.995760739
1713723143981710336.000000,-26.149904251,159.528610229,13.651771545,-0.004583371,-0.016368892,0.103450693,0.994489372
1713723144015064576.000000,-30.256231308,171.031280518,15.375865936,-0.004888275,-0.017805979,0.105369247,0.994261742
1713723144048418048.000000,-30.337566376,171.297668457,15.429034233,-0.006052047,-0.017491754,0.107625872,0.994019210
1713723144081771520.000000,-30.419340134,171.562698364,15.481679916,-0.004933388,-0.017262928,0.110014021,0.993767917
1713723144115125504.000000,-32.397010803,177.469955444,16.533147812,-0.007662068,-0.017488290,0.112117827,0.993511498
1713723144148478464.000000,-32.480567932,177.735382080,16.585386276,-0.008067663,-0.017788965,0.114913717,0.993183434
1713723144181832960.000000,-32.564373016,178.000411987,16.637416840,-0.007829180,-0.017378792,0.117166266,0.992929399
1713723144215187456.000000,-23.739521027,143.097442627,9.604924202,0.002818864,-0.026473768,0.097255044,0.994903386
1713723144248541952.000000,-23.814685822,143.365325928,9.662963867,0.000679284,-0.026693206,0.099674009,0.994661868
1713723144281896704.000000,-23.890583038,143.631927490,9.720689774,0.000589876,-0.027659524,0.101971157,0.994402647
1713723144315250688.000000,-37.611057281,190.010803223,18.433568954,-0.008126126,-0.015902083,0.124844000,0.992015660
1713723144348604928.000000,-37.700962067,190.275924683,18.483264923,-0.011254615,-0.016514737,0.127648324,0.991618156
1713723144381959168.000000,-37.791992188,190.539947510,18.532686234,-0.012743560,-0.018427119,0.130156532,0.991240382
1713723144415313408.000000,-39.969398499,196.372192383,19.534528732,-0.010425082,-0.015981957,0.131840169,0.991087317
1713723144448667648.000000,-40.061782837,196.635452271,19.581903458,-0.011488816,-0.015366226,0.134493023,0.990728796
1713723144482022400.000000,-40.156044006,196.899581909,19.629901886,-0.014822751,-0.017054487,0.137109801,0.990298092
1713723144515376640.000000,-42.496200562,202.643539429,20.706260681,-0.014835355,-0.017825533,0.138923243,0.990031600
1713723144548730112.000000,-42.588775635,202.905120850,20.754587173,-0.013492374,-0.015669364,0.140842199,0.989816129
1713723144582084352.000000,-38.351474762,192.115295410,18.826534271,-0.016043553,-0.017718691,0.143321276,0.989387572
1713723144615438336.000000,-26.004224777,145.448455811,9.603822708,0.000156595,-0.033986196,0.109465480,0.993409395
1713723144648793088.000000,-26.084375381,145.712509155,9.657986641,0.001617257,-0.031734027,0.111441113,0.993262947
1713723144682147072.000000,-26.166376114,145.977661133,9.712790489,0.000507569,-0.031560712,0.113543995,0.993031442
1713723144715500800.000000,-26.590126038,146.021286011,9.601506233,-0.000117384,-0.034823503,0.111754656,0.993125498
1713723144748854528.000000,-26.673238754,146.285354614,9.655350685,0.000128741,-0.034606300,0.113915026,0.992887616
1713723144782209024.000000,-26.756643295,146.549362183,9.709117889,0.000446536,-0.033853486,0.116148271,0.992654681
1713723144815563008.000000,-28.805410385,152.392440796,10.831201553,-0.001322509,-0.035099652,0.118240282,0.992363632
1713723144848916480.000000,-28.890893936,152.656173706,10.885230064,-0.001626300,-0.035330795,0.120676041,0.992061734
1713723144882270464.000000,-28.976507187,152.919738770,10.939187050,-0.001872498,-0.034493782,0.122981772,0.991807520
1713723144915624704.000000,-27.780838013,147.153945923,9.594765663,0.000416426,-0.036857970,0.117941678,0.992336214
1713723144948978176.000000,-27.866191864,147.417541504,9.648522377,-0.000027396,-0.036278646,0.120272458,0.992077887
1713723144982331904.000000,-27.952821732,147.680450439,9.702095985,0.000418141,-0.037334733,0.122843310,0.991723537
1713723145015686144.000000,-33.651924133,164.975280762,13.121972084,-0.003280039,-0.035805721,0.132131323,0.990579903
1713723145049039872.000000,-33.745903015,165.235733032,13.172110558,-0.002416939,-0.037107341,0.135389030,0.990094483
1713723145082393344.000000,-33.839588165,165.497528076,13.222743988,-0.004112571,-0.035985276,0.138288662,0.989729464
1713723145115747328.000000,-36.362869263,171.158065796,14.121046066,-0.003645407,-0.037148844,0.141307399,0.989261866
1713723145149100288.000000,-36.459526062,171.419082642,14.171339989,-0.005601997,-0.036981296,0.144588500,0.988784730
1713723145182454784.000000,-36.556983948,171.678573608,14.221004486,-0.004902272,-0.037898947,0.148303762,0.988203228
1713723145215809536.000000,-29.627843857,148.816802979,9.575875282,-0.000085093,-0.037989363,0.133501798,0.990320206
1713723145249164032.000000,-29.718425751,149.079116821,9.628006935,-0.000984278,-0.038767647,0.137618318,0.989725888
1713723145282518528.000000,-29.809621811,149.341705322,9.680332184,-0.002724616,-0.039137539,0.141247347,0.989196718
1713723145315873024.000000,-36.976726532,172.705963135,14.407612801,-0.006147725,-0.039749641,0.162265450,0.985927045
1713723145349227776.000000,-30.474208832,149.540740967,9.563558578,-0.000669067,-0.038254786,0.143533602,0.988905609
1713723145382582272.000000,-30.568572998,149.802368164,9.615599632,-0.002685460,-0.040495042,0.148233026,0.988119423
1713723145415936768.000000,-30.662235260,150.063476562,9.667322159,-0.003560353,-0.040062752,0.152381703,0.987502992
1713723145449290752.000000,-28.594509125,151.874923706,10.743785858,-0.007822400,-0.039323594,0.182424515,0.982402086
1713723145482645248.000000,-33.865463257,157.866378784,11.053438187,-0.003087054,-0.039010305,0.161345840,0.986121833
1713723145515999744.000000,-33.965373993,158.126510620,11.103376389,-0.005661421,-0.041136917,0.166351423,0.985191822
1713723145549353984.000000,-34.063922882,158.385696411,11.152528763,-0.005904810,-0.039012041,0.170443058,0.984577239
1713723145582708480.000000,-39.346618652,171.548248291,13.544166565,-0.006021659,-0.039282680,0.179166257,0.983015835
1713723145616062720.000000,-39.452037811,171.806411743,13.591310501,-0.008640594,-0.038835246,0.184056208,0.982110262
1713723145649416960.000000,-39.558864594,172.062637329,13.637863159,-0.008160015,-0.040549889,0.188822716,0.981139719
1713723145682770944.000000,-32.648605347,151.317413330,9.527472496,-0.002202776,-0.040508173,0.176250771,0.983509004
1713723145716125184.000000,-32.750488281,151.575942993,9.577028275,-0.003365987,-0.042508356,0.181458041,0.982473850
1713723145749479424.000000,-32.851528168,151.834518433,9.626251221,-0.004398355,-0.040962875,0.186004594,0.981684804
1713723145782833920.000000,-35.333415985,157.505157471,10.624341011,-0.004038330,-0.042115245,0.190813527,0.980714142
1713723145816188160.000000,-35.438938141,157.762924194,10.672584534,-0.006419264,-0.041500721,0.195631906,0.979777873
1713723145849541632.000000,-35.546012878,158.019271851,10.720541954,-0.006734913,-0.043150470,0.200712681,0.978676200
1713723145882895616.000000,-33.992877960,152.359649658,9.499977112,-0.004351966,-0.041824482,0.197859570,0.979328036
1713723145916250112.000000,-34.097564697,152.617614746,9.549867630,-0.005824542,-0.042767085,0.202704489,0.978288293
1713723145949604352.000000,-34.202602386,152.875595093,9.599740028,-0.007563904,-0.042777352,0.207304046,0.977311611
1713723145982958080.000000,-34.675956726,152.875366211,9.485269547,-0.005162303,-0.043865785,0.208383515,0.977049410
1713723146016312064.000000,-34.781612396,153.131713867,9.534246445,-0.005081547,-0.041133676,0.212745592,0.976228178
1713723146049666048.000000,-33.864280701,154.121932983,10.034117699,-0.011614813,-0.044086084,0.227236569,0.972771883
1713723146083020032.000000,-35.362918854,153.395767212,9.473834038,-0.008127204,-0.042570639,0.218098059,0.974964082
1713723146116373760.000000,-35.471031189,153.650787354,9.521785736,-0.006684605,-0.041891873,0.222514719,0.974005938
1713723146149727232.000000,-35.584159851,153.904815674,9.568079948,-0.007532648,-0.041689515,0.226345733,0.973125339
1713723146183081984.000000,-38.196659088,159.569580078,10.573360443,-0.009874177,-0.043348122,0.231035709,0.971929014
1713723146216436736.000000,-38.308727264,159.823944092,10.619978905,-0.009865848,-0.041592665,0.234995544,0.971056044
1713723146249791232.000000,-38.422794342,160.078247070,10.666986465,-0.010839699,-0.042252805,0.239338011,0.969955981
1713723146283145728.000000,-41.198680878,165.662765503,11.611963272,-0.010710830,-0.042309128,0.242930397,0.969061494
1713723146316500480.000000,-41.314785004,165.916305542,11.658654213,-0.011360653,-0.042503960,0.247270316,0.967947245
1713723146349854720.000000,-41.431381226,166.169326782,11.705125809,-0.011436253,-0.042311069,0.251638919,0.966828287
1713723146383209216.000000,-44.176097870,171.797500610,12.707818985,-0.012861111,-0.043176934,0.255531371,0.965750575
1713723146416563968.000000,-44.296459198,172.048217773,12.752288818,-0.010505155,-0.042846404,0.259957284,0.964611948
1713723146449918464.000000,-41.803836823,166.925231934,11.835655212,-0.012305428,-0.042499017,0.263600498,0.963616788
1713723146483272960.000000,-58.205337524,169.690948486,8.965587616,-0.010843897,-0.041266337,0.255400270,0.965893507
1713723146516627456.000000,-58.321468353,169.945846558,9.012118340,-0.011076150,-0.039421584,0.259746641,0.964808226
1713723146549981952.000000,-58.438823700,170.198715210,9.058028221,-0.008259432,-0.039580792,0.264625192,0.963503361
1713723146583336448.000000,-50.751312256,183.919281006,14.632680893,-0.013616749,-0.044700511,0.281951547,0.958290040
1713723146616690944.000000,-50.880035400,184.169692993,14.677188873,-0.014044932,-0.046196882,0.287061930,0.956694305
1713723146650045440.000000,-51.008441925,184.420166016,14.721565247,-0.014711966,-0.044871744,0.291527569,0.955396175
1713723146683399424.000000,-54.468410492,189.905624390,15.470489502,-0.011745795,-0.046011917,0.295417368,0.954187393
1713723146716753664.000000,-54.599952698,190.155258179,15.514146805,-0.013672329,-0.045942511,0.300128937,0.952693522
1713723146750108160.000000,-54.733032227,190.404144287,15.557676315,-0.015001554,-0.047188990,0.304895937,0.951097608
1713723146783462400.000000,-75.937072754,181.600036621,8.557128906,-0.010367978,-0.040224940,0.285998791,0.957329214
1713723146816816896.000000,-76.059204102,181.852203369,8.603118896,-0.008009796,-0.040560957,0.290980160,0.955835402
1713723146850171136.000000,-76.182693481,182.105758667,8.649642944,-0.009252086,-0.040587526,0.295263797,0.954508424
1713723146883525120.000000,-62.008705139,201.751907349,17.183040619,-0.014596877,-0.048709422,0.321512818,0.945538938
1713723146916879360.000000,-62.148109436,201.998748779,17.224185944,-0.015112475,-0.047651783,0.326046646,0.944031060
1713723146950233344.000000,-62.290462494,202.243545532,17.264324188,-0.013215910,-0.047983319,0.330831945,0.942376375
1713723146983588096.000000,-75.005287170,199.968475342,13.891214371,-0.012125941,-0.043561906,0.323370159,0.945191562
1713723147016941824.000000,-75.142410278,200.217071533,13.933877945,-0.011777875,-0.044732958,0.328917801,0.943224967
1713723147050295808.000000,-60.464572906,173.948898315,9.683446884,-0.013359572,-0.044281282,0.334200710,0.941366434
1713723147083649792.000000,-42.634025574,158.459335327,9.377880096,-0.008285644,-0.036417365,0.321638167,0.946125805
1713723147117004032.000000,-42.764926910,158.712722778,9.422052383,-0.009227604,-0.034952343,0.327096164,0.944299400
1713723147150358272.000000,-60.891021729,174.691192627,9.807587624,-0.013797466,-0.044634588,0.351698697,0.934946835
1713723147183712768.000000,-82.461357117,211.775375366,15.757768631,-0.013784224,-0.043841038,0.355692178,0.933472633
1713723147217052928.000000,-82.606033325,212.020797729,15.798440933,-0.012195958,-0.042968929,0.362103730,0.931067109
1713723147250447872.000000,-82.753219604,212.267837524,15.840024948,-0.014660075,-0.043107301,0.367840588,0.928773522
1713723147283843072.000000,-44.187126160,159.427108765,9.356664658,-0.009505911,-0.037798643,0.348958105,0.936327517
1713723147317238016.000000,-44.324504852,159.679534912,9.400279045,-0.009958380,-0.035945579,0.354981184,0.934129119
1713723147350633984.000000,-78.310943604,185.842132568,9.273217201,-0.012391656,-0.042396270,0.375620514,0.925720453
1713723147384029440.000000,-97.733314514,217.451507568,14.139751434,-0.012305785,-0.041040428,0.379577816,0.924167216
1713723147417425152.000000,-97.884826660,217.696838379,14.180768967,-0.012034869,-0.042350173,0.385498732,0.921657383
1713723147450821376.000000,-78.790908813,186.566741943,9.385241508,-0.012838736,-0.041839145,0.390425384,0.919593811
1713723147484217856.000000,-104.727035522,222.242095947,13.302736282,-0.012084778,-0.042677045,0.391065747,0.919293404
1713723147517614336.000000,-104.880981445,222.486587524,13.343969345,-0.012216666,-0.042050585,0.395629078,0.917365968
1713723147551011328.000000,-105.036392212,222.730590820,13.385290146,-0.012663656,-0.042230066,0.400173008,0.915378511
1713723147584408576.000000,-46.584678650,160.842483521,9.320130348,-0.010030950,-0.036907911,0.383804142,0.922622144
1713723147617806080.000000,-46.732795715,161.091613770,9.363447189,-0.011010217,-0.037167121,0.388620436,0.920582175
1713723147651203072.000000,-46.881187439,161.339065552,9.406060219,-0.009343836,-0.036575764,0.392511457,0.918972135
1713723147684601344.000000,-113.039077759,233.838150024,14.987019539,-0.014069892,-0.041852806,0.415778965,0.908393264
1713723147717999104.000000,-113.206016541,234.077682495,15.025161743,-0.014887361,-0.044091463,0.420344472,0.906170487
1713723147751397120.000000,-113.372528076,234.317260742,15.062867165,-0.015541684,-0.042898938,0.424312949,0.904365361
1713723147784795904.000000,-64.788612366,188.735488892,13.268965721,-0.011111718,-0.038499553,0.416764587,0.908130884
1713723147818194944.000000,-64.952781677,188.977935791,13.307798386,-0.013118517,-0.037871510,0.420971006,0.906188250
1713723147851593472.000000,-65.119262695,189.219299316,13.346824646,-0.014746782,-0.039917663,0.425193876,0.904101372
1713723147884992512.000000,-49.069015503,162.207244873,9.276529312,-0.010007554,-0.039105922,0.410521477,0.910957038
1713723147918392064.000000,-49.229034424,162.451766968,9.316221237,-0.007548353,-0.038652822,0.414942533,0.908994913
1713723147951792128.000000,-49.390903473,162.697372437,9.356457710,-0.008791488,-0.038461652,0.419036508,0.907111764
1713723147985191936.000000,-74.067550659,199.962951660,14.502817154,-0.015919773,-0.041326746,0.440244615,0.896785021
1713723148018592000.000000,-74.244430542,200.200347900,14.538106918,-0.016082857,-0.040786996,0.444364458,0.894772649
1713723148051992064.000000,-74.421386719,200.436279297,14.573088646,-0.013857256,-0.039760709,0.448618203,0.892731130
1713723148085392640.000000,-79.634460449,205.066894531,14.538191795,-0.013970750,-0.039780695,0.451624542,0.891211331
1713723148118793472.000000,-79.817230225,205.303115845,14.573108673,-0.016716082,-0.040911112,0.456126720,0.888816833
1713723148152194816.000000,-79.999595642,205.537826538,14.607155800,-0.016549317,-0.040213317,0.460390925,0.886650562
1713723148185595904.000000,-84.969436646,210.276855469,14.887109756,-0.015946578,-0.039325982,0.464011490,0.884812117
1713723148219016192.000000,-85.158798218,210.509567261,14.918659210,-0.016880408,-0.039022073,0.468465269,0.882458270
1713723148252367616.000000,-85.349777222,210.741104126,14.950490952,-0.018358521,-0.040389985,0.472668499,0.880122781
1713723148285718784.000000,-52.516166687,163.952087402,9.207713127,-0.010620167,-0.040881291,0.448251188,0.892909169
1713723148319069952.000000,-52.696578979,164.191696167,9.241975784,-0.010860021,-0.040353935,0.452333093,0.890869439
1713723148352420864.000000,-52.878940582,164.430908203,9.276556015,-0.012285685,-0.040869355,0.456395775,0.888752878
1713723148385772032.000000,-57.349693298,169.525939941,9.816631317,-0.011120009,-0.041788843,0.460112303,0.886807024
1713723148419122688.000000,-57.535491943,169.762634277,9.848949432,-0.011503062,-0.039251309,0.464034706,0.884872198
1713723148452473600.000000,-57.724281311,169.998474121,9.881772995,-0.012802445,-0.040370613,0.468265921,0.882572055
1713723148485824768.000000,-62.715419769,174.806976318,10.251733780,-0.012424968,-0.041273702,0.471431434,0.880848765
1713723148519175424.000000,-62.906902313,175.039825439,10.281534195,-0.010409287,-0.039254189,0.475607663,0.878719628
1713723148552526592.000000,-63.100383759,175.273147583,10.311826706,-0.011122021,-0.037799940,0.480035037,0.876363993
1713723148585877248.000000,-50.780654907,160.276992798,8.636945724,-0.010665800,-0.041534472,0.473528862,0.879733801
1713723148619227648.000000,-50.972675323,160.510833740,8.666923523,-0.008221528,-0.039520428,0.477831602,0.877523482
1713723148652578048.000000,-63.701744080,175.960083008,10.395195007,-0.010157571,-0.035347998,0.492948383,0.869280934
1713723148685928704.000000,-56.113849640,165.611541748,9.129180908,-0.010807361,-0.039577290,0.486284345,0.872837007
1713723148719279360.000000,-56.313800812,165.841491699,9.158073425,-0.009692006,-0.040894955,0.491091490,0.870093644
1713723148752629760.000000,-56.512470245,166.072174072,9.186241150,-0.008786350,-0.036382183,0.494989634,0.868092418
1713723148785979904.000000,-61.666278839,170.777572632,9.562294960,-0.010567620,-0.037258163,0.498784810,0.865860224
1713723148819330560.000000,-61.876152039,171.003463745,9.589130402,-0.011112072,-0.040703163,0.503181338,0.863150299
1713723148852680448.000000,-62.084571838,171.228729248,9.615112305,-0.009538867,-0.039261580,0.506620526,0.861221969
1713723148886030592.000000,-87.756462097,192.844635010,10.959256172,-0.010741967,-0.036633704,0.516090930,0.855682671
1713723148919381248.000000,-87.977378845,193.063751221,10.983919144,-0.013352871,-0.040433571,0.519337058,0.853507996
1713723148952730880.000000,-88.197097778,193.281311035,11.007504463,-0.012083285,-0.041024446,0.522496223,0.851568401
1713723148986080768.000000,-58.914375305,166.797439575,9.063524246,-0.009267504,-0.038728431,0.511058927,0.858622730
1713723149019431168.000000,-59.137493134,167.018142700,9.087694168,-0.011564771,-0.041828007,0.514159381,0.856596053
1713723149052780800.000000,-59.360832214,167.237609863,9.111238480,-0.011811512,-0.043880086,0.517114401,0.854709148
1713723149086130944.000000,-102.732833862,198.992126465,10.707498550,-0.012893125,-0.040584251,0.528374076,0.847943127
1713723149119480320.000000,-102.968818665,199.201370239,10.727022171,-0.012952188,-0.041460857,0.531265557,0.846091151
1713723149152830464.000000,-103.207656860,199.410339355,10.747132301,-0.015512496,-0.044177368,0.533890605,0.844256282
1713723149186179840.000000,-60.833297729,167.557434082,9.018924713,-0.013029042,-0.045286179,0.522939444,0.851066232
1713723149219524864.000000,-61.070976257,167.766784668,9.036930084,-0.012771093,-0.043663893,0.525426745,0.849621832
1713723149252888320.000000,-61.312431335,167.974975586,9.055853844,-0.014095174,-0.046994358,0.527956486,0.847853065
1713723149286251008.000000,-117.306632996,205.269622803,10.661205292,-0.016735468,-0.048226744,0.539691806,0.840313613
1713723149319614464.000000,-117.557266235,205.465835571,10.675374985,-0.015157836,-0.045834988,0.541848719,0.839088500
1713723149352977408.000000,-117.810546875,205.661224365,10.689970016,-0.015129942,-0.045942217,0.543807864,0.837814748
1713723149386341376.000000,-62.788574219,168.291931152,8.972332001,-0.015074253,-0.050816447,0.532449126,0.844800830
1713723149419704576.000000,-63.047027588,168.484222412,8.985485077,-0.013369977,-0.050602898,0.534732163,0.843399227
1713723149453068288.000000,-63.306503296,168.676452637,8.998644829,-0.013007522,-0.049529225,0.536881924,0.842101872
1713723149486431744.000000,-93.201507568,185.857757568,9.713199615,-0.014735471,-0.052247182,0.542141378,0.838531971
1713723149519795968.000000,-93.473541260,186.035919189,9.723527908,-0.014405171,-0.052236285,0.544206142,0.837199867
1713723149553159680.000000,-93.745880127,186.212387085,9.733475685,-0.011866103,-0.051899657,0.546463788,0.835788846
1713723149586523648.000000,-101.107376099,187.998138428,9.506540298,-0.014133773,-0.052839626,0.545990288,0.836004138
1713723149619887872.000000,-101.388832092,188.165985107,9.514695168,-0.012291303,-0.053890221,0.548629344,0.834236503
1713723149653251840.000000,-101.670700073,188.334503174,9.522876740,-0.012470555,-0.052166816,0.550541520,0.833082974
1713723149686616320.000000,-108.115135193,191.830963135,9.638736725,-0.012182890,-0.054159567,0.552827537,0.831444561
1713723149719981056.000000,-108.406486511,191.987701416,9.645092010,-0.012972840,-0.054558706,0.554927766,0.830006242
1713723149753345792.000000,-108.697448730,192.142150879,9.650959015,-0.009927195,-0.054444656,0.557351649,0.828430116
1713723149786710016.000000,-113.090866089,186.070037842,7.634772301,-0.010621030,-0.052791443,0.553177774,0.831321061
1713723149820074752.000000,-113.389465332,186.219284058,7.640324593,-0.013313605,-0.055433691,0.555266559,0.829716146
1713723149853439744.000000,-113.687332153,186.366943359,7.645060539,-0.012826858,-0.055829808,0.557343066,0.828303874
1713723149886804480.000000,-123.525306702,197.400360107,9.560882568,-0.009445699,-0.053739991,0.563804984,0.824103653
1713723149920169472.000000,-123.829025269,197.538848877,9.564311981,-0.010296383,-0.054099433,0.565936923,0.822607219
1713723149953534720.000000,-124.135070801,197.676513672,9.568321228,-0.012366316,-0.056430906,0.568272471,0.820810080
1713723149986899968.000000,-131.890426636,199.179046631,9.342190742,-0.012562240,-0.054432098,0.568465412,0.820808470
1713723150020265472.000000,-132.197174072,199.311630249,9.344213486,-0.010145172,-0.052604526,0.570612013,0.819470465
1713723150053630976.000000,-125.073905945,198.048614502,9.573355675,-0.012315388,-0.054652363,0.573475838,0.817304671
1713723150086996480.000000,-69.861587524,170.664764404,8.816996574,-0.012765397,-0.055456102,0.570097566,0.819603860
1713723150120362240.000000,-70.172744751,170.795318604,8.819009781,-0.012121262,-0.054015905,0.572035968,0.818358243
1713723150153728256.000000,-70.484771729,170.924743652,8.820877075,-0.010900594,-0.052698255,0.573932886,0.817132294
1713723150187094272.000000,-77.742927551,173.371810913,8.808151245,-0.013619787,-0.054527491,0.575966060,0.815539300
1713723150220463872.000000,-78.059707642,173.497467041,8.809692383,-0.013729671,-0.054798838,0.578196943,0.813939154
1713723150253817856.000000,-78.375740051,173.622314453,8.810657501,-0.012315623,-0.052311361,0.580301523,0.812626719
1713723150287171072.000000,-85.609191895,176.162139893,8.803018570,-0.012858757,-0.052940633,0.582151175,0.811253369
1713723150320525056.000000,-85.931304932,176.282562256,8.804391861,-0.014729466,-0.054907799,0.584417403,0.809459448
1713723150353878272.000000,-86.252105713,176.401611328,8.804882050,-0.013248595,-0.053483337,0.586637616,0.807973027
1713723150387231232.000000,-72.984130859,171.634429932,8.735743523,-0.013298034,-0.051159918,0.587738454,0.807322383
1713723150420585216.000000,-73.312217712,171.748657227,8.736657143,-0.015280071,-0.054444663,0.589947343,0.805459142
1713723150453938176.000000,-73.639350891,171.861724854,8.736920357,-0.014654066,-0.054716289,0.592141509,0.803840697
1713723150487292160.000000,-74.040710449,171.950531006,8.706455231,-0.013784636,-0.050268650,0.593931794,0.802825093
1713723150520644864.000000,-74.372680664,172.058654785,8.706398964,-0.014852546,-0.052161753,0.595796466,0.801302135
1713723150553998592.000000,-74.705970764,172.165695190,8.706352234,-0.015796660,-0.054517418,0.597407699,0.799926579
1713723150587351552.000000,-75.107704163,172.258331299,8.676380157,-0.014622147,-0.052073956,0.597896516,0.799746335
1713723150620704768.000000,-75.443061829,172.360900879,8.675437927,-0.014352343,-0.051285293,0.598492265,0.799356580
1713723150654057984.000000,-75.781440735,172.462112427,8.675212860,-0.015886845,-0.054271936,0.599148989,0.798638046
1713723150687410944.000000,-90.689956665,176.515762329,8.544773102,-0.015385609,-0.053807765,0.599517345,0.798402786
1713723150720764160.000000,-91.028488159,176.614288330,8.542949677,-0.014084634,-0.050608579,0.599598706,0.798574924
1713723150754117376.000000,-91.370758057,176.711273193,8.542022705,-0.014782161,-0.052834086,0.599915445,0.798180103
1713723150787470080.000000,-99.234428406,178.558120728,8.412241936,-0.016270686,-0.055335078,0.599883974,0.798005402
1713723150820823552.000000,-99.577926636,178.651672363,8.410078049,-0.015300603,-0.053981692,0.600051403,0.797991395
1713723150854176256.000000,-99.922523499,178.744094849,8.407979965,-0.014047462,-0.053260356,0.600322843,0.797858775
1713723150887529472.000000,-107.902465820,180.461944580,8.286651611,-0.015953675,-0.056077838,0.600268900,0.797670424
1713723150920881920.000000,-108.251510620,180.550018311,8.284034729,-0.015517379,-0.056674421,0.600594997,0.797391295
1713723150954235136.000000,-108.600479126,180.637435913,8.280952454,-0.014226064,-0.055063784,0.600782692,0.797386885
1713723150987587584.000000,-79.427177429,173.452896118,8.549940109,-0.014640268,-0.057246745,0.601065576,0.797012329
1713723151020940544.000000,-79.782295227,173.534896851,8.546348572,-0.015035236,-0.058888257,0.601386309,0.796643436
1713723151054293504.000000,-80.136459351,173.616455078,8.542083740,-0.014024151,-0.057051782,0.602131307,0.796232641
1713723151087645952.000000,-88.192672729,175.300186157,8.412918091,-0.013432235,-0.057553411,0.603200853,0.795396745
1713723151120999168.000000,-88.552482605,175.377868652,8.408757210,-0.014665382,-0.059192181,0.604569793,0.794214487
1713723151154351360.000000,-88.911781311,175.454650879,8.403912544,-0.013989868,-0.058450036,0.606220305,0.793022573
1713723151187704064.000000,-97.048866272,177.054229736,8.287271500,-0.012336066,-0.058042467,0.607805789,0.791865528
1713723151221056768.000000,-97.412605286,177.127319336,8.282577515,-0.013267056,-0.059222870,0.609054267,0.790803075
1713723151254409472.000000,-97.776679993,177.199371338,8.277506828,-0.013129685,-0.059535943,0.610329211,0.789798319
1713723151287763200.000000,-106.066360474,178.559539795,8.061588287,-0.011416355,-0.058438838,0.611309290,0.789148629
1713723151321116160.000000,-106.432167053,178.629379272,8.055512428,-0.010251305,-0.057134476,0.612100720,0.788646519
1713723151354469888.000000,-106.801651001,178.698501587,8.050451279,-0.012497320,-0.059582118,0.612861037,0.787842095
1713723151387822848.000000,-83.824920654,174.604064941,8.415646553,-0.012290964,-0.059562087,0.614086390,0.786892116
1713723151421176320.000000,-84.194244385,174.668487549,8.408905983,-0.009329868,-0.058233112,0.615013003,0.786308408
1713723151454529024.000000,-84.566192627,174.732727051,8.402762413,-0.009705056,-0.058444440,0.615539849,0.785875797
1713723151487882496.000000,-92.940109253,176.059997559,8.240381241,-0.011727270,-0.060063332,0.615903437,0.785441160
1713723151521234944.000000,-93.313888550,176.121704102,8.234216690,-0.011017738,-0.059671104,0.616311133,0.785161436
1713723151554588416.000000,-93.686874390,176.182189941,8.227286339,-0.008012932,-0.056828387,0.616691649,0.785110116
1713723151587941120.000000,-133.550537109,182.828582764,7.523780823,-0.010815867,-0.058564603,0.615546644,0.785847068
1713723151621294592.000000,-133.928253174,182.887115479,7.517351151,-0.010280160,-0.059840858,0.615567446,0.785741806
1713723151654647040.000000,-134.305419922,182.945297241,7.510538101,-0.008917877,-0.057892382,0.615464449,0.785985053
1713723151688000256.000000,-87.176422119,175.436050415,8.307699203,-0.006727139,-0.057127587,0.617015362,0.784846008
1713723151721352704.000000,-87.559745789,175.488769531,8.300803185,-0.009717580,-0.059150957,0.616214991,0.785293460
1713723151754706176.000000,-135.451721191,183.102539062,7.486634254,-0.009359679,-0.058754142,0.613969147,0.787084699
1713723151788058880.000000,-152.316802979,185.246398926,7.009658813,-0.006726381,-0.056775093,0.613512754,0.787612557
1713723151821411328.000000,-152.701843262,185.296417236,7.002115250,-0.006968651,-0.057118177,0.612685502,0.788229406
1713723151854764288.000000,-153.089019775,185.345748901,6.994995117,-0.009053065,-0.058584154,0.612045407,0.788597763
1713723151888116480.000000,-161.766235352,186.373214722,6.712270737,-0.009002917,-0.057699058,0.611332953,0.789215982
1713723151921469184.000000,-162.152740479,186.419128418,6.703443527,-0.005674074,-0.055504531,0.610793054,0.789822102
1713723151954822400.000000,-162.544036865,186.465164185,6.696140289,-0.008565573,-0.057566620,0.609885335,0.790349722
1713723151988174592.000000,-156.610061646,190.800994873,5.889913559,-0.009734116,-0.057881117,0.612272084,0.788465559
1713723152021527040.000000,-157.001586914,190.841522217,5.881278992,-0.008537460,-0.056294054,0.611480117,0.789208651
1713723152054880000.000000,-157.393875122,190.880828857,5.872572899,-0.006784913,-0.055108100,0.610599041,0.789991081
1713723152088231936.000000,-166.199859619,191.752853394,5.654617310,-0.010228951,-0.057498816,0.609632492,0.790529907
1713723152121584384.000000,-166.595611572,191.789779663,5.645488739,-0.010528199,-0.057497144,0.608514965,0.791386664
1713723152154937344.000000,-166.990447998,191.825195312,5.635635376,-0.007493220,-0.055536125,0.607898235,0.792034984
1713723152188289280.000000,-175.866333008,192.642089844,5.407295227,-0.008947987,-0.056406409,0.606831253,0.792776167
1713723152221641728.000000,-176.266357422,192.676651001,5.398302078,-0.011263762,-0.057943612,0.605788767,0.793432891
1713723152254995456.000000,-176.665527344,192.709808350,5.388675690,-0.010739069,-0.057119876,0.604746222,0.794294715
1713723152288348160.000000,-93.927772522,177.125686646,8.092809677,-0.007836951,-0.055017561,0.605702579,0.793748140
1713723152321701888.000000,-94.331085205,177.155853271,8.084373474,-0.010771131,-0.056723833,0.604380071,0.794601262
1713723152355054336.000000,-94.734275818,177.184631348,8.075328827,-0.011476810,-0.057396416,0.603509128,0.795204878
1713723152388408064.000000,-154.324172974,182.455245972,6.610093117,-0.010250323,-0.055943049,0.599808812,0.798119545
1713723152421760768.000000,-154.727813721,182.484588623,6.599719048,-0.009395741,-0.054897457,0.598646224,0.799074948
1713723152455114240.000000,-155.134735107,182.513259888,6.590345383,-0.011591735,-0.057195753,0.597378671,0.799833119
1713723152488466688.000000,-205.313629150,194.998367310,4.641767502,-0.011577124,-0.056887355,0.597286105,0.799924493
1713723152521819904.000000,-205.719940186,195.024185181,4.631317139,-0.009687796,-0.055249568,0.596318483,0.800785840
1713723152555172608.000000,-206.129302979,195.049758911,4.621612549,-0.011380382,-0.055983212,0.595285833,0.801480651
1713723152588525568.000000,-215.290191650,195.635757446,4.377918243,-0.011719443,-0.057292134,0.594902337,0.801667988
1713723152621878272.000000,-215.700347900,195.659057617,4.367082596,-0.011400204,-0.056499775,0.594392896,0.802106559
1713723152655230976.000000,-216.111145020,195.681137085,4.355989456,-0.010332044,-0.055539310,0.593992233,0.802484870
1713723152688584192.000000,-98.408264160,178.304855347,7.937518120,-0.011530627,-0.057593141,0.597884893,0.799427152
1713723152721936384.000000,-98.822189331,178.321533203,7.926477432,-0.011503292,-0.058018956,0.597641468,0.799578786
1713723152755289600.000000,-99.235427856,178.337295532,7.914920807,-0.009687167,-0.056166232,0.597407937,0.799909532
1713723152788642048.000000,-235.480346680,196.669570923,3.713645935,-0.012155704,-0.055428088,0.592503607,0.803566754
1713723152821994240.000000,-235.897735596,196.688034058,3.702997208,-0.012638631,-0.056723919,0.592170715,0.803714275
1713723152855347456.000000,-236.314758301,196.706329346,3.692029953,-0.012698137,-0.055239793,0.591907918,0.804010212
1713723152888699648.000000,-245.691040039,197.154632568,3.468313217,-0.010393066,-0.054293986,0.591860116,0.804142892
1713723152922051840.000000,-246.112075806,197.171478271,3.457983017,-0.013423189,-0.055417027,0.591489553,0.804294050
1713723152955404800.000000,-246.532958984,197.186676025,3.447061539,-0.013874750,-0.055453036,0.591376483,0.804367065
1713723152988757248.000000,-255.946899414,197.543518066,3.223937988,-0.012964357,-0.054854214,0.590915740,0.804761827
1713723153022109184.000000,-256.369018555,197.556884766,3.212360382,-0.012678076,-0.054024100,0.590422690,0.805184305
1713723153055461632.000000,-256.793792725,197.569747925,3.201219559,-0.014685388,-0.055031862,0.589850426,0.805501342
1713723153088814336.000000,-102.927764893,179.467056274,7.758654594,-0.012747421,-0.057487100,0.596056044,0.800780833
1713723153122166272.000000,-103.352584839,179.469940186,7.745418549,-0.011125838,-0.056037724,0.595774174,0.801117420
1713723153155518464.000000,-103.780273438,179.472579956,7.732954025,-0.012912810,-0.056575716,0.594935179,0.801676154
1713723153188870912.000000,-112.761589050,179.330474854,7.367767334,-0.012888106,-0.057955444,0.594574213,0.801845729
1713723153222223104.000000,-113.190147400,179.331710815,7.355085373,-0.012492220,-0.057021614,0.594320893,0.802106738
1713723153255578112.000000,-113.619117737,179.331542969,7.342185020,-0.011001500,-0.055893149,0.593891621,0.802525878
1713723153288932864.000000,-114.051139832,179.331771851,7.330448151,-0.013321619,-0.057114057,0.593385875,0.802778721
1713723153322287616.000000,-125.515419006,178.894149780,6.807024002,-0.013430820,-0.057798982,0.592866123,0.803111911
1713723153355642368.000000,-125.947387695,178.891815186,6.794116974,-0.011980075,-0.055981338,0.592874885,0.803257108
1713723153388997376.000000,-126.381317139,178.888885498,6.781546593,-0.012175500,-0.055581860,0.592456043,0.803590834
1713723153422352128.000000,-167.245452881,177.482849121,4.985456467,-0.012585727,-0.057706479,0.589044333,0.805939436
1713723153455706880.000000,-167.693084717,177.475402832,4.968782425,-0.013091676,-0.056676619,0.588672280,0.806276202
1713723153489061632.000000,-168.141281128,177.466491699,4.951755524,-0.012071094,-0.055743784,0.588781774,0.806277215
1713723153522415872.000000,-168.856857300,189.127334595,5.261077881,-0.013550927,-0.056613471,0.594224751,0.802189708
1713723153555770368.000000,-169.316024780,189.106369019,5.241645813,-0.013531270,-0.056665659,0.593891859,0.802432835
1713723153589125120.000000,-169.776336670,189.084793091,5.222236633,-0.013972525,-0.056356370,0.593607843,0.802657187
1713723153622479872.000000,-154.155242920,177.448226929,5.485824585,-0.012968320,-0.057014257,0.590397656,0.804991841
1713723153655834368.000000,-154.625030518,177.423782349,5.465028763,-0.013164422,-0.056350321,0.590061128,0.805282116
1713723153689189120.000000,-155.096893311,177.397827148,5.444466591,-0.013549613,-0.057828661,0.589782715,0.805374861
1713723153722543872.000000,-164.065582275,176.976501465,5.117214203,-0.013787496,-0.056768510,0.589504778,0.805649698
1713723153755898368.000000,-164.545654297,176.943710327,5.094839096,-0.013378487,-0.057081431,0.589089036,0.805938482
1713723153789253120.000000,-165.027130127,176.910293579,5.072435379,-0.013972238,-0.057222486,0.588529885,0.806326807
1713723153822607872.000000,-111.529861450,181.362274170,7.405604362,-0.015362652,-0.057191551,0.595075190,0.801485360
1713723153855962624.000000,-112.012145996,181.321319580,7.383009911,-0.015658282,-0.056404285,0.594630897,0.801864982
1713723153889317120.000000,-112.496200562,181.278991699,7.360618591,-0.016016757,-0.056926399,0.594384432,0.802003801
1713723153922671616.000000,-121.499839783,180.533172607,6.947387695,-0.016540200,-0.056726187,0.593950570,0.802328646
1713723153956026112.000000,-121.986312866,180.488769531,6.924676895,-0.016735278,-0.056665778,0.593621969,0.802572012
1713723153989380352.000000,-122.473770142,180.443328857,6.901753426,-0.016577909,-0.056470662,0.593133926,0.802949846
1713723154022734848.000000,-194.055709839,175.004928589,3.741821289,-0.015908897,-0.055394411,0.586874485,0.807624102
1713723154056089344.000000,-194.547424316,174.965759277,3.719676971,-0.017306505,-0.056359585,0.586535335,0.807775021
1713723154089443840.000000,-195.039077759,174.925415039,3.696990967,-0.017419556,-0.055369314,0.586225629,0.808065832
1713723154122798336.000000,-124.438888550,180.256988525,6.812208176,-0.016132126,-0.055709034,0.592104256,0.803771615
1713723154156153088.000000,-140.369689941,185.232742310,6.162177086,-0.016873458,-0.056271255,0.594160259,0.802198529
1713723154189507328.000000,-140.864685059,185.178939819,6.138908386,-0.017244071,-0.056802802,0.593957603,0.802303255
1713723154222862848.000000,-141.360000610,185.124298096,6.115396500,-0.017455254,-0.055680510,0.593409181,0.802783012
1713723154256216832.000000,-155.266540527,177.370910645,5.353108406,-0.016006559,-0.054520696,0.590411544,0.805099726
1713723154289570048.000000,-155.765472412,177.317932129,5.330203056,-0.017682206,-0.054648690,0.589532495,0.805699944
1713723154322923776.000000,-156.265197754,177.263000488,5.307048798,-0.017195286,-0.055408865,0.589088082,0.805983603
1713723154356276736.000000,-252.478302002,182.767562866,1.352910995,-0.016890643,-0.055410147,0.584631383,0.809228420
1713723154389629952.000000,-252.979415894,182.716064453,1.328565598,-0.015162356,-0.053946190,0.584037364,0.809790254
1713723154422983680.000000,-253.484313965,182.664367676,1.305057526,-0.017683813,-0.055779487,0.583227634,0.810198426
1713723154456336640.000000,-262.795257568,181.641754150,0.869649887,-0.017565774,-0.057930946,0.583047628,0.810179651
1713723154489690112.000000,-263.299682617,181.587799072,0.844554901,-0.015930070,-0.055705365,0.582477570,0.810779333
1713723154523043072.000000,-263.806274414,181.532684326,0.819494247,-0.015484951,-0.055404484,0.582014799,0.811140835
1713723154556396544.000000,-120.517295837,182.934967041,7.012101173,-0.017565671,-0.059575822,0.591950178,0.803577781
1713723154589749504.000000,-121.025077820,182.865447998,6.986040115,-0.017214950,-0.059331115,0.591341615,0.804051399
1713723154623102720.000000,-121.532402039,182.795303345,6.959561348,-0.015707776,-0.056888692,0.590956986,0.804541349
1713723154656455424.000000,-196.822998047,172.712539673,3.347579956,-0.017748088,-0.057680577,0.584191382,0.809369147
1713723154689808896.000000,-197.336151123,172.648406982,3.322631836,-0.018557040,-0.058626294,0.583798945,0.809566200
1713723154723161600.000000,-197.848770142,172.583602905,3.297130585,-0.018271025,-0.056790289,0.583348334,0.810028315
1713723154756514560.000000,-294.309997559,178.528747559,-0.739519119,-0.017341293,-0.056177914,0.579693139,0.812711060
1713723154789867520.000000,-294.827331543,178.465972900,-0.764034271,-0.019247495,-0.057617482,0.579150498,0.812954187
1713723154823220480.000000,-295.344024658,178.401855469,-0.789381027,-0.018738022,-0.056704666,0.578774869,0.813297749
1713723154856573696.000000,-218.036743164,170.047958374,2.185651779,-0.018320395,-0.056396991,0.582020462,0.811009288
1713723154889925888.000000,-218.555786133,169.977615356,2.160196304,-0.018687664,-0.056672834,0.581531405,0.811332345
1713723154923279104.000000,-219.075851440,169.906219482,2.134605408,-0.018762410,-0.056748778,0.581097841,0.811635911
1713723154956631552.000000,-125.517883301,183.720626831,6.787033081,-0.017476492,-0.058774263,0.590661883,0.804586053
1713723154989984000.000000,-126.037628174,183.634155273,6.759252548,-0.016104870,-0.058345765,0.590276241,0.804928780
1713723155023337216.000000,-126.559867859,183.547515869,6.731822014,-0.017780893,-0.058882505,0.589636803,0.805323005
1713723155056689408.000000,-239.549987793,167.153686523,1.005035400,-0.018048532,-0.057010204,0.579637647,0.812677205
1713723155090041856.000000,-240.075531006,167.079391479,0.978275299,-0.018456185,-0.056151658,0.579093933,0.813115418
1713723155123395072.000000,-240.601684570,167.003479004,0.951095581,-0.017138520,-0.055519134,0.578740895,0.813438952
1713723155156747008.000000,-245.604721069,171.992889404,0.839040756,-0.019052101,-0.057057504,0.580875456,0.811766744
1713723155190099712.000000,-246.133239746,171.911315918,0.811496735,-0.018382400,-0.056662444,0.580483377,0.812090278
1713723155223452416.000000,-246.662841797,171.828857422,0.783952713,-0.018046537,-0.055930316,0.579838276,0.812609255
1713723155256805376.000000,-261.321624756,164.403320312,-0.130289078,-0.018513937,-0.056182861,0.577595472,0.814177036
1713723155290159104.000000,-261.854919434,164.321472168,-0.157510757,-0.019270405,-0.056741178,0.577026129,0.814524412
1713723155323511552.000000,-262.388580322,164.238616943,-0.185073853,-0.019479137,-0.056385212,0.576466858,0.814939976
1713723155356865280.000000,-130.540878296,184.512420654,6.577821732,-0.016059058,-0.058489174,0.590156913,0.805006802
1713723155390217984.000000,-131.074661255,184.410064697,6.547767639,-0.017797707,-0.059272975,0.589481473,0.805407763
1713723155423571712.000000,-131.608840942,184.305969238,6.517327309,-0.017411171,-0.060095698,0.589255571,0.805520535
1713723155456924160.000000,-283.252868652,161.505691528,-1.351480484,-0.017993050,-0.055695444,0.575822115,0.815477312
1713723155490277632.000000,-283.791809082,161.418777466,-1.379890442,-0.017162956,-0.055107683,0.575260520,0.815931380
1713723155523630336.000000,-284.333740234,161.331405640,-1.407754898,-0.019008458,-0.056901991,0.574653566,0.816194952
1713723155556983552.000000,-190.942626953,172.720947266,3.174552917,-0.016753644,-0.057849348,0.583468795,0.809899330
1713723155590336000.000000,-191.482467651,172.619537354,3.144472122,-0.015735639,-0.056859463,0.583021939,0.810311615
1713723155623689216.000000,-192.024642944,172.517242432,3.114562988,-0.016376555,-0.057381712,0.582237303,0.810826063
1713723155657041664.000000,-134.346343994,185.071807861,6.427467346,-0.013652859,-0.060226645,0.589373410,0.805496991
1713723155690394624.000000,-134.887969971,184.958480835,6.394681931,-0.013935257,-0.059354059,0.588568509,0.806145132
1713723155723747584.000000,-135.430999756,184.843307495,6.361636162,-0.012993626,-0.059838496,0.588110685,0.806459188
1713723155757100032.000000,-174.870681763,176.158233643,4.062690735,-0.014152918,-0.058660299,0.584556818,0.809105694
1713723155790453248.000000,-175.415466309,176.047134399,4.029930115,-0.012385414,-0.057260364,0.584275424,0.809438229
1713723155823805696.000000,-175.962783813,175.935852051,3.997730255,-0.013635018,-0.057301849,0.583535194,0.809948981
1713723155857158144.000000,-186.090042114,174.121887207,3.496377945,-0.013227968,-0.058119029,0.583180606,0.810152888
1713723155890511104.000000,-186.639160156,174.008697510,3.463930130,-0.013345789,-0.057203226,0.582658768,0.810591400
1713723155923863296.000000,-187.189056396,173.894119263,3.431156158,-0.012768438,-0.056275062,0.582105100,0.811063349
1713723155957215744.000000,-197.401275635,171.860046387,2.861097336,-0.013686316,-0.057962179,0.581725359,0.811201990
1713723155990568448.000000,-197.954299927,171.744155884,2.828767776,-0.014143584,-0.057238583,0.581185579,0.811632395
1713723156023920896.000000,-198.507781982,171.626617432,2.796133041,-0.012619216,-0.056627125,0.580965638,0.811857879
1713723156057272832.000000,-194.954620361,189.607315063,3.495367050,-0.013455208,-0.058977656,0.587149680,0.807214856
1713723156090625536.000000,-195.508255005,189.480300903,3.461071014,-0.012159102,-0.058966607,0.586897910,0.807419419
1713723156123978240.000000,-196.063507080,189.353363037,3.427221298,-0.013515490,-0.058846768,0.586173415,0.807932675
1713723156157329920.000000,-196.619903564,189.225280762,3.394456863,-0.012635902,-0.058966242,0.586080611,0.808005512
1713723156190682368.000000,-224.230667114,166.469573975,1.402244568,-0.013281236,-0.057723016,0.578845799,0.813283026
1713723156224035072.000000,-224.790466309,166.347808838,1.369300842,-0.012141939,-0.057160944,0.578222156,0.813784003
1713723156257388544.000000,-225.352966309,166.226043701,1.337011337,-0.013776957,-0.058157142,0.577581227,0.814142466
1713723156290742528.000000,-235.755462646,164.110366821,0.736316681,-0.012504132,-0.057858855,0.577358127,0.814342499
1713723156324097024.000000,-236.318634033,163.988647461,0.703804016,-0.012916855,-0.057244390,0.576859236,0.814732909
1713723156357450496.000000,-236.883285522,163.865264893,0.671049118,-0.012748424,-0.057894673,0.576413155,0.815005302
1713723156390804480.000000,-226.645141602,191.226638794,1.898134232,-0.011029395,-0.060028262,0.586349487,0.807755709
1713723156424158208.000000,-227.209197998,191.086303711,1.863519669,-0.011244954,-0.059317917,0.585683107,0.808288515
1713723156457512448.000000,-227.775146484,190.944656372,1.829067230,-0.011781204,-0.060362957,0.585328639,0.808460236
1713723156490865920.000000,-258.927032471,159.494659424,-0.501701355,-0.013498336,-0.058553159,0.575081050,0.815886736
1713723156524219648.000000,-259.496734619,159.366210938,-0.534786224,-0.010906660,-0.057526283,0.574879646,0.816140413
1713723156557573888.000000,-260.068756104,159.237808228,-0.567354202,-0.011870576,-0.057289120,0.574164689,0.816646814
1713723156590927360.000000,-270.702484131,156.998092651,-1.058170319,-0.013954970,-0.059509516,0.573757112,0.816741467
1713723156624280832.000000,-271.276245117,156.868209839,-1.091655731,-0.014010721,-0.058708012,0.573152125,0.817223251
1713723156657634816.000000,-271.849822998,156.736557007,-1.125577927,-0.011893041,-0.057301372,0.572791398,0.817609429
1713723156690988288.000000,-241.556182861,198.022201538,2.013731003,-0.013939080,-0.060964070,0.586488962,0.807539284
1713723156724341760.000000,-242.129074097,197.869003296,1.978212357,-0.014773620,-0.062109850,0.585959792,0.807821274
1713723156757695488.000000,-242.701171875,197.714630127,1.942073822,-0.013215304,-0.060705870,0.585562348,0.808243215
1713723156791048704.000000,-253.283889771,195.106292725,1.316047668,-0.012779669,-0.059215426,0.584890962,0.808846653
1713723156824402688.000000,-253.860534668,194.952651978,1.280683517,-0.015816025,-0.061625689,0.584087014,0.809193730
1713723156857755904.000000,-254.436492920,194.797668457,1.244571686,-0.016023008,-0.061681028,0.583538115,0.809581399
1713723156891109376.000000,-265.035034180,192.260284424,0.660800934,-0.013437165,-0.060101505,0.582917809,0.810193896
1713723156924463104.000000,-265.613372803,192.103179932,0.625347137,-0.013575995,-0.060780197,0.582056463,0.810760021
1713723156957816064.000000,-266.194000244,191.946273804,0.590091705,-0.016351070,-0.062031746,0.581316471,0.811144829
1713723156991169792.000000,-276.749053955,189.312194824,-0.015792847,-0.015266747,-0.061739415,0.581163168,0.811298072
1713723157024523008.000000,-277.328979492,189.152359009,-0.051929474,-0.013532103,-0.059031520,0.580576301,0.811950326
1713723157057876224.000000,-277.913116455,188.991683960,-0.087104797,-0.015780097,-0.061181039,0.579888225,0.812242270
1713723157091229440.000000,-153.202880859,187.148101807,5.623800278,-0.014346261,-0.063050367,0.584185600,0.809040248
1713723157124582656.000000,-153.784225464,186.981338501,5.586208344,-0.013908487,-0.060594022,0.583752751,0.809547782
1713723157157936128.000000,-154.367401123,186.812637329,5.548646927,-0.012943532,-0.060918719,0.583215892,0.809926331
1713723157191288832.000000,-165.082046509,183.981674194,4.913272858,-0.014298428,-0.061865091,0.582741022,0.810173571
1713723157224642560.000000,-165.665405273,183.818923950,4.876445770,-0.014077798,-0.061630696,0.582329988,0.810490787
1713723157257995520.000000,-166.248886108,183.655029297,4.839334488,-0.012622465,-0.060275614,0.582121551,0.810766339
1713723157291349248.000000,-176.955902100,180.941513062,4.208908081,-0.013755027,-0.060378641,0.581833720,0.810946822
1713723157324702208.000000,-177.541992188,180.778518677,4.173276901,-0.013840661,-0.061411500,0.581383824,0.811190486
1713723157358055680.000000,-178.128265381,180.615097046,4.137351990,-0.013699702,-0.060449336,0.580871165,0.811632276
1713723157391408384.000000,-188.949478149,177.659988403,3.481294632,-0.012091597,-0.059089392,0.580585361,0.811962366
1713723157424762112.000000,-189.537063599,177.495178223,3.446136475,-0.013485594,-0.059669763,0.579895198,0.812391102
1713723157458114816.000000,-190.125076294,177.328811646,3.410596848,-0.013340924,-0.060157508,0.579427481,0.812691152
1713723157491468032.000000,-158.502639771,187.738418579,5.356472015,-0.011474610,-0.060545798,0.584136069,0.809313059
1713723157524820736.000000,-159.089904785,187.565948486,5.319334030,-0.011687017,-0.060084999,0.583525956,0.809784412
1713723157558174208.000000,-159.678710938,187.392440796,5.282171249,-0.012262798,-0.060591873,0.582994103,0.810121119
1713723157591526656.000000,-170.563049316,184.304534912,4.595869064,-0.012136015,-0.059988439,0.582562864,0.810478091
1713723157624880128.000000,-171.152618408,184.129501343,4.558568954,-0.011359153,-0.059147000,0.582172453,0.810831606
1713723157658232576.000000,-171.743606567,183.953994751,4.521461487,-0.011959413,-0.058504991,0.581533670,0.811327755
1713723157691586048.000000,-161.153991699,188.029907227,5.210407257,-0.011459828,-0.058974862,0.583687484,0.809752762
1713723157724938752.000000,-161.744903564,187.851318359,5.171987534,-0.011496423,-0.057977013,0.583043694,0.810287952
1713723157758291200.000000,-162.336990356,187.671447754,5.133560181,-0.011199418,-0.057858527,0.582745254,0.810515285
1713723157791644416.000000,-173.322326660,184.530151367,4.453634262,-0.011026921,-0.056827996,0.582184196,0.810993612
1713723157824996608.000000,-173.916656494,184.349670410,4.415517807,-0.011294707,-0.057151403,0.581527054,0.811438560
1713723157858349312.000000,-174.511703491,184.168258667,4.377103806,-0.011336640,-0.056816928,0.580812395,0.811973095
1713723157891702528.000000,-152.909210205,192.166671753,5.748367310,-0.009636328,-0.056089848,0.584472120,0.809415519
1713723157925054720.000000,-153.503860474,191.978988647,5.709881783,-0.009560892,-0.054445952,0.583382785,0.810314000
1713723157958407680.000000,-154.101699829,191.790191650,5.672131538,-0.011229337,-0.056649413,0.582990050,0.810424209
1713723157991760128.000000,-165.173614502,188.425170898,4.980712891,-0.010342084,-0.055011779,0.582468450,0.810923755
1713723158025112576.000000,-165.772430420,188.239593506,4.943093300,-0.010169317,-0.054967016,0.581783354,0.811420619
1713723158058465280.000000,-166.372100830,188.053283691,4.905187607,-0.009908568,-0.054245979,0.581177711,0.811906219
1713723158091817728.000000,-177.500457764,184.666122437,4.204994202,-0.011000478,-0.055448115,0.580590427,0.812231123
1713723158125169920.000000,-178.102676392,184.478240967,4.166778564,-0.010633790,-0.056516729,0.579992414,0.812589407
1713723158158522112.000000,-178.703063965,184.290084839,4.127609253,-0.008393528,-0.052308917,0.579051614,0.813567817
1713723158191874816.000000,-189.903884888,180.871902466,3.426273346,-0.010276701,-0.054942518,0.578341961,0.813877344
1713723158225227008.000000,-190.510665894,180.681549072,3.389053345,-0.011110685,-0.057627317,0.577735662,0.814111292
1713723158258581504.000000,-191.115493774,180.490936279,3.351007462,-0.010179211,-0.054827452,0.576916814,0.814897120
1713723158291935488.000000,-202.381515503,177.022430420,2.640745163,-0.008823341,-0.054580219,0.576530635,0.815202832
1713723158325289216.000000,-202.991638184,176.830123901,2.603153229,-0.011014086,-0.057100806,0.575830996,0.815497935
1713723158358643200.000000,-203.600738525,176.636413574,2.564680099,-0.010576667,-0.056396727,0.575105846,0.816064298
1713723158391997696.000000,-201.419692993,190.257705688,3.108819962,-0.008827224,-0.056315362,0.579747677,0.812799692
1713723158425351680.000000,-202.029052734,190.055892944,3.069028854,-0.009125807,-0.057543688,0.578845084,0.813353419
1713723158458705152.000000,-202.639343262,189.853485107,3.029226303,-0.009841149,-0.058257133,0.578083932,0.813835502
1713723158492058880.000000,-227.414886475,169.693893433,1.121814728,-0.009782567,-0.056664947,0.572341919,0.817996442
1713723158525413120.000000,-228.028717041,169.497375488,1.082382202,-0.008423197,-0.055754691,0.571717978,0.818510294
1713723158558766848.000000,-228.645721436,169.300415039,1.043775558,-0.010283830,-0.057354242,0.570810616,0.819011569
1713723158592120576.000000,-239.743423462,167.158721924,0.453046799,-0.009556353,-0.057027787,0.570935786,0.818955958
1713723158625474816.000000,-240.360473633,166.959320068,0.413936615,-0.008942024,-0.055539250,0.570281148,0.819521189
1713723158658828032.000000,-240.979248047,166.758560181,0.374832153,-0.008562117,-0.055615902,0.569546819,0.820030570
1713723158692181760.000000,-174.656829834,189.245513916,4.414537430,-0.008046398,-0.058619145,0.578372240,0.813624442
1713723158725535744.000000,-175.272125244,189.029067993,4.372541428,-0.007304599,-0.057102032,0.577551782,0.814321816
1713723158758889472.000000,-175.889556885,188.811874390,4.331033707,-0.007607587,-0.057247940,0.577027440,0.814680457
1713723158792242944.000000,-264.609985352,160.525619507,-0.961919785,-0.008430542,-0.056404442,0.567562342,0.821352899
1713723158825596672.000000,-265.232330322,160.325454712,-1.001369476,-0.007194609,-0.055438846,0.566922545,0.821872115
1713723158858949888.000000,-265.856414795,160.125030518,-1.040578842,-0.008043882,-0.054706186,0.566100180,0.822479904
1713723158892303360.000000,-177.288619995,189.541793823,4.243959427,-0.006377663,-0.057876706,0.577557147,0.814271033
1713723158925657344.000000,-177.907836914,189.326614380,4.203304291,-0.007220578,-0.057280600,0.576765895,0.814866841
1713723158959010560.000000,-178.527191162,189.109390259,4.162037849,-0.005570525,-0.056519061,0.576409698,0.815185010
1713723158992364288.000000,-189.947845459,185.441131592,3.447599411,-0.007093723,-0.057163358,0.575683534,0.815641165
1713723159025717504.000000,-190.568939209,185.228500366,3.406538010,-0.006375786,-0.057552900,0.575292051,0.815895915
1713723159059070720.000000,-191.191223145,185.016159058,3.365671158,-0.007881987,-0.056728158,0.574635804,0.816402853
1713723159092424704.000000,-202.604125977,181.591140747,2.713756561,-0.005779509,-0.056436539,0.574347734,0.816643298
1713723159125777408.000000,-203.227539062,181.377059937,2.674299240,-0.007729121,-0.056296822,0.573548555,0.817198277
1713723159159131136.000000,-203.851730347,181.161056519,2.634376526,-0.007516800,-0.056927558,0.573184907,0.817411721
1713723159192484096.000000,-181.048110962,190.166717529,3.990074158,-0.005749539,-0.056766927,0.578030944,0.814017653
1713723159225837824.000000,-181.669647217,189.947586060,3.949023247,-0.005496380,-0.055837478,0.577542365,0.814430416
1713723159259191040.000000,-182.293334961,189.727310181,3.908182144,-0.006404998,-0.056832306,0.577091992,0.814674079
1713723159292544256.000000,-314.751678467,157.907989502,-3.369483948,-0.007231726,-0.055364106,0.565165997,0.823085666
1713723159325898240.000000,-315.381622314,157.707595825,-3.408142090,-0.005941665,-0.054359727,0.564805210,0.823410451
1713723159359251200.000000,-316.013488770,157.506423950,-3.446582794,-0.006412218,-0.054334909,0.564172029,0.823842585
1713723159392604928.000000,-325.509368896,160.210342407,-3.857233047,-0.006139888,-0.055291444,0.565502822,0.822868049
1713723159425957888.000000,-326.141418457,160.007415771,-3.895410538,-0.006592495,-0.054967638,0.564793766,0.823373079
1713723159459311360.000000,-326.773590088,159.802963257,-3.934106827,-0.004442994,-0.054376006,0.564470232,0.823648572
1713723159492664320.000000,-338.372833252,156.623596191,-4.604183197,-0.005942665,-0.053937167,0.564156830,0.823882639
1713723159526017792.000000,-339.007965088,156.422485352,-4.641721725,-0.005990110,-0.054945469,0.563753188,0.824091971
1713723159559370752.000000,-339.643341064,156.220504761,-4.679666519,-0.005559398,-0.054077111,0.563320160,0.824448407
1713723159592723968.000000,-186.005828857,191.066604614,3.658949852,-0.002028189,-0.055062592,0.579855382,0.812854111
1713723159626077184.000000,-186.634216309,190.841491699,3.619461060,-0.004437258,-0.056227982,0.579359293,0.813118458
1713723159659430144.000000,-187.263580322,190.614776611,3.579607010,-0.005086048,-0.057712108,0.579120398,0.813180804
1713723159692783104.000000,-278.733428955,160.993682861,-1.688350677,-0.003374849,-0.054326952,0.568374038,0.820967793
1713723159726136320.000000,-279.368133545,160.786804199,-1.727962494,-0.001567928,-0.053051978,0.568032444,0.821293056
1713723159759489024.000000,-280.006744385,160.579788208,-1.766429901,-0.004788369,-0.055597927,0.567628026,0.821391761
1713723159792842496.000000,-290.824951172,158.934310913,-2.260816574,-0.004655119,-0.056207627,0.568025351,0.821076274
1713723159826194688.000000,-291.459869385,158.733901978,-2.300399780,-0.002570026,-0.053968936,0.567673385,0.821478963
1713723159859548160.000000,-292.097351074,158.532546997,-2.339576721,-0.002982468,-0.054196417,0.567356825,0.821681321
1713723159892900608.000000,-303.530487061,156.380523682,-2.951780319,-0.005696638,-0.056222890,0.567307949,0.821564555
1713723159926253312.000000,-304.168121338,156.182708740,-2.990930557,-0.004930099,-0.055678427,0.567059696,0.821777940
1713723159959606528.000000,-304.805358887,155.983596802,-3.030653000,-0.002458571,-0.053360876,0.566698015,0.822192192
1713723159992958720.000000,-276.787292480,193.553146362,-2.482604980,-0.005597734,-0.055907905,0.579726040,0.812871873
1713723160026311936.000000,-277.421142578,193.336654663,-2.521223068,-0.005705388,-0.057462126,0.579544961,0.812891901
1713723160059664128.000000,-278.053863525,193.120162964,-2.560546875,-0.005227742,-0.054766830,0.579475760,0.813130498
1713723160093016832.000000,-328.685638428,150.935363770,-4.212207794,-0.003026595,-0.054133505,0.567018151,0.821919024
1713723160126369792.000000,-329.327178955,150.743789673,-4.249200821,-0.006156595,-0.055463765,0.566592932,0.822106063
1713723160159721728.000000,-329.968902588,150.550674438,-4.286760330,-0.006563792,-0.056221392,0.566435397,0.822160006
1713723160193074176.000000,-340.816162109,149.443923950,-5.005786896,-0.004819999,-0.054139882,0.567339361,0.821688354
1713723160226427136.000000,-341.456939697,149.250808716,-5.043127060,-0.005030083,-0.053993937,0.567045569,0.821899474
1713723160259781888.000000,-342.100097656,149.057159424,-5.080070496,-0.007020713,-0.055217475,0.566738725,0.822015166
1713723160293135872.000000,-354.575012207,145.347625732,-5.662609100,-0.006368678,-0.054834098,0.566535473,0.822186232
1713723160326490368.000000,-355.217498779,145.157714844,-5.700489044,-0.004396247,-0.053431392,0.566385806,0.822394669
1713723160359844864.000000,-355.862518311,144.967758179,-5.737438202,-0.006501852,-0.053631429,0.565849662,0.822736681
1713723160393199360.000000,-309.817932129,197.442230225,-5.607303619,-0.006908645,-0.055086788,0.584313452,0.809626818
1713723160426553856.000000,-310.453186035,197.226226807,-5.644062042,-0.006951384,-0.053960647,0.583909988,0.809993327
1713723160459908608.000000,-311.088653564,197.008300781,-5.681295395,-0.004982065,-0.052706122,0.583587050,0.810323119
1713723160493263104.000000,-322.781860352,193.312118530,-6.397727966,-0.007547047,-0.053822577,0.583274364,0.810454965
1713723160526617344.000000,-323.419860840,193.096542358,-6.435062408,-0.007886897,-0.054396093,0.583017886,0.810597897
1713723160559971072.000000,-324.057525635,192.879653931,-6.472805023,-0.006247235,-0.052880906,0.583017290,0.810712874
1713723160593325312.000000,-335.715393066,189.443695068,-7.214996338,-0.005753764,-0.051171750,0.582893431,0.810915291
1713723160626679552.000000,-336.357177734,189.231842041,-7.251907349,-0.008202062,-0.052869853,0.582630813,0.810974061
1713723160660034304.000000,-336.997772217,189.018524170,-7.289720535,-0.007436553,-0.051499724,0.582525611,0.811145127
1713723160693388544.000000,-326.606079102,192.057495117,-6.625307083,-0.007137707,-0.050737023,0.582518995,0.811200619
1713723160726742784.000000,-353.050292969,184.222625732,-8.279308319,-0.006372948,-0.049692422,0.581848800,0.811752498
1713723160760096512.000000,-353.693206787,184.009063721,-8.317488670,-0.007666132,-0.050386425,0.581328213,0.812071443
1713723160793450496.000000,-354.336883545,183.793579102,-8.355905533,-0.007176006,-0.051323112,0.581040800,0.812222958
1713723160826804992.000000,-329.154205322,191.236099243,-6.788637161,-0.004343313,-0.047831148,0.580602229,0.812769592
1713723160860158976.000000,-202.292083740,193.607772827,2.634390831,-0.004732954,-0.049978167,0.591120780,0.805019319
1713723160893512704.000000,-202.932067871,193.375732422,2.591949463,-0.006309616,-0.053274393,0.590691924,0.805111945
1713723160926866688.000000,-203.570480347,193.142578125,2.548675537,-0.004960692,-0.052312490,0.590227067,0.805525243
1713723160960220928.000000,-204.205810547,192.921005249,2.505673409,-0.003548922,-0.049483381,0.589982510,0.805890441
1713723160993574912.000000,-365.505767822,143.165405273,-7.231193542,-0.004752542,-0.050238073,0.571322322,0.819172978
1713723161026928640.000000,-366.157226562,142.962310791,-7.272153854,-0.004710673,-0.050943874,0.570804536,0.819490492
1713723161060282368.000000,-366.808105469,142.758361816,-7.313608170,-0.003064607,-0.048847765,0.570452213,0.819871306
1713723161093636608.000000,-367.457183838,142.565216064,-7.353406906,-0.002253601,-0.047746565,0.570240080,0.820086300
1713723161126990592.000000,-383.278778076,137.931823730,-8.313694954,-0.004117706,-0.050225765,0.569789290,0.820244253
1713723161160343808.000000,-383.933349609,137.728637695,-8.354759216,-0.004056266,-0.050559193,0.569444776,0.820463300
1713723161193698048.000000,-384.587341309,137.524444580,-8.396172523,-0.002393337,-0.048702389,0.568998337,0.820891738
1713723161227051776.000000,-207.176559448,194.237670898,2.326819420,-0.002641478,-0.050963581,0.593245327,0.803402603
1713723161260404736.000000,-207.820861816,193.996398926,2.283527374,-0.004074070,-0.053094774,0.592826962,0.803567469
1713723161293758720.000000,-208.464233398,193.753738403,2.239551544,-0.002956363,-0.052415524,0.592465460,0.803883493
1713723161327111424.000000,-220.384750366,189.464691162,1.457557678,-0.001708390,-0.050284415,0.592216074,0.804206908
1713723161360465152.000000,-221.030960083,189.222457886,1.415025711,-0.002917579,-0.052403983,0.591939867,0.804271460
1713723161393818112.000000,-221.678131104,188.979202271,1.372243881,-0.003879228,-0.053732064,0.591575027,0.804448187
1713723161427171584.000000,-186.275726318,204.237548828,3.761318207,-0.000867343,-0.052931249,0.598068774,0.799694538
1713723161460524544.000000,-186.918457031,203.985824585,3.716841698,-0.001777263,-0.051244132,0.597649932,0.800115883
1713723161493877760.000000,-187.564590454,203.732223511,3.673189163,-0.003525490,-0.054652207,0.597533226,0.799971759
1713723161527230976.000000,-246.840057373,180.363800049,-0.269502640,-0.002485549,-0.053403974,0.590871751,0.804992259
1713723161560584192.000000,-247.489257812,180.120834351,-0.313974380,-0.001264505,-0.050965872,0.590209961,0.805638373
1713723161593936896.000000,-248.142059326,179.876434326,-0.357620239,-0.002311823,-0.053097039,0.589766204,0.805823326
1713723161627290368.000000,-212.579376221,194.887863159,1.982089996,-0.002441976,-0.054480404,0.596295238,0.800910711
1713723161660643072.000000,-213.229156494,194.633346558,1.937591553,-0.002728603,-0.054732256,0.595906317,0.801182032
1713723161693996288.000000,-213.879959106,194.377883911,1.893123627,-0.003250506,-0.054653257,0.595442891,0.801530004
1713723161727348736.000000,-225.792251587,190.197204590,1.093248367,-0.004275352,-0.055692077,0.595185339,0.801644921
1713723161760701952.000000,-226.444778442,189.942810059,1.048610687,-0.004714903,-0.056636088,0.594615102,0.801999390
1713723161794054656.000000,-227.097000122,189.687438965,1.003606796,-0.004063084,-0.055842966,0.594179153,0.802381635
1713723161827407360.000000,-238.956253052,185.793716431,0.212236404,-0.005075461,-0.056488782,0.594023108,0.802446127
1713723161860760576.000000,-239.610870361,185.542831421,0.167961121,-0.005494052,-0.058581173,0.593617797,0.802593291
1713723161894112768.000000,-240.264770508,185.291091919,0.123275757,-0.005194596,-0.057796538,0.592980623,0.803123057
1713723161927465984.000000,-252.126586914,181.474121094,-0.690181732,-0.004731918,-0.057842284,0.592746556,0.803295374
1713723161960818176.000000,-252.782745361,181.227569580,-0.733806610,-0.006241083,-0.059547305,0.592058897,0.803667545
1713723161994170880.000000,-253.438049316,180.979385376,-0.778226852,-0.004852403,-0.059080027,0.591579378,0.804064631
1713723162027523840.000000,-217.997131348,195.579086304,1.646181107,-0.006027516,-0.059744388,0.597883165,0.799331009
1713723162060875776.000000,-218.649291992,195.323516846,1.600465775,-0.006177776,-0.061745346,0.597436070,0.799512088
1713723162094228480.000000,-219.301940918,195.067459106,1.554475784,-0.006286911,-0.061940372,0.597013175,0.799812019
1713723162127581184.000000,-272.217102051,178.800567627,-1.817922592,-0.005376868,-0.060961097,0.591536641,0.803952277
1713723162160933376.000000,-272.873901367,178.554931641,-1.862762451,-0.006664271,-0.061935388,0.590967655,0.804286540
1713723162194285568.000000,-273.531005859,178.308120728,-1.908000946,-0.007112603,-0.062035233,0.590624809,0.804526865
1713723162227638528.000000,-285.640655518,173.969268799,-2.746002197,-0.006881731,-0.061402321,0.590785563,0.804459333
1713723162260996864.000000,-286.298004150,173.726028442,-2.791349411,-0.006420038,-0.061420381,0.590268552,0.804841220
1713723162294355456.000000,-286.957244873,173.482254028,-2.836599350,-0.007516316,-0.062282681,0.589689910,0.805189550
1713723162327714048.000000,-222.083465576,196.106536865,1.399824142,-0.008268460,-0.063815027,0.599990666,0.797414899
1713723162361072640.000000,-222.735809326,195.845611572,1.351865768,-0.006813994,-0.063565433,0.599829674,0.797569752
1713723162394430976.000000,-223.389404297,195.584045410,1.303972244,-0.006739497,-0.063146055,0.599258900,0.798032641
1713723162427789312.000000,-289.588378906,172.530502319,-3.018802643,-0.009432602,-0.063065976,0.588499248,0.805979133
1713723162461147904.000000,-239.912231445,189.302551270,0.184671402,-0.009820520,-0.065173239,0.598562181,0.798360467
1713723162494506240.000000,-240.566497803,189.040435791,0.136659622,-0.007663919,-0.063482970,0.598208666,0.798785090
1713723162527864576.000000,-241.223571777,188.778198242,0.089252472,-0.009434451,-0.063773721,0.597379088,0.799363673
1713723162561222912.000000,-241.882278442,188.521179199,0.041566849,-0.010902843,-0.067007162,0.597120523,0.799273610
1713723162594581504.000000,-225.768951416,196.527175903,1.183221817,-0.009767435,-0.065971524,0.601506114,0.796079636
1713723162627939840.000000,-226.423583984,196.255447388,1.134168625,-0.007718499,-0.064387739,0.601346076,0.796352684
1713723162661298432.000000,-227.082611084,195.983505249,1.086271286,-0.011203631,-0.066684604,0.600586653,0.796695292
1713723162694657024.000000,-239.251922607,191.189117432,0.259021759,-0.012171520,-0.067746311,0.600646198,0.796546638
1713723162728015360.000000,-239.908508301,190.917327881,0.210952759,-0.010293704,-0.065065265,0.600799680,0.796680927
1713723162761373696.000000,-240.567016602,190.644454956,0.163095474,-0.010036126,-0.063937515,0.600365877,0.797102392
1713723162794732032.000000,-229.709182739,194.918075562,0.907089233,-0.013195605,-0.066918254,0.600437939,0.796757281
1713723162828090880.000000,-289.644775391,170.908340454,-3.004295349,-0.013945349,-0.065046549,0.595333040,0.800720334
1713723162861449216.000000,-290.307495117,170.642944336,-3.050807953,-0.011828980,-0.063290507,0.595151484,0.801030099
1713723162894807552.000000,-290.973663330,170.376983643,-3.096551895,-0.013851766,-0.064521842,0.594418705,0.801443338
1713723162928165888.000000,-291.639587402,170.116973877,-3.141819000,-0.014080535,-0.065296911,0.594504118,0.801313281
1713723162961524480.000000,-280.812805176,199.381988525,-2.627166748,-0.012107981,-0.066150397,0.604900897,0.793456018
1713723162994882816.000000,-281.471435547,199.096450806,-2.675804138,-0.009954417,-0.064346224,0.604506910,0.793934464
1713723163028241152.000000,-282.134277344,198.810699463,-2.723329544,-0.012957320,-0.066291630,0.603756547,0.794301927
1713723163061600256.000000,-294.319824219,169.076828003,-3.321578979,-0.014635129,-0.064874165,0.592489421,0.802828372
1713723163094958592.000000,-298.570678711,192.139144897,-3.933223724,-0.011060458,-0.064905979,0.602875292,0.795114040
1713723163128316928.000000,-299.235351562,191.853958130,-3.981218338,-0.010667946,-0.064041011,0.601969302,0.795875549
1713723163161675264.000000,-299.903137207,191.567810059,-4.028348923,-0.013008573,-0.066301048,0.601064384,0.796339512
1713723163195033856.000000,-311.467407227,187.024230957,-4.858146667,-0.012686744,-0.065929145,0.600453079,0.796836615
1713723163228391936.000000,-312.134307861,186.739807129,-4.905433655,-0.009583272,-0.064112186,0.599843919,0.797486722
1713723163261772032.000000,-312.805633545,186.455154419,-4.951971054,-0.011852097,-0.065316260,0.598881066,0.798081994
1713723163295151872.000000,-313.474182129,186.178985596,-4.998472214,-0.013125496,-0.066403180,0.598457158,0.798290372
1713723163328532736.000000,-294.887725830,199.464187622,-3.598325729,-0.011206297,-0.066286467,0.604735613,0.793583870
1713723163361913344.000000,-295.553009033,199.167449951,-3.647659302,-0.009106409,-0.063878469,0.603939950,0.794413686
1713723163395294720.000000,-296.223266602,198.870056152,-3.695764542,-0.012386948,-0.067327857,0.602971554,0.794820070
1713723163428676096.000000,-316.169738770,185.064865112,-5.207643509,-0.012675969,-0.065663368,0.595884442,0.800280869
1713723163462057472.000000,-337.043548584,154.272369385,-6.631052017,-0.010926021,-0.062885076,0.589393616,0.805320621
1713723163495440128.000000,-337.724365234,153.997100830,-6.680925369,-0.010780042,-0.062458239,0.588370442,0.806103587
1713723163528822016.000000,-338.408508301,153.721191406,-6.730230331,-0.012876251,-0.065125644,0.587511599,0.806488097
1713723163562204672.000000,-339.090881348,153.444229126,-6.780452728,-0.012321377,-0.063537799,0.586629510,0.807265162
1713723163595587584.000000,-225.186004639,204.310913086,1.562627792,-0.010136512,-0.065950461,0.607444704,0.791554689
1713723163628970496.000000,-225.856384277,203.999816895,1.507780075,-0.011275169,-0.066559285,0.606497347,0.792214513
1713723163662353664.000000,-226.527801514,203.687438965,1.452945709,-0.011601934,-0.067355245,0.605773985,0.792695761
1713723163695737600.000000,-227.200317383,203.380035400,1.399780273,-0.010640678,-0.065962821,0.605029404,0.793394685
1713723163729121792.000000,-242.055816650,197.723114014,0.245870590,-0.009441703,-0.065103114,0.604727685,0.793710828
1713723163762505472.000000,-242.731048584,197.408966064,0.191478729,-0.011026730,-0.066456407,0.603591919,0.794442475
1713723163795890432.000000,-243.406448364,197.093215942,0.136623383,-0.010766960,-0.066833198,0.602766991,0.795040548
1713723163829275136.000000,-244.082839966,196.778488159,0.080524445,-0.008763324,-0.064993702,0.602145731,0.795688093
1713723163862660096.000000,-396.202636719,155.254760742,-11.024644852,-0.010077891,-0.062186986,0.586569548,0.807444990
1713723163896045568.000000,-396.894378662,154.961181641,-11.076215744,-0.011953032,-0.064785875,0.585573196,0.807938099
1713723163929431552.000000,-397.584930420,154.665985107,-11.128715515,-0.011104020,-0.064233758,0.584605038,0.808695138
1713723163962817536.000000,-398.271331787,154.380401611,-11.180063248,-0.008885937,-0.061174065,0.583932102,0.809445560
1713723163996203776.000000,-230.901687622,205.671493530,1.322479248,-0.009581905,-0.067306697,0.605232477,0.793140352
1713723164029590016.000000,-231.576934814,205.338394165,1.264415741,-0.009928039,-0.067951649,0.604362547,0.793744266
1713723164062976768.000000,-232.251342773,205.003845215,1.205705643,-0.008054887,-0.066217124,0.603542209,0.794535935
1713723164096364032.000000,-232.919158936,204.703781128,1.149545670,-0.007576277,-0.065621793,0.602526367,0.795360506
1713723164129751552.000000,-248.011688232,197.953079224,-0.074501038,-0.009426035,-0.067922860,0.601729870,0.795750499
1713723164163138816.000000,-248.687133789,197.626953125,-0.132474899,-0.009257721,-0.067106366,0.600730181,0.796576679
1713723164196527104.000000,-249.361999512,197.298934937,-0.190877914,-0.006344462,-0.065289885,0.600059032,0.797261715
1713723164229914112.000000,-250.032928467,196.997467041,-0.247737885,-0.008702836,-0.066524416,0.599107265,0.797852933
1713723164263271424.000000,-265.194702148,190.222030640,-1.496282578,-0.009523975,-0.067990869,0.598353744,0.798285246
1713723164296627456.000000,-265.870574951,189.900451660,-1.554214478,-0.009160643,-0.066869877,0.597311378,0.799164295
1713723164329984256.000000,-266.546264648,189.576843262,-1.612514496,-0.006342741,-0.065037452,0.596505165,0.799944758
1713723164363340544.000000,-267.221557617,189.283996582,-1.663982391,-0.009238153,-0.066999108,0.595220029,0.800711572
1713723164396697344.000000,-251.919464111,198.107833862,-0.254379272,-0.009366733,-0.068772681,0.599979341,0.796999037
1713723164430053376.000000,-252.592254639,197.781936646,-0.311195374,-0.007715722,-0.066635489,0.598908424,0.798003137
1713723164463410176.000000,-253.266448975,197.454727173,-0.368072510,-0.006427112,-0.065344781,0.597844839,0.798918307
1713723164496766208.000000,-269.929260254,188.040359497,-1.886350632,-0.008450792,-0.068387859,0.591210365,0.803568304
1713723164530122752.000000,-269.111907959,190.823562622,-1.640439987,-0.007813426,-0.067767762,0.595747113,0.800269842
1713723164563479552.000000,-269.787689209,190.496505737,-1.697526932,-0.006208812,-0.066573612,0.594812930,0.801078618
1713723164596835840.000000,-270.465972900,190.168457031,-1.754354477,-0.006893448,-0.067872703,0.593621135,0.801847756
1713723164630192640.000000,-271.142089844,189.851730347,-1.813272476,-0.006996400,-0.068038128,0.592768133,0.802463651
1713723164663548928.000000,-255.666473389,198.279800415,-0.406566620,-0.007387913,-0.068107009,0.597529233,0.798915386
1713723164696905728.000000,-256.340118408,197.942169189,-0.465665817,-0.005387552,-0.067324340,0.596668601,0.799640596
1713723164730261760.000000,-257.016784668,197.604507446,-0.524124146,-0.007216525,-0.068135671,0.595372319,0.800523162
1713723164763618560.000000,-257.694213867,197.311279297,-0.582006454,-0.006948004,-0.068827748,0.594577730,0.801056743
1713723164796974336.000000,-272.938415527,190.722320557,-1.838565826,-0.005936817,-0.067632228,0.593918562,0.801655471
1713723164830331136.000000,-273.615783691,190.395599365,-1.897350311,-0.004698658,-0.066216700,0.592868328,0.802558661
1713723164863687168.000000,-274.296966553,190.068511963,-1.955223083,-0.007438217,-0.068138652,0.592094243,0.802948415
1713723164897043712.000000,-274.977142334,189.739425659,-2.014163971,-0.006871459,-0.067954361,0.591266453,0.803578913
1713723164930400256.000000,-320.863006592,170.209548950,-5.823289871,-0.005135267,-0.065824188,0.585536122,0.807953179
1713723164963756544.000000,-321.548004150,169.903900146,-5.881128311,-0.004676982,-0.064734496,0.584528029,0.808773518
1713723164997113088.000000,-322.236480713,169.597488403,-5.938280106,-0.007391239,-0.066867866,0.583349228,0.809430599
1713723165030469120.000000,-322.924255371,169.289413452,-5.996219635,-0.007004861,-0.066893667,0.582438290,0.810087562
1713723165063825920.000000,-294.927734375,198.272872925,-2.250362396,-0.004395962,-0.066708475,0.594728649,0.801142037
1713723165097181696.000000,-295.606506348,197.945510864,-2.311235428,-0.005076360,-0.067469798,0.593588889,0.801919103
1713723165130538496.000000,-296.287750244,197.617370605,-2.371898651,-0.006964938,-0.069723994,0.592459261,0.802547276
1713723165163894784.000000,-296.967285156,197.287902832,-2.433408737,-0.005886336,-0.068308383,0.591522694,0.803368092
1713723165197251072.000000,-354.988555908,158.436462402,-8.901311874,-0.004294969,-0.063838184,0.579278409,0.812614799
1713723165230607872.000000,-355.681579590,158.132568359,-8.958827972,-0.005941558,-0.066527516,0.578037322,0.813272238
1713723165263965952.000000,-356.374359131,157.827758789,-9.016908646,-0.006258766,-0.067019939,0.576886594,0.814046144
1713723165297324288.000000,-357.061706543,157.547180176,-9.071422577,-0.004543901,-0.064536601,0.576091588,0.814820826
1713723165330682368.000000,-372.573974609,151.241699219,-10.411928177,-0.004279195,-0.063870966,0.575123310,0.815558374
1713723165364040960.000000,-373.269866943,150.941833496,-10.468784332,-0.006365337,-0.066969454,0.573867261,0.816180766
1713723165397399040.000000,-373.963806152,150.640838623,-10.526617050,-0.005409079,-0.065820307,0.572855234,0.816991627
1713723165430757376.000000,-374.655090332,150.350708008,-10.585374832,-0.004551162,-0.063466959,0.571710706,0.817984164
1713723165464115456.000000,-266.587707520,198.716934204,-0.829124451,-0.006036920,-0.069046348,0.592494905,0.802587032
1713723165497473792.000000,-267.266479492,198.379501343,-0.892814636,-0.005713859,-0.068453133,0.591412902,0.803437829
1713723165530832128.000000,-267.945556641,198.040893555,-0.956518173,-0.005146397,-0.067235209,0.590218782,0.804422021
1713723165564190208.000000,-279.330566406,193.456436157,-2.054794312,-0.004974349,-0.067695081,0.589583755,0.804850042
1713723165597548544.000000,-280.009704590,193.125457764,-2.119785309,-0.005387941,-0.067833602,0.588420987,0.805686235
1713723165630906880.000000,-280.688720703,192.792953491,-2.185337067,-0.004787960,-0.066872813,0.587133586,0.806708932
1713723165664265216.000000,-364.664978027,154.429718018,-9.734909058,-0.003278385,-0.063794322,0.564289987,0.823101699
1713723165697623296.000000,-290.372436523,197.689697266,-1.975795746,-0.004351685,-0.067298442,0.589305162,0.805090964
1713723165730981632.000000,-291.051635742,197.349548340,-2.043645859,-0.004476084,-0.068680286,0.588207424,0.805776060
1713723165764339968.000000,-291.730773926,197.008743286,-2.111799240,-0.004280223,-0.067887366,0.586913109,0.806787550
1713723165797698304.000000,-292.411254883,196.673553467,-2.177825928,-0.002223183,-0.066666216,0.586253881,0.807376742
1713723165831056640.000000,-307.644226074,189.635299683,-3.725200653,-0.004268996,-0.067396581,0.585009575,0.808209896
1713723165864414464.000000,-308.326934814,189.292419434,-3.792835236,-0.002913227,-0.068246990,0.584281206,0.808671355
1713723165897773312.000000,-309.009460449,188.949707031,-3.860494614,-0.003134690,-0.066148311,0.582994819,0.809772611
1713723165931131136.000000,-309.691772461,188.622314453,-3.926437378,-0.002323479,-0.066471040,0.582149029,0.810357213
1713723165964489472.000000,-331.191192627,170.576828003,-7.019851685,-0.003170592,-0.065765977,0.577070057,0.814036250
1713723165997847552.000000,-331.879119873,170.241958618,-7.086179733,-0.000843600,-0.065010160,0.576138973,0.814761877
1713723166031206400.000000,-332.568969727,169.907012939,-7.152244568,-0.001709022,-0.064296417,0.574712336,0.815823972
1713723166064564224.000000,-312.426147461,187.296188354,-4.202974319,-0.000924999,-0.066566974,0.578011513,0.813308537
1713723166097922560.000000,-331.584869385,195.245727539,-4.014001846,-0.001476207,-0.067684919,0.584554017,0.808525324
1713723166131280896.000000,-332.264739990,194.892211914,-4.086038589,0.001063387,-0.066933632,0.583743691,0.809173703
1713723166164639232.000000,-332.946960449,194.538909912,-4.157484055,-0.000308596,-0.066785187,0.582386255,0.810164094
1713723166197997568.000000,-333.630859375,194.183990479,-4.229082108,-0.001281289,-0.068362623,0.581261754,0.810838997
1713723166231355904.000000,-365.695587158,157.229919434,-10.449790955,0.000018584,-0.064770363,0.569515884,0.819424450
1713723166264713984.000000,-366.384460449,156.905303955,-10.519462585,0.002635931,-0.062146779,0.568545163,0.820297122
1713723166298072576.000000,-367.077728271,156.580566406,-10.587841034,-0.000397796,-0.064353466,0.567216873,0.821050286
1713723166331430656.000000,-336.326293945,192.945800781,-4.510099411,-0.000164122,-0.067775905,0.577594340,0.813505530
1713723166364788992.000000,-278.389953613,199.255661011,-1.367136002,0.000434103,-0.065344095,0.585702896,0.807887435
1713723166398147072.000000,-279.064056396,198.906250000,-1.439184189,0.001337441,-0.065212168,0.584752202,0.808585525
1713723166431505664.000000,-279.740783691,198.556762695,-1.510673523,-0.001407948,-0.066306144,0.583458662,0.809430361
1713723166464864000.000000,-280.416870117,198.205490112,-1.582889557,-0.001098383,-0.065934509,0.582407117,0.810218155
1713723166498222080.000000,-400.103088379,143.935791016,-13.836244583,0.002080099,-0.061809301,0.562776804,0.824292123
1713723166531580416.000000,-400.796203613,143.625000000,-13.903691292,0.000786732,-0.061783493,0.561474442,0.825184047
1713723166564939008.000000,-401.490875244,143.312622070,-13.971088409,-0.000086250,-0.063236564,0.560238063,0.825914323
1713723166598297088.000000,-341.769622803,190.457977295,-5.081642151,0.000651564,-0.064425409,0.569805741,0.819249988
1713723166631655424.000000,-281.488708496,200.101165771,-1.211523056,-0.000109313,-0.062028617,0.585508823,0.808289468
1713723166665014016.000000,-282.163909912,199.744857788,-1.282901764,-0.002676151,-0.063692957,0.584093571,0.809179127
1713723166698372352.000000,-282.838867188,199.386672974,-1.354871750,-0.002701598,-0.064634353,0.583078444,0.809836268
1713723166731730432.000000,-344.516906738,189.203247070,-5.371946335,0.001092752,-0.062710434,0.565376282,0.822445095
1713723166765088768.000000,-418.148010254,157.098785400,-13.192724228,0.001232442,-0.062973626,0.565159380,0.822573900
1713723166798447360.000000,-418.839691162,156.768493652,-13.265575409,-0.000821209,-0.063904613,0.563951015,0.823331535
1713723166831805696.000000,-419.531280518,156.436584473,-13.339155197,-0.000829177,-0.063427389,0.562991440,0.824024916
1713723166865163776.000000,-420.220397949,156.115295410,-13.407789230,0.001151369,-0.061388675,0.562326193,0.824632943
1713723166898522112.000000,-434.858886719,152.535278320,-14.861495972,-0.000280755,-0.062622048,0.562548578,0.824389160
1713723166931880704.000000,-435.552185059,152.201507568,-14.934186935,-0.000677484,-0.063830331,0.561439693,0.825051963
1713723166965239040.000000,-436.244842529,151.867126465,-15.007415771,-0.000119739,-0.061949611,0.560361385,0.825928211
1713723166998597376.000000,-436.933471680,151.556365967,-15.079767227,0.000954584,-0.061040252,0.559335947,0.826690137
1713723167031955712.000000,-285.546478271,202.364562988,-0.293258667,-0.005898140,-0.062466800,0.586882591,0.807237267
1713723167065314304.000000,-286.215484619,201.986633301,-0.369089127,-0.005724539,-0.062288463,0.585816920,0.808026016
1713723167098672640.000000,-286.884887695,201.607498169,-0.445262909,-0.005066854,-0.061126761,0.584811807,0.808846712
1713723167132030720.000000,-287.553283691,201.260955811,-0.525836945,-0.005093862,-0.060773157,0.583747149,0.809641898
1713723167165389056.000000,-286.862243652,203.094451904,0.024156570,-0.007250276,-0.061395083,0.587496936,0.806861520
1713723167198747904.000000,-287.529724121,202.715057373,-0.054313660,-0.007366097,-0.061378922,0.586331844,0.807708740
1713723167232106240.000000,-288.196563721,202.334609985,-0.133232117,-0.005830187,-0.059544742,0.585560501,0.808417857
1713723167265465088.000000,-288.865570068,201.993942261,-0.206434250,-0.006780427,-0.060006116,0.584131718,0.809409380
1713723167298824192.000000,-486.728942871,137.856872559,-19.258850098,-0.000203494,-0.060189888,0.551924884,0.831718743
1713723167332182784.000000,-487.424926758,137.537139893,-19.333541870,0.001299955,-0.059040975,0.549718201,0.833260119
1713723167365541632.000000,-488.121398926,137.216735840,-19.408046722,0.002243659,-0.057186872,0.547046304,0.835143685
1713723167398900736.000000,-488.814239502,136.930328369,-19.479490280,0.000095255,-0.058766320,0.544450283,0.836731970
1713723167432259840.000000,-503.439941406,134.703186035,-20.538585663,0.000336695,-0.059240177,0.542923093,0.837690294
1713723167465618944.000000,-504.135040283,134.388031006,-20.614170074,0.003072680,-0.057014287,0.540223658,0.839582264
1713723167498977536.000000,-504.833648682,134.072814941,-20.688882828,0.001581362,-0.057675406,0.536750853,0.841765761
1713723167532336640.000000,-491.606475830,135.856475830,-19.739597321,-0.000749691,-0.058905456,0.532244205,0.844538808
1713723167565695488.000000,-290.760894775,205.182189941,0.896915436,-0.008830335,-0.059239630,0.574016094,0.816650629
1713723167599054336.000000,-291.424713135,204.816253662,0.821699142,-0.006344096,-0.057237357,0.570942700,0.818967760
1713723167632413952.000000,-292.093109131,204.450317383,0.747642517,-0.009889793,-0.059727401,0.567498982,0.821145475
1713723167665772800.000000,-508.326751709,132.762237549,-21.024456024,0.000739353,-0.057789341,0.520612597,0.851834774
1713723167699131392.000000,-418.476318359,149.028320312,-13.841876984,-0.000319047,-0.054455876,0.532974124,0.844377339
1713723167732490496.000000,-419.169525146,148.719940186,-13.910995483,-0.001381406,-0.056227241,0.529531717,0.846423566
1713723167765849600.000000,-419.863677979,148.411514282,-13.980402946,-0.003237022,-0.057041429,0.525974035,0.848579466
1713723167799208704.000000,-420.551269531,148.154083252,-14.043570518,-0.001055316,-0.055286512,0.523373842,0.850307107
1713723167832567808.000000,-294.291015625,205.663574219,1.066083908,-0.009136755,-0.057294406,0.556074440,0.829104960
1713723167865926656.000000,-294.958068848,205.310226440,0.993091583,-0.011924489,-0.059165597,0.553382099,0.830738008
1713723167899285504.000000,-295.624206543,204.955322266,0.919269562,-0.011746697,-0.059263863,0.551111281,0.832241654
1713723167932645120.000000,-298.103576660,201.610595703,0.124193192,-0.007546429,-0.056392252,0.541629136,0.838689983
1713723167966004224.000000,-388.742279053,165.049346924,-9.156661987,-0.006834167,-0.058203235,0.527770758,0.847362876
1713723167999363072.000000,-389.426757812,164.736373901,-9.226877213,-0.008575425,-0.060215026,0.525762320,0.848454297
1713723168032721920.000000,-390.109008789,164.422439575,-9.298168182,-0.007111636,-0.057242960,0.523744941,0.849919975
1713723168066081024.000000,-300.775573730,200.448593140,-0.142452240,-0.009483441,-0.057317376,0.533533931,0.843781054
1713723168099440384.000000,-295.950103760,207.626647949,1.908899307,-0.015844628,-0.058962017,0.549865901,0.833018601
1713723168132799488.000000,-296.610778809,207.272613525,1.838768005,-0.015386285,-0.058121126,0.547915518,0.834370315
1713723168166158080.000000,-297.271545410,206.917419434,1.768394470,-0.013695672,-0.056377623,0.546445310,0.835482836
1713723168199517184.000000,-297.936553955,206.613113403,1.705520630,-0.016169082,-0.058340311,0.544761777,0.836402774
1713723168232877568.000000,-438.371429443,151.933258057,-13.482094765,-0.007513402,-0.058443684,0.511087954,0.857506335
1713723168266233088.000000,-439.059631348,151.644042969,-13.548612595,-0.007286109,-0.056667000,0.509477198,0.858585417
1713723168299589376.000000,-439.749176025,151.352996826,-13.615232468,-0.006321158,-0.056848168,0.507825732,0.859558880
1713723168332945920.000000,-440.429290771,151.139831543,-13.666585922,-0.008934542,-0.058108166,0.506516576,0.860223591
1713723168366301696.000000,-454.638275146,149.952545166,-14.923379898,-0.009397698,-0.057698533,0.506851792,0.860048771
1713723168399657728.000000,-455.324645996,149.681396484,-14.985286713,-0.007132589,-0.056093547,0.505496800,0.860973716
1713723168433014272.000000,-456.014099121,149.410766602,-15.046493530,-0.009117238,-0.056699470,0.503970683,0.861809492
1713723168466370048.000000,-456.699829102,149.201446533,-15.102155685,-0.009855813,-0.057951719,0.502810240,0.862395763
1713723168499726336.000000,-299.727539062,209.294433594,2.676300049,-0.020562012,-0.057163570,0.545163691,0.836125672
1713723168533082368.000000,-300.386260986,208.970443726,2.613756180,-0.018330315,-0.055941332,0.543952167,0.837048829
1713723168566438144.000000,-301.048583984,208.647048950,2.552124023,-0.021399930,-0.057413787,0.542668998,0.837708831
1713723168599794432.000000,-459.455535889,148.232421875,-15.339099884,-0.010459208,-0.057714999,0.497912556,0.865241408
1713723168633150464.000000,-316.563964844,202.066390991,1.122783661,-0.019379979,-0.056369621,0.540803611,0.839034259
1713723168666506240.000000,-317.226806641,201.745544434,1.060729980,-0.019444592,-0.055990133,0.539411128,0.839953959
1713723168699862528.000000,-317.892730713,201.424148560,0.999170303,-0.021749107,-0.058395073,0.538265705,0.840468407
1713723168733218304.000000,-318.557403564,201.101150513,0.936925888,-0.021219395,-0.057764605,0.536943316,0.841370881
1713723168766574080.000000,-302.109619141,210.386825562,3.291231155,-0.020407708,-0.054877669,0.544698298,0.836585760
1713723168799930368.000000,-302.770996094,210.058654785,3.227739334,-0.023600779,-0.057517525,0.543107986,0.837357938
1713723168833286400.000000,-303.432495117,209.728851318,3.163614273,-0.024398372,-0.059380148,0.541875124,0.838003695
1713723168866641920.000000,-304.092224121,209.397705078,3.098785400,-0.022268770,-0.057180461,0.540679991,0.838987291
1713723168899997952.000000,-350.374053955,187.980438232,-2.000093460,-0.018197581,-0.055096392,0.531412184,0.845123887
1713723168933354240.000000,-351.045410156,187.671569824,-2.063774109,-0.021601584,-0.058508132,0.530012310,0.845693290
1713723168966709760.000000,-351.715057373,187.360839844,-2.128625870,-0.021191571,-0.058089897,0.528563559,0.846638739
1713723169000065792.000000,-323.873626709,198.815292358,0.440542221,-0.018883161,-0.054740816,0.528145552,0.847177207
1713723169033422336.000000,-304.493957520,211.389129639,3.881149292,-0.024094572,-0.057241712,0.543729961,0.836959183
1713723169066777600.000000,-305.153137207,211.059921265,3.815824509,-0.025767950,-0.059225127,0.542434990,0.837611318
1713723169100133632.000000,-305.811401367,210.729431152,3.749729156,-0.025007501,-0.058298305,0.541345119,0.838404059
1713723169133489664.000000,-306.468017578,210.415496826,3.687082291,-0.021597086,-0.055815116,0.540520549,0.839199424
1713723169166845440.000000,-384.474029541,175.167541504,-4.893505096,-0.018777596,-0.056491256,0.522689581,0.850442111
1713723169200200960.000000,-385.148132324,174.866333008,-4.956621170,-0.018841906,-0.057057094,0.521554947,0.851099312
1713723169233556992.000000,-385.821136475,174.563705444,-5.020238876,-0.016215097,-0.055249464,0.520345986,0.852012157
1713723169266912768.000000,-386.491912842,174.278259277,-5.083806992,-0.015211169,-0.053916521,0.519250214,0.852784216
1713723169300268032.000000,-401.789794922,167.082122803,-6.560583115,-0.017663917,-0.055826068,0.517790973,0.853501081
1713723169333623296.000000,-402.465789795,166.783477783,-6.623863220,-0.017271187,-0.055257663,0.516574562,0.854282796
1713723169366978048.000000,-403.140777588,166.482894897,-6.687736511,-0.013520837,-0.052574139,0.515521407,0.855155468
1713723169400333568.000000,-403.818878174,166.193115234,-6.748746872,-0.015095340,-0.053248793,0.514050186,0.855972648
1713723169433688832.000000,-309.145599365,211.954040527,3.757635117,-0.021308243,-0.056412365,0.541020989,0.838844419
1713723169467044096.000000,-309.802307129,211.609970093,3.692178726,-0.020104228,-0.054442242,0.539368927,0.840067267
1713723169500399360.000000,-310.459289551,211.263931274,3.626399994,-0.016971596,-0.052492689,0.538006663,0.841133416
1713723169533754880.000000,-311.122283936,210.935928345,3.564451218,-0.020235151,-0.054333344,0.536562681,0.841866374
1713723169567110144.000000,-436.426330566,154.941055298,-9.291868210,-0.013507548,-0.053914949,0.507254124,0.860002339
1713723169600465408.000000,-437.108184814,154.642471313,-9.354232788,-0.011817703,-0.051969711,0.505530179,0.861161292
1713723169633820416.000000,-437.791137695,154.342544556,-9.416842461,-0.009416030,-0.050655082,0.504025698,0.862150550
1713723169667175424.000000,-438.477172852,154.053833008,-9.477586746,-0.012931791,-0.053237304,0.502113879,0.863064528
1713723169700530688.000000,-311.597229004,212.628326416,4.179237366,-0.019367494,-0.054872077,0.537331402,0.841361403
1713723169733885696.000000,-312.253173828,212.270675659,4.114549637,-0.016606260,-0.052377485,0.535924375,0.842476070
1713723169767240960.000000,-312.911437988,211.912200928,4.050285339,-0.016131612,-0.052354675,0.534200728,0.843580723
1713723169800595968.000000,-313.574676514,211.574920654,3.986639023,-0.018983385,-0.055108987,0.532690346,0.844300687
1713723169833951232.000000,-438.852783203,155.001373291,-7.871273041,-0.013374416,-0.052523915,0.504260004,0.861849368
1713723169867306240.000000,-439.534576416,154.689270020,-7.933801651,-0.011047708,-0.051296189,0.502685666,0.862875342
1713723169900661504.000000,-440.219635010,154.377349854,-7.995429993,-0.012855533,-0.052699864,0.501036346,0.863724530
1713723169934016512.000000,-440.904968262,154.064208984,-8.057481766,-0.012953513,-0.053355932,0.499542385,0.864547789
1713723169967371264.000000,-456.394836426,147.559143066,-9.305343628,-0.012435206,-0.051895656,0.498133719,0.865456522
1713723170000726272.000000,-457.081390381,147.251480103,-9.366970062,-0.010887533,-0.051589467,0.496519715,0.866422594
1713723170034081280.000000,-457.770599365,146.944396973,-9.428014755,-0.013005012,-0.052660502,0.494684428,0.867378294
1713723170067436288.000000,-443.655822754,152.899536133,-8.280801773,-0.012831488,-0.052436706,0.494066209,0.867746711
1713723170100791296.000000,-315.234344482,213.733657837,4.837772369,-0.017349018,-0.053630665,0.533448696,0.843952239
1713723170134146304.000000,-315.892150879,213.364181519,4.775381088,-0.017659146,-0.053442761,0.531732023,0.845040321
1713723170167501056.000000,-316.552307129,212.994110107,4.713256836,-0.019555999,-0.054912612,0.530134499,0.845907629
1713723170200856064.000000,-317.212249756,212.636795044,4.651342392,-0.019386517,-0.054127350,0.528897583,0.846735954
1713723170234211072.000000,-332.046417236,205.184494019,3.494312286,-0.017155098,-0.052599549,0.527704120,0.847624540
1713723170267566336.000000,-332.708587646,204.815658569,3.432611465,-0.019261759,-0.053342130,0.525940597,0.848628402
1713723170300922368.000000,-333.371765137,204.444976807,3.370885849,-0.019855520,-0.055150181,0.524337828,0.849490523
1713723170334278400.000000,-319.858917236,211.179809570,4.414863586,-0.018183725,-0.052201387,0.523051262,0.850506783
1713723170367634176.000000,-495.540222168,147.393112183,-7.997539520,-0.011383305,-0.053258061,0.490646958,0.869654834
1713723170400989696.000000,-496.231262207,147.072341919,-8.059923172,-0.013472464,-0.055410862,0.489017993,0.870407701
1713723170434345472.000000,-496.921020508,146.750213623,-8.123029709,-0.012467615,-0.054404788,0.487240404,0.871482313
1713723170467701760.000000,-497.610595703,146.426391602,-8.186389923,-0.009828659,-0.052607510,0.485818267,0.872419894
1713723170501057024.000000,-319.479003906,214.226333618,4.918964386,-0.019525453,-0.054434512,0.527667820,0.847480059
1713723170534412800.000000,-320.135833740,213.836303711,4.857316971,-0.019145614,-0.054546311,0.525856435,0.848606646
1713723170567768576.000000,-320.792388916,213.445419312,4.795454025,-0.017625397,-0.053183049,0.524308324,0.849683344
1713723170601124608.000000,-500.379455566,145.179229736,-8.420715332,-0.008436269,-0.052708849,0.479736716,0.875787258
1713723170634480128.000000,-382.899688721,179.937530518,-0.371433258,-0.017680153,-0.053349003,0.508831620,0.859029531
1713723170667835648.000000,-383.571258545,179.567916870,-0.430948257,-0.017703615,-0.053833812,0.507140279,0.859998405
1713723170701191424.000000,-384.242034912,179.196746826,-0.491106033,-0.015295931,-0.052290559,0.505376101,0.861177504
1713723170734547456.000000,-384.914642334,178.825256348,-0.550844193,-0.014922346,-0.052031562,0.503554046,0.862266421
1713723170767902976.000000,-399.871124268,172.894836426,-0.956588745,-0.017404558,-0.054161593,0.502535284,0.862682998
1713723170801258240.000000,-400.543579102,172.537414551,-1.012569427,-0.017478000,-0.053724930,0.500606775,0.863829315
1713723170834614016.000000,-401.215179443,172.177856445,-1.069114685,-0.014338210,-0.052116852,0.499015093,0.864905894
1713723170867969792.000000,-401.890167236,171.818984985,-1.124727249,-0.016634289,-0.053093582,0.497125566,0.865893006
1713723170901325568.000000,-324.196228027,212.779403687,2.877853394,-0.014460415,-0.055030327,0.517562985,0.853751242
1713723170934680576.000000,-324.851348877,212.390838623,2.823211670,-0.013895455,-0.052965678,0.516044259,0.854809821
1713723170968036352.000000,-325.507598877,212.000381470,2.768365860,-0.012089176,-0.052501388,0.514366627,0.855876446
1713723171001391872.000000,-326.166198730,211.610458374,2.714262009,-0.014129830,-0.053352341,0.512805223,0.856729090
1713723171034747648.000000,-433.457214355,158.048004150,-2.640781403,-0.017947393,-0.051976725,0.490901560,0.869478047
1713723171068103168.000000,-434.133026123,157.696975708,-2.693349838,-0.016615514,-0.050784320,0.489302844,0.870475590
1713723171101458432.000000,-434.810394287,157.345672607,-2.745485306,-0.016888147,-0.050554767,0.487676799,0.871395648
1713723171134813952.000000,-435.488861084,156.993637085,-2.797811508,-0.017789267,-0.050903328,0.485984117,0.872302592
1713723171168169472.000000,-436.167205811,156.678359985,-2.830736160,-0.017937873,-0.050374761,0.484482110,0.873165429
1713723171201525248.000000,-327.257873535,213.205383301,3.062746048,-0.013438176,-0.051643550,0.513900161,0.856188715
1713723171234880768.000000,-327.911865234,212.812316895,3.012344360,-0.014692174,-0.051428452,0.512351334,0.857108772
1713723171268017664.000000,-328.562713623,212.420211792,2.962287903,-0.015035693,-0.052475318,0.510614812,0.858075082
1713723171301744640.000000,-329.224792480,212.020507812,2.910840988,-0.014572773,-0.051271390,0.508889854,0.859179914
1713723171335473664.000000,-622.103881836,99.646072388,-15.695884705,-0.011072010,-0.048702121,0.445054233,0.894109786
1713723171369204992.000000,-622.818603516,99.346954346,-15.742893219,-0.012116687,-0.049339902,0.443170547,0.894996464
1713723171402939392.000000,-623.533386230,99.046630859,-15.790044785,-0.012033058,-0.048852637,0.441604346,0.895798087
1713723171436675584.000000,-624.247253418,98.753585815,-15.834308624,-0.011723245,-0.047821820,0.439936519,0.896678090
1713723171470413824.000000,-330.000549316,213.566711426,3.221307755,-0.017064372,-0.050822776,0.509990215,0.858507931
1713723171504154624.000000,-330.659423828,213.153503418,3.172260284,-0.017582819,-0.051166072,0.508290052,0.859484851
1713723171537898240.000000,-331.318572998,212.739303589,3.123123169,-0.017148571,-0.050674275,0.506718695,0.860450089
1713723171571644160.000000,-331.978485107,212.324508667,3.074037552,-0.017453710,-0.049934104,0.504875720,0.861569822
1713723171605391616.000000,-412.248657227,167.683395386,-2.793237686,-0.016678726,-0.049355030,0.484722435,0.873115182
1713723171639142400.000000,-412.927490234,167.299530029,-2.839080811,-0.016584015,-0.049418882,0.482556254,0.874312520
1713723171672895232.000000,-413.606445312,166.914932251,-2.885082245,-0.016342828,-0.048496228,0.480669171,0.875407457
1713723171706650624.000000,-414.287048340,166.529006958,-2.930759430,-0.016108176,-0.049154110,0.478663802,0.876473248
1713723171740408064.000000,-332.739410400,213.911834717,3.389682770,-0.019156486,-0.049901456,0.505040586,0.861438870
1713723171774168064.000000,-333.393798828,213.488265991,3.342948914,-0.019287137,-0.050458819,0.503046513,0.862569571
1713723171807930112.000000,-334.048583984,213.064178467,3.296222687,-0.019655827,-0.050291650,0.500881672,0.863829792
1713723171841694720.000000,-334.703094482,212.638046265,3.249073029,-0.017414074,-0.049508423,0.499051124,0.864981949
1713723171875461888.000000,-407.090087891,185.623519897,-5.342994690,-0.014234089,-0.048151076,0.481960624,0.874752998
1713723171909230848.000000,-407.760375977,185.229568481,-5.387779236,-0.014393474,-0.049630269,0.479694158,0.875912845
1713723171943002880.000000,-408.430053711,184.835220337,-5.432691574,-0.014263012,-0.048409615,0.477559209,0.877148986
1713723171976776960.000000,-409.099792480,184.439071655,-5.478139877,-0.011793957,-0.047057483,0.475615382,0.878314614
1713723172010553344.000000,-461.972991943,144.919738770,-6.135528564,-0.016778925,-0.048050642,0.463074028,0.884857059
1713723172044332544.000000,-462.654144287,144.544128418,-6.181138992,-0.016506672,-0.048447434,0.460909396,0.885970056
1713723172078113536.000000,-463.335601807,144.168136597,-6.226882935,-0.016248317,-0.047195807,0.458830386,0.887120843
1713723172111897344.000000,-422.402008057,162.249694824,-3.452629089,-0.015392979,-0.046630558,0.455653220,0.888801932
1713723172145682944.000000,-336.868133545,214.339736938,3.567220688,-0.021419575,-0.050930697,0.495694697,0.866737604
1713723172179471616.000000,-337.513702393,213.904937744,3.519939423,-0.021352410,-0.051407240,0.493936539,0.867714345
1713723172213262592.000000,-338.158782959,213.469253540,3.472118378,-0.019686203,-0.049594015,0.492105454,0.868898809
1713723172247055616.000000,-338.805938721,213.032958984,3.424539566,-0.019529117,-0.049538866,0.490346521,0.869899333
1713723172281127680.000000,-428.434143066,162.922637939,-3.359992981,-0.020731019,-0.049817964,0.468088448,0.882032752
1713723172314449664.000000,-429.090972900,162.530410767,-3.404544830,-0.020103879,-0.048294384,0.465961486,0.883257329
1713723172347770112.000000,-429.748779297,162.137542725,-3.449310303,-0.019542288,-0.047373738,0.464113981,0.884291828
1713723172381091328.000000,-430.409271240,161.743972778,-3.493442535,-0.020702235,-0.049250767,0.462470919,0.885023475
1713723172414411776.000000,-438.244384766,169.400909424,-5.104881287,-0.020267220,-0.048162818,0.467246443,0.882581711
1713723172447731968.000000,-438.896423340,169.006454468,-5.148811340,-0.020158127,-0.048150092,0.465093136,0.883721471
1713723172481051904.000000,-439.548950195,168.611541748,-5.193050385,-0.019695468,-0.047375690,0.463537723,0.884590566
1713723172514371584.000000,-440.202972412,168.216110229,-5.237138748,-0.020545678,-0.047541812,0.461552799,0.885599673
1713723172547690752.000000,-340.971466064,214.676666260,3.685148239,-0.023891838,-0.051968846,0.489013344,0.870398998
1713723172581010176.000000,-341.596008301,214.251068115,3.634855270,-0.022141406,-0.050143257,0.487049550,0.871652603
1713723172614328320.000000,-342.222412109,213.825439453,3.584972382,-0.022387872,-0.049465369,0.485167116,0.872734129
1713723172647646720.000000,-342.850921631,213.398895264,3.535429001,-0.023985790,-0.051578119,0.483316332,0.873595834
1713723172680964608.000000,-473.247558594,148.358779907,-6.675167084,-0.021532750,-0.045406729,0.451620460,0.890793800
1713723172714282240.000000,-473.900421143,147.984863281,-6.719160080,-0.019382903,-0.043866381,0.449638277,0.891922355
1713723172747599872.000000,-474.556488037,147.611129761,-6.762079239,-0.021371352,-0.045894608,0.447694153,0.892752469
1713723172780916736.000000,-475.195739746,147.305511475,-6.808171272,-0.021074615,-0.045417141,0.446126014,0.893568516
1713723172814233344.000000,-407.975891113,186.249420166,-7.439142227,-0.015760671,-0.044684663,0.454936177,0.889262617
1713723172847549952.000000,-408.618591309,185.880035400,-7.483961105,-0.014901835,-0.044535086,0.453486681,0.890024960
1713723172880865792.000000,-409.262756348,185.510406494,-7.528400421,-0.015772898,-0.045387417,0.451462835,0.890995324
1713723172914181376.000000,-409.885101318,185.225219727,-7.566291809,-0.015744977,-0.044719476,0.449757934,0.891891301
1713723172947497216.000000,-345.057739258,214.940429688,3.771110535,-0.021706514,-0.051044866,0.480908960,0.875014246
1713723172980811776.000000,-345.667846680,214.549545288,3.721313477,-0.022353103,-0.050582677,0.479084194,0.876025140
1713723173014126848.000000,-346.278503418,214.157135010,3.671432495,-0.021678785,-0.050725967,0.477290481,0.877012432
1713723173047440896.000000,-346.874572754,213.852020264,3.614921570,-0.021867005,-0.050012752,0.475812942,0.877851248
1713723173080755200.000000,-346.376190186,215.032852173,3.862262726,-0.021215755,-0.049498424,0.478286624,0.876551092
1713723173114068736.000000,-346.981170654,214.662506104,3.811271667,-0.023063317,-0.049553961,0.476390690,0.877533197
1713723173147382528.000000,-347.585815430,214.290435791,3.759880066,-0.022719964,-0.049153119,0.474581093,0.878544569
1713723173180695808.000000,-348.167602539,214.038009644,3.695552826,-0.022744732,-0.049063299,0.473324537,0.879226625
1713723173214008320.000000,-352.560150146,209.729904175,-0.855497360,-0.009699590,-0.045673147,0.459530324,0.886933982
1713723173247320832.000000,-353.169647217,209.413314819,-0.908054352,-0.010956151,-0.046422288,0.457957894,0.887693405
1713723173280632320.000000,-353.778686523,209.095535278,-0.960999489,-0.010309312,-0.045609936,0.456604272,0.888440251
1713723173313953536.000000,-354.360870361,208.863220215,-1.014757156,-0.010605630,-0.045589477,0.455389082,0.889061272
1713723173347274496.000000,-348.911346436,215.213897705,4.191005707,-0.023700275,-0.049137518,0.473800689,0.878940701
1713723173380595456.000000,-349.499298096,214.894607544,4.132825851,-0.022722023,-0.049127318,0.472325146,0.879760861
1713723173413916416.000000,-350.088043213,214.575454712,4.074684143,-0.023320979,-0.048296273,0.470678449,0.880673349
1713723173447236608.000000,-350.651702881,214.269592285,3.961938858,-0.023402609,-0.049063437,0.469631702,0.881187379
1713723173480556544.000000,-350.879730225,214.411636353,3.527395248,-0.022932854,-0.048746705,0.469491661,0.881291926
1713723173513875712.000000,-351.459472656,214.091766357,3.449724197,-0.020670705,-0.047147673,0.468205959,0.882118523
1713723173547194624.000000,-352.041717529,213.772613525,3.372846603,-0.022856966,-0.047535107,0.466618389,0.882884622
1713723173580514048.000000,-352.882843018,213.178192139,3.500904083,-0.022921460,-0.048086137,0.464934140,0.883741319
1713723173613832192.000000,-352.804138184,213.664047241,2.851053238,-0.020719986,-0.046780571,0.465324849,0.883660018
1713723173647150592.000000,-353.369506836,213.373001099,2.748916626,-0.020030234,-0.045471504,0.463988274,0.884446740
1713723173680468480.000000,-353.935424805,213.082260132,2.645978928,-0.020087803,-0.046277866,0.462611288,0.885124624
1713723173713785856.000000,-354.289947510,213.013626099,2.346267700,-0.020137448,-0.045294002,0.461809665,0.885592878
1713723173747103488.000000,-352.647979736,215.434967041,4.717222214,-0.023609307,-0.048586581,0.469103307,0.881489694
1713723173780420352.000000,-353.136962891,215.209075928,4.542970657,-0.024530003,-0.048256531,0.467808306,0.882170677
1713723173813737216.000000,-353.624450684,214.980880737,4.367565155,-0.022491321,-0.048013683,0.467057586,0.882635891
1713723173847053056.000000,-354.100219727,214.801925659,4.179807663,-0.023750225,-0.047086209,0.466146439,0.883134425
1713723173880369152.000000,-362.408508301,206.590606689,-4.085183144,-0.003422123,-0.040028125,0.439771235,0.897210896
1713723173913684480.000000,-362.908050537,206.412902832,-4.257244110,-0.003867208,-0.039732382,0.438525707,0.897831619
1713723173947000320.000000,-363.406433105,206.234024048,-4.430712700,-0.002043563,-0.038808644,0.437696338,0.898282647
1713723173980314880.000000,-363.906372070,206.057159424,-4.604544640,-0.003395512,-0.039408728,0.436605453,0.898783147
1713723174013629952.000000,-363.933563232,206.499679565,-4.632632256,-0.002847931,-0.040226310,0.438090950,0.898025692
1713723174046944256.000000,-364.425842285,206.324584961,-4.808602333,-0.001562686,-0.040057596,0.436872661,0.898629665
1713723174080258048.000000,-364.918151855,206.151123047,-4.985523224,-0.001959553,-0.039230391,0.435599774,0.899283111
1713723174113571584.000000,-365.410888672,205.976425171,-5.163279533,-0.001451988,-0.039913286,0.434586585,0.899744093
1713723174146884864.000000,-356.975067139,215.608093262,4.443655014,-0.024144376,-0.048792183,0.463743448,0.884295464
1713723174180197888.000000,-357.444030762,215.399978638,4.252502441,-0.022079162,-0.048108380,0.462875009,0.884841740
1713723174213510656.000000,-357.914520264,215.194366455,4.060661316,-0.023229642,-0.048164450,0.461580008,0.885485470
1713723174246823424.000000,-358.384552002,215.004257202,3.874025345,-0.022907980,-0.048173383,0.460918725,0.885837853
1713723174280135424.000000,-367.672851562,206.172393799,-5.571269989,-0.001415136,-0.038996294,0.432844728,0.900623560
1713723174313470976.000000,-368.158966064,206.004989624,-5.752712250,0.000276654,-0.038282499,0.431707650,0.901200831
1713723174346854656.000000,-368.646759033,205.838272095,-5.934697628,-0.000647213,-0.038749382,0.430648685,0.901687264
1713723174380056320.000000,-369.124298096,205.676208496,-6.115369320,0.000058738,-0.037681758,0.429821074,0.902127504
1713723174413748992.000000,-368.858917236,206.805084229,-5.901362419,0.000215976,-0.038520470,0.432523757,0.900799334
1713723174447443968.000000,-369.346130371,206.633911133,-6.088181496,-0.000192145,-0.038474783,0.431422174,0.901329398
1713723174481140736.000000,-369.831787109,206.460952759,-6.275880814,0.001492054,-0.037966531,0.430537939,0.901772380
1713723174514839552.000000,-370.313781738,206.311874390,-6.458184242,0.001072218,-0.037483737,0.429044753,0.902504563
1713723174548540928.000000,-361.846801758,213.882278442,3.012842178,-0.020207176,-0.046917006,0.453904450,0.889584899
1713723174582243328.000000,-362.313629150,213.684448242,2.814674377,-0.020835619,-0.046251237,0.452701032,0.890218318
1713723174615948800.000000,-362.779113770,213.484497070,2.615180969,-0.018790388,-0.045524538,0.451892793,0.890711725
1713723174649655552.000000,-364.047241211,212.839538574,1.617940903,-0.018411819,-0.043718722,0.448982775,0.892280281
1713723174683364352.000000,-364.478515625,212.923980713,1.527864456,-0.017533312,-0.044195805,0.448540688,0.892496884
1713723174717075712.000000,-364.950073242,212.734909058,1.332130432,-0.016199138,-0.044810239,0.447547436,0.892989933
1713723174750788864.000000,-365.420349121,212.545913696,1.134902954,-0.014435448,-0.043703079,0.446597576,0.893550456
1713723174784504064.000000,-365.896820068,212.375991821,0.942792892,-0.016541582,-0.043752018,0.445669562,0.893974721
1713723174818221312.000000,-364.268432617,214.171142578,3.341482162,-0.023316666,-0.046017364,0.451402992,0.890827775
1713723174851940608.000000,-364.733947754,213.977279663,3.142454147,-0.020619335,-0.045616060,0.450424761,0.891409874
1713723174885661952.000000,-365.201049805,213.785751343,2.941675186,-0.020334369,-0.045120329,0.449227810,0.892045438
1713723174919385344.000000,-376.178863525,204.652084351,-8.604247093,0.004449312,-0.036507796,0.417772532,0.907806993
1713723174953111296.000000,-366.122344971,213.534393311,2.575511932,-0.022841755,-0.045665100,0.447444588,0.892852962
1713723174986838528.000000,-366.587982178,213.348464966,2.376110077,-0.020788331,-0.044061016,0.446303010,0.893554747
1713723175020568064.000000,-367.056488037,213.163589478,2.175664902,-0.021880494,-0.045155451,0.445308059,0.893970370
1713723175054300160.000000,-367.516876221,212.989257812,1.979699135,-0.022276258,-0.044630513,0.444377929,0.894449651
1713723175088033792.000000,-366.648712158,214.426116943,3.709034920,-0.025822435,-0.044506356,0.448518991,0.892290950
1713723175121769472.000000,-367.109069824,214.237274170,3.507541656,-0.025285659,-0.042765200,0.447522372,0.892891705
1713723175155507200.000000,-367.571716309,214.048126221,3.305222511,-0.026615979,-0.044554085,0.446609855,0.893222332
1713723175189247232.000000,-368.030822754,213.880874634,3.105012894,-0.026848815,-0.043804243,0.445920140,0.893597007
1713723175222988544.000000,-368.478332520,213.833007812,2.962924004,-0.024871118,-0.043374941,0.445211381,0.894028485
1713723175256732672.000000,-368.938232422,213.651046753,2.759509087,-0.024863774,-0.043114167,0.444032669,0.894627273
1713723175290478592.000000,-369.397735596,213.468490601,2.555028915,-0.026081881,-0.043627184,0.443016708,0.895071268
1713723175324226560.000000,-369.870849609,213.174423218,2.294444084,-0.026732804,-0.042960837,0.442216218,0.895480096
1713723175357976576.000000,-371.625915527,211.734436035,0.282462120,-0.018941199,-0.041259527,0.436873376,0.898376644
1713723175392006912.000000,-372.092468262,211.560577393,0.075252533,-0.019979147,-0.042189151,0.435847610,0.898809075
1713723175425286656.000000,-372.546813965,211.390136719,-0.127888680,-0.020138359,-0.041622624,0.435013086,0.899236143
1713723175458565632.000000,-372.998565674,211.250000000,-0.323346138,-0.019438915,-0.041004464,0.434496939,0.899529457
1713723175491844096.000000,-370.460723877,214.884338379,3.838891029,-0.028907415,-0.045157999,0.444927275,0.893960238
1713723175525122048.000000,-370.906311035,214.709106445,3.630575180,-0.029037604,-0.045885816,0.444200337,0.894280434
1713723175558399744.000000,-371.350677490,214.534927368,3.422490120,-0.029355004,-0.044853404,0.443238705,0.894799411
1713723175591675648.000000,-371.790954590,214.365020752,3.217123985,-0.028606487,-0.044218928,0.442513227,0.895214140
1713723175624951552.000000,-373.896759033,212.662536621,0.966451645,-0.025895439,-0.040403027,0.436382920,0.898480415
1713723175658226688.000000,-374.342712402,212.494888306,0.761194229,-0.025084853,-0.039325580,0.435522407,0.898968637
1713723175691501312.000000,-374.788696289,212.326385498,0.555587769,-0.024736043,-0.039826319,0.434483767,0.899458647
1713723175724775424.000000,-375.234344482,212.175689697,0.359917641,-0.024443133,-0.038508654,0.433863789,0.899823308
1713723175758048256.000000,-375.685394287,211.546920776,-0.065251350,-0.023113918,-0.038232222,0.431622267,0.900947452
1713723175791321088.000000,-376.131011963,211.386352539,-0.269180298,-0.023489874,-0.037197515,0.430264354,0.901630342
1713723175824592896.000000,-376.575897217,211.223587036,-0.474065781,-0.022742143,-0.037222251,0.429374397,0.902072608
1713723175857863936.000000,-377.025146484,211.074584961,-0.672673225,-0.023067856,-0.036622986,0.428617507,0.902448773
1713723175891134208.000000,-374.920318604,213.724807739,2.222455025,-0.026698170,-0.041437402,0.436131477,0.898531914
1713723175924404480.000000,-375.360565186,213.557983398,2.012215614,-0.027749281,-0.041634262,0.434745759,0.899162292
1713723175957672960.000000,-375.798858643,213.389358521,1.801471710,-0.027122108,-0.041169047,0.433716804,0.899699569
1713723175990941440.000000,-376.237701416,213.242614746,1.601629257,-0.026103927,-0.041238546,0.432721436,0.900205672
1713723176024209152.000000,-379.190155029,210.645034790,-1.540619850,-0.018943770,-0.034483150,0.423080772,0.905237377
1713723176057476608.000000,-379.634887695,210.493423462,-1.744055748,-0.019656170,-0.035175115,0.422124773,0.905641854
1713723176090742528.000000,-380.077484131,210.341827393,-1.947530746,-0.019155849,-0.033951774,0.421221316,0.906119764
1713723176124008960.000000,-380.518585205,210.203308105,-2.143871307,-0.017272154,-0.033659056,0.420180380,0.906651735
1713723176157273856.000000,-381.025970459,210.189361572,-2.304492950,-0.017432382,-0.032939628,0.419296443,0.907084167
1713723176190538240.000000,-381.468414307,210.041183472,-2.507648468,-0.016915372,-0.033557873,0.418786079,0.907307029
1713723176223801856.000000,-381.909118652,209.893676758,-2.710254669,-0.016713820,-0.032473128,0.417691171,0.907854736
1713723176257064704.000000,-382.342163086,209.749725342,-2.914181709,-0.014424982,-0.032354951,0.416457832,0.908464670
1713723176290327040.000000,-379.046844482,212.256622314,-0.040917397,-0.020905800,-0.040143281,0.425683767,0.903739393
1713723176323589120.000000,-379.476623535,212.099227905,-0.253487587,-0.019939067,-0.039542984,0.424989074,0.904114544
1713723176356849920.000000,-379.905975342,211.942459106,-0.465970993,-0.019556478,-0.038886588,0.423964828,0.904632092
1713723176390098432.000000,-380.340667725,211.809677124,-0.671330452,-0.018708706,-0.038678735,0.423162162,0.905034721
1713723176423380224.000000,-380.204101562,212.482223511,0.113205910,-0.022498850,-0.039058778,0.424312621,0.904393196
1713723176456661504.000000,-380.633178711,212.330398560,-0.098265648,-0.022304730,-0.038364619,0.423354894,0.904876411
1713723176489941248.000000,-381.060760498,212.176681519,-0.310445786,-0.020057237,-0.038014363,0.422682911,0.905257821
1713723176523221248.000000,-381.498443604,212.034423828,-0.522031784,-0.020640539,-0.037024125,0.421594292,0.905793309
1713723176556500736.000000,-381.958618164,211.971389771,-0.697175026,-0.020956682,-0.038828537,0.420752317,0.906101942
1713723176589779200.000000,-382.387542725,211.821563721,-0.910199165,-0.020321675,-0.038153365,0.419786900,0.906592727
1713723176623056640.000000,-382.815338135,211.670745850,-1.124644279,-0.017709348,-0.036893219,0.418779463,0.907165408
1713723176656333568.000000,-383.241851807,211.448989868,-1.359834671,-0.019825693,-0.037912827,0.417770028,0.907544911
1713723176689610240.000000,-383.724304199,211.510375977,-1.494345665,-0.018612817,-0.037460655,0.417082042,0.907905817
1713723176722886656.000000,-384.154724121,211.362228394,-1.707361221,-0.018056426,-0.036948130,0.416138738,0.908370733
1713723176756161792.000000,-384.585388184,211.214462280,-1.921818733,-0.017219456,-0.036355823,0.415459633,0.908721685
1713723176789436160.000000,-385.019287109,211.084655762,-2.127195358,-0.017890234,-0.036721524,0.414868176,0.908964157
1713723176822709760.000000,-383.598266602,213.117401123,0.633419037,-0.025353193,-0.037704736,0.421158761,0.905848205
1713723176855983360.000000,-384.023071289,212.964996338,0.418372154,-0.024009025,-0.037501812,0.420189023,0.906343400
1713723176889255424.000000,-384.447814941,212.814651489,0.202635765,-0.024337696,-0.036575720,0.419006616,0.906919777
1713723176922527232.000000,-384.870788574,212.681732178,-0.008966446,-0.023925630,-0.036967397,0.418425620,0.907183051
1713723176955798528.000000,-387.100830078,210.888046265,-2.923314095,-0.015723286,-0.035372600,0.411330402,0.910664022
1713723176989069568.000000,-387.525421143,210.750518799,-3.137199402,-0.013039593,-0.033425584,0.410909325,0.910969973
1713723177022339072.000000,-387.952789307,210.615295410,-3.351621628,-0.014602093,-0.034122627,0.410515934,0.911097705
1713723177055608832.000000,-388.393920898,210.501754761,-3.561855316,-0.014644236,-0.033759862,0.410605490,0.911070287
1713723177088877312.000000,-385.834564209,213.504196167,0.997864723,-0.027313324,-0.035993710,0.421650529,0.905631959
1713723177122145280.000000,-386.257324219,213.359863281,0.779009819,-0.026933940,-0.035266954,0.421620727,0.905685842
1713723177155412736.000000,-386.680358887,213.214889526,0.559829712,-0.027187292,-0.036481231,0.421842813,0.905526757
1713723177188679168.000000,-387.109130859,213.078735352,0.346780777,-0.026646022,-0.034427512,0.421976388,0.905560970
1713723177221945344.000000,-387.541870117,212.975997925,0.144154549,-0.025882477,-0.034444898,0.422063082,0.905542076
1713723177255210752.000000,-387.966247559,212.834609985,-0.074420929,-0.026306236,-0.034971565,0.422158957,0.905464947
1713723177288475392.000000,-388.388336182,212.690963745,-0.292873383,-0.024277603,-0.034754634,0.422667772,0.905292630
1713723177321739520.000000,-388.806030273,212.531738281,-0.522798538,-0.025000751,-0.032729670,0.423250020,0.905076385
1713723177355002368.000000,-388.164093018,213.969970703,1.125953674,-0.028947916,-0.037015930,0.427976549,0.902567446
1713723177388265472.000000,-388.582977295,213.825637817,0.903493881,-0.029108021,-0.036502227,0.428041935,0.902552247
1713723177421591808.000000,-389.001220703,213.677947998,0.680896759,-0.026538374,-0.036562115,0.428609610,0.902359605
1713723177454961664.000000,-389.426269531,213.544982910,0.462990761,-0.026953332,-0.035317332,0.428900808,0.902258515
1713723177488628224.000000,-389.827880859,213.525604248,0.305356026,-0.027622066,-0.037140090,0.429570079,0.901846588
1713723177522296576.000000,-390.251068115,213.382415771,0.080677986,-0.027747115,-0.036641225,0.429916233,0.901698172
1713723177555966976.000000,-390.672119141,213.235961914,-0.143987656,-0.023701953,-0.035724893,0.430486828,0.901578128
1713723177589639424.000000,-391.096923828,213.102584839,-0.368233681,-0.024155233,-0.035068840,0.430862695,0.901412249
1713723177623313152.000000,-391.515686035,213.149429321,-0.412137032,-0.025082910,-0.037025142,0.431834340,0.900843561
1713723177656989696.000000,-391.936401367,213.007141113,-0.637795448,-0.024234768,-0.036660045,0.432176739,0.900717556
1713723177690667008.000000,-392.355255127,212.863250732,-0.864426613,-0.020389823,-0.035045311,0.432857215,0.900550246
1713723177724346112.000000,-392.863281250,212.492034912,-1.331607819,-0.021910697,-0.034305066,0.433131218,0.900411308
1713723177758027008.000000,-391.685333252,214.670364380,1.262231827,-0.028800441,-0.038828239,0.440533131,0.896433771
1713723177791710464.000000,-392.104583740,214.526000977,1.031569481,-0.028186779,-0.037510902,0.440777957,0.896389067
1713723177825395200.000000,-392.523254395,214.379669189,0.799811363,-0.025421359,-0.036699429,0.441506147,0.896146953
1713723177859081216.000000,-392.919647217,214.268829346,0.593367577,-0.026807414,-0.036720440,0.441833854,0.895944178
1713723177892769536.000000,-393.352111816,214.275711060,0.481204987,-0.027383687,-0.037981614,0.442693800,0.895449519
1713723177926459904.000000,-393.760528564,214.140686035,0.256566048,-0.026834987,-0.036762800,0.442977667,0.895376563
1713723177960151552.000000,-394.169433594,214.004760742,0.030856133,-0.025393270,-0.036099195,0.443274647,0.895298660
1713723177993844992.000000,-394.552856445,213.812469482,-0.261587143,-0.026508415,-0.035931438,0.443880796,0.894972682
1713723178027540736.000000,-395.013519287,213.977859497,-0.235990524,-0.026989950,-0.036738355,0.444749564,0.894494116
1713723178061237760.000000,-395.418151855,213.851181030,-0.455672264,-0.024316598,-0.035387252,0.445501089,0.894251287
1713723178094936576.000000,-395.824645996,213.726959229,-0.677121162,-0.023002438,-0.033919081,0.445647597,0.894269884
1713723178128637440.000000,-396.222625732,213.418182373,-0.983894348,-0.025614714,-0.035660401,0.446012914,0.893949032
1713723178162339840.000000,-396.108673096,213.521774292,-0.737177849,-0.026752954,-0.036660183,0.448502272,0.892628729
1713723178196044544.000000,-396.512817383,213.392547607,-0.950241089,-0.023139413,-0.034503970,0.449415326,0.892356396
1713723178229750272.000000,-396.921295166,213.266662598,-1.165453911,-0.023408338,-0.034993932,0.449824214,0.892124236
1713723178263458560.000000,-397.875152588,212.936843872,-1.813181877,-0.024709130,-0.034612402,0.448910564,0.892564237
1713723178297168128.000000,-397.239074707,213.767852783,-0.608966827,-0.028135715,-0.034990456,0.453799248,0.889972031
1713723178330879744.000000,-397.645233154,213.640701294,-0.821256638,-0.025624713,-0.034357503,0.454417259,0.889757276
1713723178364592896.000000,-398.053710938,213.515670776,-1.034400940,-0.026378717,-0.035012633,0.454626948,0.889602542
1713723178398307840.000000,-398.468780518,213.408401489,-1.235378265,-0.026800986,-0.034801424,0.454948276,0.889433920
1713723178432024832.000000,-398.889129639,213.372695923,-1.402100563,-0.025986452,-0.034251660,0.455210745,0.889345109
1713723178465787648.000000,-399.297760010,213.250366211,-1.612745285,-0.024177723,-0.033740938,0.455685019,0.889172792
1713723178499033344.000000,-399.701324463,213.131088257,-1.820936203,-0.024817167,-0.034036711,0.455767363,0.889101684
1713723178532278528.000000,-400.103759766,213.009963989,-2.029367447,-0.024649028,-0.034187242,0.456131727,0.888913691
1713723178565522432.000000,-400.541290283,213.042449951,-2.166783333,-0.023916977,-0.034283683,0.456904858,0.888532877
1713723178598765568.000000,-400.943756104,212.928756714,-2.374777794,-0.021960601,-0.032992199,0.457423210,0.888365507
1713723178632008192.000000,-401.348022461,212.814132690,-2.583756447,-0.022417862,-0.034434855,0.457738042,0.888137162
1713723178665248768.000000,-401.750183105,212.698883057,-2.792293549,-0.022511262,-0.034007341,0.458372951,0.887823761
1713723178698488832.000000,-400.605743408,214.442657471,-0.266859055,-0.029594386,-0.033739030,0.465459436,0.883930683
1713723178731728640.000000,-401.005767822,214.324172974,-0.474599838,-0.027694097,-0.032758191,0.465590239,0.883960247
1713723178764966400.000000,-401.406066895,214.204025269,-0.683313370,-0.028561417,-0.033859055,0.466249198,0.883543730
1713723178798204160.000000,-401.804107666,214.082748413,-0.890780449,-0.028234113,-0.033219025,0.466817141,0.883278608
1713723178831440384.000000,-404.277832031,211.909790039,-4.524383545,-0.015097430,-0.030648440,0.459333211,0.887606740
1713723178864676096.000000,-404.684570312,211.807647705,-4.728387833,-0.014782981,-0.030920595,0.459246486,0.887647569
1713723178897910272.000000,-405.089843750,211.703186035,-4.932690620,-0.015225444,-0.031893522,0.459881812,0.887276590
1713723178931143936.000000,-405.009399414,211.871261597,-4.404010773,-0.017975461,-0.030027658,0.462631881,0.885859549
1713723178964376576.000000,-405.378906250,212.089111328,-4.392658234,-0.014190643,-0.027920723,0.463344187,0.885624766
1713723178997608192.000000,-405.787933350,211.983215332,-4.598508835,-0.014903003,-0.030079812,0.463515222,0.885452926
1713723179030839296.000000,-406.192199707,211.873962402,-4.802829742,-0.014821528,-0.030342281,0.464216560,0.885077834
1713723179064068864.000000,-406.651367188,211.579010010,-5.155184746,-0.013425124,-0.027075289,0.463864297,0.885390699
1713723179097297408.000000,-404.171020508,215.072784424,-0.307452202,-0.026372079,-0.031480551,0.475794882,0.878597021
1713723179130525696.000000,-404.570678711,214.952896118,-0.516857147,-0.027098663,-0.032646254,0.475808173,0.878525198
1713723179163752192.000000,-404.967956543,214.832031250,-0.725410461,-0.026086194,-0.031613812,0.475567102,0.878724158
1713723179196978688.000000,-405.365447998,214.719329834,-0.929195404,-0.024045406,-0.029933838,0.475357205,0.878954709
1713723179230203136.000000,-408.571350098,211.666732788,-5.789290428,-0.010236595,-0.027288809,0.463565886,0.885582983
1713723179263427584.000000,-408.976776123,211.561508179,-5.992958069,-0.010450157,-0.027812079,0.463152081,0.885780752
1713723179296650752.000000,-409.380035400,211.455230713,-6.196050644,-0.009444781,-0.027120635,0.462504774,0.886151612
1713723179329872640.000000,-409.775939941,211.362930298,-6.391267776,-0.008011189,-0.025335683,0.461675793,0.886650681
1713723179363093504.000000,-408.652526855,212.982070923,-3.914720535,-0.017193107,-0.028073847,0.467102140,0.883590400
1713723179396313856.000000,-409.050903320,212.869613647,-4.118658066,-0.017192537,-0.028700158,0.466430753,0.883924901
1713723179429533184.000000,-409.446685791,212.756362915,-4.322478294,-0.015467311,-0.026854588,0.465610236,0.884447157
1713723179462750208.000000,-409.850097656,212.650817871,-4.520853043,-0.013895310,-0.026833788,0.464671344,0.884967506
1713723179495997952.000000,-407.745391846,214.987823486,-1.315262794,-0.025916217,-0.032829046,0.473433882,0.879835784
1713723179529243904.000000,-408.137695312,214.862854004,-1.522813797,-0.025132952,-0.032682434,0.472778440,0.880216420
1713723179562489600.000000,-408.528717041,214.737823486,-1.731371880,-0.023355799,-0.030840572,0.471728534,0.880894780
1713723179595733760.000000,-408.923889160,214.611999512,-1.941110611,-0.023179531,-0.032448083,0.470753729,0.881363034
1713723179628977408.000000,-413.418518066,212.046203613,-7.043181419,-0.008475216,-0.029587314,0.457791537,0.888526678
1713723179662220032.000000,-413.816253662,211.939468384,-7.244642258,-0.006835210,-0.028423471,0.456673682,0.889153898
1713723179695461632.000000,-414.215026855,211.832260132,-7.447426319,-0.005420050,-0.028275101,0.455560356,0.889739275
1713723179728701952.000000,-414.615417480,211.725296021,-7.650875092,-0.006429798,-0.029581338,0.454585671,0.890188515
1713723179761942016.000000,-415.040100098,211.782424927,-7.771190643,-0.006356766,-0.029905483,0.454292148,0.890327990
1713723179795180288.000000,-415.438232422,211.680023193,-7.971591473,-0.004609632,-0.028711632,0.453435630,0.890814602
1713723179828418560.000000,-415.838165283,211.577362061,-8.172938347,-0.003941436,-0.028925689,0.452432364,0.891320825
1713723179861655296.000000,-416.238189697,211.473739624,-8.374556541,-0.004264227,-0.030011237,0.451763719,0.891622543
1713723179894891008.000000,-411.157867432,215.618774414,-1.116773605,-0.026713613,-0.035148516,0.469648242,0.881749153
1713723179928126208.000000,-411.544586182,215.497787476,-1.323434830,-0.024574621,-0.032850951,0.468790174,0.882356346
1713723179961360128.000000,-411.935363770,215.376693726,-1.531255722,-0.024745062,-0.034685478,0.467837930,0.882786751
1713723179994593024.000000,-417.862121582,211.164520264,-9.128850937,-0.002798638,-0.030171754,0.448845834,0.893095374
1713723180027825664.000000,-418.221649170,211.859481812,-8.751027107,-0.002149159,-0.029802188,0.449536085,0.892762303
1713723180061056768.000000,-418.622741699,211.766021729,-8.948968887,-0.000150014,-0.028845115,0.448382735,0.893376172
1713723180094287104.000000,-419.026275635,211.673019409,-9.147437096,-0.002189069,-0.031083375,0.447456390,0.893762767
1713723180127516416.000000,-419.429870605,211.594665527,-9.334182739,-0.001790032,-0.030936942,0.447085291,0.893954396
1713723180160745216.000000,-413.441284180,216.024017334,-1.005214691,-0.027827367,-0.035679508,0.467040986,0.883077204
1713723180193972224.000000,-413.832794189,215.906585693,-1.210273743,-0.027508102,-0.036905915,0.466146380,0.883509398
1713723180227198976.000000,-414.222259521,215.788925171,-1.415297508,-0.027982716,-0.036985189,0.465317398,0.883928061
1713723180260424960.000000,-414.619903564,215.707870483,-1.607948303,-0.028137662,-0.036756977,0.465104342,0.884044826
1713723180293649408.000000,-415.034179688,215.780410767,-1.709731102,-0.027193055,-0.036744300,0.464445680,0.884421110
1713723180326873344.000000,-415.426391602,215.673385620,-1.913122177,-0.027216874,-0.037526488,0.463443369,0.884913206
1713723180360096256.000000,-415.818054199,215.565277100,-2.116278648,-0.027805548,-0.038396448,0.462788552,0.885200202
1713723180393317632.000000,-416.219940186,215.339981079,-2.376861572,-0.027721163,-0.036507115,0.462205917,0.885587096
1713723180426538752.000000,-416.635528564,215.383331299,-2.517570496,-0.025751134,-0.036335200,0.461420119,0.886063278
1713723180459769088.000000,-417.032836914,215.282928467,-2.717221260,-0.027232563,-0.038180709,0.460885823,0.886219501
1713723180493016064.000000,-417.427551270,215.181045532,-2.916527748,-0.027235581,-0.037348792,0.460361481,0.886527359
1713723180526262016.000000,-417.832366943,215.103469849,-3.109482765,-0.025979130,-0.036167145,0.459900260,0.886853337
1713723180559507712.000000,-417.117614746,216.535400391,-1.208612442,-0.033092905,-0.038621202,0.464221239,0.884257853
1713723180592751616.000000,-417.512573242,216.433120728,-1.410321236,-0.033299189,-0.038981304,0.463761538,0.884475470
1713723180625995008.000000,-417.906250000,216.330215454,-1.611640930,-0.032468375,-0.037912279,0.462938935,0.884983599
1713723180659237120.000000,-418.300628662,216.226715088,-1.814429283,-0.031504102,-0.037607431,0.462104470,0.885467529
1713723180692478464.000000,-420.782257080,214.018295288,-5.431974411,-0.019900188,-0.037070006,0.452285439,0.890880346
1713723180725719040.000000,-421.180664062,213.929534912,-5.628803253,-0.019254275,-0.037019834,0.451368660,0.891361415
1713723180758958336.000000,-421.578063965,213.839202881,-5.826098442,-0.017902439,-0.036335751,0.450705677,0.891753137
1713723180792196864.000000,-421.976074219,213.765884399,-6.020846367,-0.017666701,-0.035551295,0.449930578,0.892180800
1713723180825433856.000000,-421.420318604,214.611999512,-4.698060036,-0.023358248,-0.037516657,0.452847034,0.890492320
1713723180858670592.000000,-421.814453125,214.520095825,-4.896834373,-0.022123357,-0.036802698,0.451827943,0.891071081
1713723180891906560.000000,-422.208587646,214.428009033,-5.096747398,-0.020332756,-0.035896957,0.450775862,0.891683340
1713723180925140736.000000,-422.610351562,214.344711304,-5.288741112,-0.021135632,-0.037406664,0.449951023,0.892019093
1713723180958374400.000000,-420.611785889,217.122070312,-1.248822212,-0.034752708,-0.039716884,0.460036218,0.886330426
1713723180991607552.000000,-421.000701904,217.016357422,-1.451692581,-0.033111602,-0.038943574,0.459127009,0.886898816
1713723181024838912.000000,-421.390838623,216.911331177,-1.655790329,-0.033013005,-0.039484486,0.458170205,0.887373269
1713723181058070016.000000,-421.784729004,216.825210571,-1.847560883,-0.032645125,-0.039258167,0.457166761,0.887914240
1713723181091299840.000000,-422.168334961,216.801483154,-2.025446892,-0.031306624,-0.038672686,0.456389010,0.888388038
1713723181124528384.000000,-422.558471680,216.700027466,-2.227106094,-0.029939510,-0.039109901,0.455529183,0.888857245
1713723181157756672.000000,-422.948242188,216.599822998,-2.429245949,-0.030069303,-0.038820107,0.454381377,0.889452875
1713723181190983168.000000,-423.337493896,216.511505127,-2.630130768,-0.029272350,-0.038163707,0.453631401,0.889890671
1713723181224209664.000000,-422.932037354,216.604293823,-3.759614944,-0.024212787,-0.042517155,0.454292357,0.889508069
1713723181257434368.000000,-423.318389893,216.506317139,-3.964653015,-0.022791330,-0.041042596,0.453599721,0.889968276
1713723181290658816.000000,-423.705780029,216.408889771,-4.170271873,-0.022786647,-0.040663153,0.452619463,0.890484691
1713723181323881728.000000,-424.093505859,216.310134888,-4.377002716,-0.022332698,-0.040994614,0.451734692,0.890930176
1713723181357103872.000000,-425.291168213,216.204788208,-3.569492340,-0.026306912,-0.037905663,0.449515641,0.892080069
1713723181390324480.000000,-425.676177979,216.110855103,-3.772554398,-0.023985069,-0.035371214,0.448622316,0.892699122
1713723181423544832.000000,-426.065063477,216.017242432,-3.976971626,-0.024869643,-0.037160028,0.447587669,0.893121481
1713723181456790016.000000,-426.452148438,215.922210693,-4.181430817,-0.024853457,-0.037597924,0.446809322,0.893493235
1713723181490033920.000000,-425.130371094,217.178359985,-3.738915443,-0.022967190,-0.039284810,0.452177703,0.890766263
1713723181523276544.000000,-425.512420654,217.082870483,-3.945814133,-0.020714631,-0.038829867,0.450813532,0.891532600
1713723181556518656.000000,-425.896392822,216.986968994,-4.153995514,-0.022479080,-0.041082695,0.450061917,0.891768575
1713723181589759232.000000,-426.276214600,216.889770508,-4.360779762,-0.021739835,-0.039532322,0.449448317,0.892166376
1713723181622999552.000000,-428.350006104,215.927825928,-4.935590744,-0.019309605,-0.034393582,0.443742216,0.895286083
1713723181656238592.000000,-428.735626221,215.839965820,-5.142694473,-0.019744439,-0.036308497,0.442594647,0.895768821
1713723181689476608.000000,-429.118865967,215.749755859,-5.349685669,-0.019474782,-0.036371410,0.442044824,0.896043718
1713723181722713344.000000,-429.507019043,215.677429199,-5.546247482,-0.018843938,-0.033941422,0.441250324,0.896543980
1713723181755949568.000000,-429.778503418,215.918670654,-5.473871231,-0.017453447,-0.034823239,0.441137642,0.896593690
1713723181789184256.000000,-430.163604736,215.833724976,-5.680046082,-0.018096471,-0.035983175,0.440217793,0.896987200
1713723181822418432.000000,-430.546325684,215.747421265,-5.886217117,-0.016989874,-0.035060514,0.439289987,0.897500157
1713723181855651584.000000,-430.940002441,215.682815552,-6.082715988,-0.016077228,-0.034413099,0.438620090,0.897869527
1713723181888883712.000000,-428.106384277,218.257781982,-3.589715004,-0.023702748,-0.038618226,0.449427068,0.892167151
1713723181922115072.000000,-428.487426758,218.165039062,-3.798719406,-0.023283482,-0.039277688,0.448645830,0.892542481
1713723181955345152.000000,-428.866699219,218.073059082,-4.007868767,-0.022597434,-0.037651684,0.447742820,0.893083453
1713723181988574464.000000,-429.240997314,218.009841919,-4.193054199,-0.021380398,-0.037657376,0.447292984,0.893338561
1713723182021803008.000000,-432.811035156,216.051040649,-6.571765900,-0.015106940,-0.035006240,0.435716271,0.899276197
1713723182055030016.000000,-433.192016602,215.977340698,-6.771069527,-0.013991856,-0.034882143,0.434931815,0.899678767
1713723182088256512.000000,-433.572540283,215.904495239,-6.970829964,-0.013435731,-0.034177288,0.433559239,0.900376558
1713723182121482240.000000,-433.945983887,215.862777710,-7.141617775,-0.013079361,-0.035008237,0.432816714,0.900707006
1713723182154706176.000000,-433.820739746,216.833358765,-6.202300072,-0.016126012,-0.036570612,0.434613138,0.899729967
1713723182187929600.000000,-434.195617676,216.765686035,-6.395325661,-0.014856114,-0.035732135,0.433584481,0.900281668
1713723182221152000.000000,-434.571411133,216.698348999,-6.589483261,-0.014594829,-0.035846800,0.432364285,0.900868058
1713723182254374144.000000,-434.950469971,216.657150269,-6.762620926,-0.014732162,-0.036530212,0.431667954,0.901172221
1713723182287594240.000000,-431.032165527,219.376312256,-3.578792572,-0.024733320,-0.038530111,0.446121752,0.893800437
1713723182320813568.000000,-431.402252197,219.299377441,-3.771390915,-0.022771725,-0.038120329,0.445360243,0.894249797
1713723182354032640.000000,-431.773651123,219.222854614,-3.964917183,-0.023314888,-0.039650947,0.444215715,0.894738317
1713723182387249920.000000,-432.143005371,219.145385742,-4.158805847,-0.022329718,-0.039185002,0.443476707,0.895150483
1713723182420470528.000000,-436.832214355,216.420547485,-7.683037758,-0.009950699,-0.036083251,0.428028136,0.902989984
1713723182453839104.000000,-432.193237305,219.876998901,-3.536176682,-0.021055838,-0.038103640,0.445807248,0.894069731
1713723182487088640.000000,-432.563812256,219.805603027,-3.730650902,-0.022895891,-0.038872391,0.444720536,0.894532502
1713723182520337408.000000,-432.933471680,219.731765747,-3.924885750,-0.023154432,-0.039820239,0.444117010,0.894783914
1713723182553585408.000000,-433.299377441,219.655776978,-4.118125916,-0.020008359,-0.037659060,0.443561494,0.895228803
1713723182586832128.000000,-438.731475830,216.195053101,-8.610416412,-0.004301997,-0.033268526,0.424294591,0.904902637
1713723182620077568.000000,-439.360015869,215.931671143,-9.084743500,-0.005739128,-0.035912409,0.422547460,0.905610859
1713723182653322752.000000,-439.734619141,215.880874634,-9.273837090,-0.005087960,-0.034127042,0.421945393,0.905964494
1713723182686566656.000000,-440.108734131,215.827865601,-9.463179588,-0.002090616,-0.033368871,0.421175539,0.906362772
1713723182719809536.000000,-440.484710693,215.777633667,-9.654370308,-0.002889304,-0.033733025,0.420232892,0.906784534
1713723182753051392.000000,-440.862640381,215.742828369,-9.830830574,-0.004768323,-0.034436047,0.419281244,0.907190561
1713723182786292736.000000,-436.521514893,218.789489746,-6.128285408,-0.016551172,-0.038030267,0.435350984,0.899304926
1713723182819532800.000000,-436.887634277,218.721862793,-6.321641922,-0.013195910,-0.035684243,0.434461892,0.899886370
1713723182852772352.000000,-437.257690430,218.657012939,-6.516892433,-0.015730485,-0.037114501,0.433186948,0.900402248
1713723182886010368.000000,-437.626281738,218.590011597,-6.711759567,-0.015936213,-0.037622493,0.432663113,0.900629342
1713723182919248384.000000,-437.993682861,218.547943115,-6.893815994,-0.014356161,-0.034010276,0.431697190,0.901262939
1713723182952484352.000000,-437.310272217,220.242324829,-4.172927856,-0.023962459,-0.037962481,0.437304288,0.898192465
1713723182985719808.000000,-437.674041748,220.172988892,-4.370214462,-0.024378153,-0.037359640,0.436404914,0.898643851
1713723183018954496.000000,-438.036926270,220.102188110,-4.566897392,-0.023331838,-0.037350073,0.435653806,0.899036407
1713723183052188160.000000,-438.398590088,220.031356812,-4.764406204,-0.021957388,-0.036039297,0.434708655,0.899581850
1713723183085420800.000000,-438.730529785,220.138000488,-4.786092758,-0.022649333,-0.036793038,0.433797359,0.899973989
1713723183118652928.000000,-439.092651367,220.074737549,-4.978048325,-0.022327552,-0.036874309,0.432777524,0.900469542
1713723183151883520.000000,-439.453491211,220.010498047,-5.169816971,-0.020770330,-0.036041692,0.432093680,0.900868893
1713723183185113344.000000,-439.823730469,219.876510620,-5.452293396,-0.020916855,-0.035460088,0.431150556,0.901340306
1713723183218342656.000000,-441.186340332,218.631317139,-8.062113762,-0.010216283,-0.034899905,0.424673975,0.904615819
1713723183251570176.000000,-441.546051025,218.585418701,-8.245271683,-0.010382210,-0.034689903,0.423819900,0.905022442
1713723183284797440.000000,-441.904449463,218.537811279,-8.429004669,-0.008826005,-0.034044608,0.423300564,0.905306458
1713723183318023680.000000,-442.262817383,218.490982056,-8.612736702,-0.008713448,-0.033518191,0.422620058,0.905645013
1713723183351248640.000000,-439.250518799,222.020309448,-3.902864456,-0.025433999,-0.035312325,0.438793451,0.897533536
1713723183384473088.000000,-439.605133057,221.958389282,-4.087078094,-0.024721431,-0.035344858,0.438106567,0.897887647
1713723183417696768.000000,-439.958404541,221.896682739,-4.271492004,-0.024136620,-0.034235463,0.437178791,0.898398638
1713723183450918656.000000,-440.310729980,221.833816528,-4.456404686,-0.021834759,-0.033436269,0.436445385,0.898844063
1713723183484123648.000000,-442.957885742,219.862060547,-6.637137413,-0.014302799,-0.032659963,0.424789280,0.904589951
1713723183517717248.000000,-443.325439453,219.807327271,-6.829685211,-0.012911168,-0.032417431,0.423903167,0.905035138
1713723183551311104.000000,-443.691833496,219.753067017,-7.021800041,-0.011638391,-0.031269625,0.422929287,0.905548275
1713723183584906240.000000,-444.030059814,219.735137939,-7.169790268,-0.009687738,-0.030006928,0.422362655,0.905878365
1713723183618503168.000000,-441.002410889,222.934921265,-3.904870033,-0.022859152,-0.033244342,0.437953889,0.898091733
1713723183652101120.000000,-441.354156494,222.874740601,-4.088343620,-0.021253617,-0.032729179,0.437128186,0.898552179
1713723183685700096.000000,-441.705200195,222.814407349,-4.271698952,-0.019684495,-0.032164127,0.436190635,0.899063826
1713723183719300864.000000,-442.041198730,222.772872925,-4.418734550,-0.018849874,-0.031401694,0.435594112,0.899397850
1713723183752902144.000000,-445.804107666,219.697006226,-7.881762505,-0.007469396,-0.030838758,0.418420762,0.907698929
1713723183786505216.000000,-446.152923584,219.658935547,-8.050454140,-0.006189339,-0.029651370,0.417685509,0.908086598
1713723183820109056.000000,-446.500793457,219.619308472,-8.219761848,-0.003620911,-0.028661072,0.416913062,0.908487201
1713723183853714688.000000,-446.850982666,219.581878662,-8.389985085,-0.004808667,-0.029839976,0.415951997,0.908884168
1713723183887321344.000000,-442.960449219,223.667953491,-4.004922867,-0.020084802,-0.032526821,0.436453015,0.898914576
1713723183920929280.000000,-443.304199219,223.613311768,-4.178273201,-0.019539859,-0.030940890,0.435204625,0.899587631
1713723183954537984.000000,-443.649383545,223.557052612,-4.352704048,-0.018379299,-0.032085389,0.434308976,0.900004745
1713723183988148736.000000,-448.258789062,219.492141724,-9.039199829,-0.002195684,-0.029132765,0.412783325,0.910360575
1713723184021760256.000000,-448.555908203,219.749328613,-8.988680840,0.000446161,-0.028508276,0.412803620,0.910373688
1713723184055373056.000000,-448.904663086,219.719314575,-9.156665802,-0.000339919,-0.028572034,0.411678225,0.910881221
1713723184088986880.000000,-449.253051758,219.687179565,-9.325286865,0.000364034,-0.029532105,0.411098063,0.911112607
1713723184122601984.000000,-449.665496826,219.396240234,-9.685699463,0.001501692,-0.027366981,0.409931839,0.911704361
1713723184156218880.000000,-446.601074219,222.503677368,-6.433634758,-0.008571311,-0.029354259,0.425876856,0.904264271
1713723184189836800.000000,-446.946044922,222.458862305,-6.604743004,-0.008923276,-0.029454736,0.425163060,0.904593408
1713723184223456000.000000,-447.289672852,222.413543701,-6.775794983,-0.008081427,-0.029109478,0.424480408,0.904933035
1713723184257075712.000000,-447.631225586,222.381301880,-6.937170982,-0.006974493,-0.027995676,0.423927695,0.905236423
1713723184290697216.000000,-445.803344727,225.040023804,-8.764431953,0.001225352,-0.030087380,0.434074044,0.900373816
1713723184324319744.000000,-446.144866943,224.992736816,-8.933113098,0.001943629,-0.029775290,0.433134317,0.900835395
1713723184357944064.000000,-446.485992432,224.945144653,-9.101341248,0.002254880,-0.030015424,0.432405949,0.901176572
1713723184391569408.000000,-446.828918457,224.912673950,-9.259539604,0.003103746,-0.028934047,0.431552231,0.901618540
1713723184425195776.000000,-449.458740234,222.500534058,-7.571480751,-0.004394434,-0.028554425,0.419422090,0.907331526
1713723184458823168.000000,-449.799011230,222.464309692,-7.739168167,-0.004206751,-0.027587203,0.418611914,0.907736421
1713723184492655360.000000,-450.141021729,222.426696777,-7.907744408,-0.003516695,-0.028081253,0.418044895,0.907985508
1713723184525871872.000000,-450.481933594,222.403793335,-8.067680359,-0.003133179,-0.026631981,0.417215228,0.908412099
1713723184559087616.000000,-447.848144531,225.781326294,-8.982254982,0.002332776,-0.029124273,0.431985885,0.901407003
1713723184592301312.000000,-448.183258057,225.740295410,-9.147628784,0.001496809,-0.028608426,0.431348026,0.901730716
1713723184625514496.000000,-448.517303467,225.697265625,-9.312717438,0.002261951,-0.028530031,0.430618614,0.902080178
1713723184658725888.000000,-451.832916260,222.294601440,-8.717364311,-0.002425489,-0.025968939,0.414302409,0.909765542
1713723184691936768.000000,-452.201446533,222.496429443,-8.803703308,-0.000654787,-0.026892975,0.413419396,0.910143256
1713723184725146368.000000,-452.537078857,222.466949463,-8.968648911,-0.001256813,-0.027582034,0.412463307,0.910555661
1713723184758353920.000000,-452.870574951,222.436477661,-9.133445740,-0.000523921,-0.026991785,0.411564797,0.910980582
1713723184791561216.000000,-453.217407227,222.420394897,-9.284898758,0.001041061,-0.026089415,0.410624027,0.911430895
1713723184824766720.000000,-449.596130371,226.807723999,-8.871819496,0.001177590,-0.028120324,0.430407196,0.902195990
1713723184857970688.000000,-449.931335449,226.767532349,-9.035518646,0.000977820,-0.028624773,0.429869771,0.902436554
1713723184891174144.000000,-450.264556885,226.726837158,-9.198562622,0.001654982,-0.027809650,0.429132044,0.902812064
1713723184924376064.000000,-454.570800781,222.357589722,-9.917905807,0.003979800,-0.024957716,0.407738864,0.912748814
1713723184957576448.000000,-450.936523438,226.739944458,-9.508577347,0.002490660,-0.028391602,0.426699400,0.903944373
1713723184990775808.000000,-451.269439697,226.704940796,-9.670945168,0.003073309,-0.028278245,0.425256699,0.904625714
1713723185023974144.000000,-451.600372314,226.671051025,-9.832889557,0.003863323,-0.026787147,0.422865629,0.905788183
1713723185057171200.000000,-451.934844971,226.653198242,-9.993737221,0.004831729,-0.026994701,0.420305759,0.906968057
1713723185090366720.000000,-452.173217773,226.784027100,-10.062471390,0.004645430,-0.027468756,0.416395068,0.908756912
1713723185123561728.000000,-452.502044678,226.755905151,-10.224942207,0.006388246,-0.026226159,0.412552863,0.910533607
1713723185156754432.000000,-452.831695557,226.728607178,-10.387248993,0.006495087,-0.026889801,0.408521563,0.912329435
1713723185189946624.000000,-453.158752441,226.719436646,-10.547970772,0.007328402,-0.026278805,0.404455662,0.914150596
1713723185223137024.000000,-452.364929199,228.255493164,-8.868320465,0.000703754,-0.027145714,0.407295018,0.912892878
1713723185256326912.000000,-452.688781738,228.228851318,-9.033422470,0.000867347,-0.026540384,0.402934968,0.914843321
1713723185289515008.000000,-453.012145996,228.201690674,-9.198514938,0.001117793,-0.027225539,0.398739576,0.916659296
1713723185322702080.000000,-454.454681396,226.690963745,-11.194272995,0.008901294,-0.024342224,0.387994558,0.921297252
1713723185355887872.000000,-457.267395020,224.302154541,-10.068963051,0.002868917,-0.023278296,0.370776355,0.928425968
1713723185389072640.000000,-457.589111328,224.299118042,-10.232765198,0.002684762,-0.023090987,0.367040068,0.929914594
1713723185422255872.000000,-457.909240723,224.294921875,-10.395847321,0.003722084,-0.023222387,0.363791317,0.931183577
1713723185455438080.000000,-458.216461182,224.311553955,-10.551893234,0.005274783,-0.021184666,0.361340523,0.932178319
1713723185488612352.000000,-453.646453857,229.515777588,-8.986763000,-0.000487397,-0.026756618,0.385788441,0.922199130
1713723185521827840.000000,-453.958801270,229.501480103,-9.152814865,-0.000172788,-0.026215985,0.383757502,0.923061728
1713723185555042816.000000,-454.269104004,229.486007690,-9.317708969,0.001495459,-0.025754794,0.382088900,0.923765481
1713723185588256000.000000,-454.556915283,229.497238159,-9.461011887,0.002712948,-0.025253832,0.380453289,0.924451292
1713723185621468416.000000,-457.050445557,227.261672974,-12.128091812,0.010171935,-0.022752257,0.366232663,0.930189490
1713723185654678784.000000,-457.352844238,227.268615723,-12.282467842,0.010545125,-0.022283033,0.364710271,0.930794716
1713723185687888384.000000,-457.652191162,227.273284912,-12.436548233,0.014389171,-0.020934790,0.363903224,0.931090295
1713723185721096704.000000,-455.759643555,229.535659790,-10.065874100,0.003497729,-0.023773937,0.376046389,0.926289260
1713723185754304000.000000,-455.225189209,230.603042603,-8.903847694,-0.002449019,-0.027097672,0.380413651,0.924416125
1713723185787509760.000000,-455.520690918,230.604232788,-9.060151100,-0.001694843,-0.027005853,0.379888743,0.924636364
1713723185820713984.000000,-455.812896729,230.604660034,-9.217000961,0.002126100,-0.025078908,0.379445732,0.924871683
1713723185853917952.000000,-456.108245850,230.623001099,-9.363339424,-0.000755472,-0.026128497,0.379277766,0.924913585
1713723185887119872.000000,-459.529663086,227.741958618,-12.985603333,0.012818477,-0.020366238,0.361916184,0.931900024
1713723185920320512.000000,-459.822143555,227.763366699,-13.132034302,0.014653023,-0.019477919,0.361360312,0.932107687
1713723185953520384.000000,-460.113342285,227.786682129,-13.279628754,0.015646936,-0.018167214,0.360704452,0.932371974
1713723185986718720.000000,-460.397613525,227.821487427,-13.414176941,0.014433278,-0.019792572,0.360830218,0.932309747
1713723186019915520.000000,-460.656982422,227.973754883,-13.454521179,0.015081248,-0.018642576,0.360495001,0.932452917
1713723186053111552.000000,-460.941040039,228.000595093,-13.597486496,0.018107088,-0.017622545,0.360541850,0.932400763
1713723186086306048.000000,-461.225494385,228.030731201,-13.741715431,0.017132662,-0.017522097,0.360208362,0.932550013
1713723186119499776.000000,-461.511993408,228.074371338,-13.877578735,0.016557824,-0.018587425,0.360446632,0.932447672
1713723186152691968.000000,-457.491912842,232.307189941,-8.811006546,-0.002409026,-0.025921598,0.384583324,0.922723174
1713723186185882880.000000,-457.768005371,232.321975708,-8.962008476,0.000366690,-0.024317622,0.384599090,0.922763288
1713723186219072256.000000,-458.046234131,232.340316772,-9.113580704,-0.001402429,-0.025506718,0.384416014,0.922806501
1713723186252260608.000000,-458.336517334,232.375915527,-9.254217148,-0.000969500,-0.026146233,0.384871393,0.922599375
1713723186285448192.000000,-458.281341553,232.855514526,-8.798109055,-0.000444277,-0.025696218,0.386624038,0.921879232
1713723186318633728.000000,-458.558135986,232.879196167,-8.947319031,0.000227765,-0.025235789,0.386595339,0.921904147
1713723186351818240.000000,-458.835601807,232.904983521,-9.097015381,-0.001206366,-0.026109904,0.386805385,0.921790898
1713723186385001984.000000,-459.453918457,232.506637573,-9.821607590,0.001564492,-0.025354292,0.384681076,0.922699928
1713723186418183936.000000,-459.715484619,232.611282349,-9.914478302,0.006137576,-0.024088534,0.384771883,0.922676921
1713723186451365120.000000,-459.990264893,232.644622803,-10.059501648,0.004438571,-0.024085566,0.384861857,0.922649205
1713723186484528896.000000,-460.264770508,232.677291870,-10.205139160,0.004173966,-0.025649356,0.385400206,0.922383547
1713723186517743872.000000,-460.536651611,232.666320801,-10.384407997,0.005312188,-0.024268981,0.385541201,0.922356069
1713723186550957568.000000,-460.778015137,232.871307373,-10.416313171,0.008817529,-0.023303062,0.385880709,0.922212183
1713723186584170240.000000,-461.048278809,232.910568237,-10.560838699,0.006285476,-0.025001824,0.385965079,0.922153115
1713723186617382144.000000,-461.315856934,232.948989868,-10.705617905,0.006664464,-0.025215894,0.386277348,0.922013938
1713723186650592000.000000,-461.583007812,232.999588013,-10.844661713,0.009720056,-0.023293480,0.386688203,0.921865106
1713723186683800832.000000,-460.579162598,234.532089233,-8.793906212,0.001147593,-0.026034953,0.394740462,0.918423057
1713723186717009152.000000,-460.844055176,234.570617676,-8.941335678,0.000542886,-0.027623845,0.395206422,0.918176770
1713723186750215168.000000,-461.105010986,234.610015869,-9.088037491,0.001216189,-0.025827929,0.395279527,0.918196917
1713723186783420672.000000,-461.362915039,234.655120850,-9.223930359,0.003982322,-0.025295436,0.395988643,0.917898297
1713723186816624128.000000,-461.638763428,234.760620117,-9.332592964,0.003172274,-0.025659367,0.396001577,0.917885780
1713723186849826816.000000,-461.897003174,234.803161621,-9.476598740,0.004525235,-0.026402086,0.396498501,0.917644501
1713723186883028224.000000,-462.152893066,234.847854614,-9.620114326,0.004471985,-0.025310038,0.396673381,0.917599976
1713723186916228864.000000,-462.406677246,234.897583008,-9.754281998,0.006424004,-0.025034025,0.397340208,0.917307377
1713723186949427968.000000,-464.067565918,234.122650146,-11.382106781,0.012084319,-0.021874204,0.390395015,0.920308232
1713723186982625536.000000,-464.321472168,234.174880981,-11.520059586,0.012988993,-0.023072928,0.390909374,0.920048296
1713723187015821568.000000,-464.572784424,234.228897095,-11.657670975,0.012986212,-0.021968694,0.391099781,0.919994473
1713723187049016832.000000,-464.821411133,234.298706055,-11.791299820,0.015780037,-0.022122517,0.391608715,0.919730544
1713723187082211072.000000,-462.575927734,236.625717163,-9.463815689,0.004621842,-0.026784020,0.406393737,0.913293719
1713723187115403776.000000,-462.822906494,236.675567627,-9.605601311,0.006291960,-0.027279796,0.407064348,0.912970364
1713723187148594944.000000,-463.068420410,236.727935791,-9.746617317,0.006178395,-0.026379213,0.407230020,0.912923753
1713723187181784832.000000,-463.318267822,236.790985107,-9.880726814,0.008762528,-0.026212055,0.407724977,0.912686467
1713723187214973696.000000,-466.070007324,234.549346924,-12.791296005,0.019020135,-0.022621408,0.393262833,0.918951035
1713723187248161280.000000,-466.315277100,234.616210938,-12.925523758,0.020588227,-0.023439959,0.394030511,0.918567777
1713723187281348096.000000,-466.558013916,234.685119629,-13.058533669,0.020906797,-0.022218153,0.394706339,0.918300748
1713723187314533120.000000,-466.798919678,234.751556396,-13.191840172,0.024381854,-0.021818802,0.395213038,0.918006659
1713723187347717120.000000,-467.090148926,234.933090210,-13.194349289,0.021029592,-0.021847012,0.396080881,0.917714775
1713723187380899328.000000,-467.335601807,235.006561279,-13.326660156,0.020432195,-0.022917226,0.396763414,0.917407274
1713723187414080512.000000,-467.577331543,235.078674316,-13.457138062,0.023312112,-0.021769360,0.397439629,0.917073846
1713723187447261184.000000,-467.816833496,235.236328125,-13.309987068,0.023625810,-0.020272715,0.398387611,0.916688681
1713723187480439552.000000,-464.575378418,238.535324097,-9.389962196,0.004575556,-0.029224813,0.420165062,0.906965435
1713723187513696512.000000,-464.815185547,238.599380493,-9.527375221,0.005790903,-0.028977796,0.420844406,0.906651437
1713723187547009536.000000,-465.052154541,238.663345337,-9.663375854,0.008784188,-0.027231619,0.421376497,0.906434298
1713723187580097792.000000,-468.762207031,235.462295532,-14.172526360,0.027173325,-0.021151081,0.400710016,0.915557623
1713723187613865728.000000,-469.119567871,235.921096802,-13.755306244,0.023544258,-0.021649359,0.401876569,0.915135086
1713723187647637504.000000,-469.360382080,236.007644653,-13.883453369,0.024426237,-0.021063624,0.402620733,0.914798439
1713723187681413120.000000,-469.598663330,236.092636108,-14.011162758,0.027713457,-0.020040721,0.403311163,0.914423585
1713723187715192320.000000,-469.841522217,236.187469482,-14.130716324,0.027170297,-0.019772364,0.403821528,0.914220452
1713723187748975360.000000,-467.603179932,238.306091309,-11.769443512,0.016243102,-0.026531622,0.418919802,0.907490194
1713723187782761472.000000,-467.840332031,238.386718750,-11.899852753,0.017574918,-0.025549131,0.419286251,0.907324374
1713723187816551424.000000,-468.075134277,238.466339111,-12.030262947,0.021223916,-0.024145111,0.419588596,0.907144964
1713723187850345472.000000,-468.319671631,238.550842285,-12.155783653,0.018341741,-0.024771228,0.420346618,0.906839967
1713723187884142592.000000,-466.736938477,240.184631348,-9.310911179,0.005584489,-0.027399080,0.432444900,0.901226699
1713723187917943808.000000,-466.971099854,240.258850098,-9.444649696,0.006345403,-0.025489762,0.432957053,0.901031733
1713723187951748096.000000,-467.205718994,240.332382202,-9.578793526,0.007791521,-0.025728313,0.433811992,0.900602341
1713723187985556480.000000,-467.444488525,240.430145264,-9.705708504,0.007318283,-0.025827810,0.433812410,0.900603235
1713723188019367936.000000,-467.191833496,241.151519775,-9.361723900,0.006725474,-0.028087243,0.437873662,0.898572505
1713723188053183232.000000,-467.424102783,241.231277466,-9.494035721,0.008600802,-0.028136984,0.438732207,0.898136139
1713723188087002880.000000,-467.655273438,241.312957764,-9.626564026,0.008942299,-0.027070420,0.439062953,0.898003936
1713723188120825600.000000,-467.896484375,241.394760132,-9.752765656,0.009037245,-0.027714951,0.439485073,0.897776783
1713723188154651392.000000,-470.550140381,239.411117554,-12.890469551,0.023169786,-0.023281785,0.425138474,0.904532194
1713723188188481280.000000,-470.779968262,239.501296997,-13.013193130,0.026851818,-0.022457942,0.425881833,0.904101372
1713723188222314752.000000,-471.010437012,239.594863892,-13.135944366,0.025926767,-0.021781832,0.426432639,0.903885245
1713723188256152064.000000,-471.241333008,239.687973022,-13.259391785,0.025392050,-0.023164719,0.427129626,0.903536975
1713723188289992704.000000,-471.561401367,240.037994385,-12.902753830,0.024968497,-0.022772357,0.427949160,0.903170824
1713723188323837440.000000,-471.786499023,240.130538940,-13.019422531,0.028287552,-0.021108791,0.428415745,0.902892172
1713723188357685248.000000,-472.014129639,240.225540161,-13.136033058,0.026857318,-0.022510944,0.428681433,0.902775824
1713723188391537152.000000,-472.252746582,240.325424194,-13.248549461,0.027084995,-0.022017583,0.429160267,0.902553678
1713723188425392384.000000,-469.345916748,242.782241821,-9.346394539,0.009483368,-0.026235729,0.448899448,0.893146753
1713723188459251712.000000,-469.572601318,242.865203857,-9.469867706,0.011685912,-0.024399158,0.449364364,0.892938852
1713723188493114112.000000,-469.801818848,242.949218750,-9.593378067,0.010366837,-0.025785144,0.449681163,0.892756701
1713723188526980096.000000,-470.029144287,243.028350830,-9.695550919,0.010279856,-0.026225939,0.449952990,0.892607987
1713723188560850176.000000,-470.325683594,243.187408447,-9.686643600,0.012821951,-0.025071025,0.450482070,0.892341316
1713723188595044352.000000,-470.552001953,243.270553589,-9.803958893,0.013819416,-0.024215158,0.450502187,0.892339885
1713723188628262400.000000,-470.774108887,243.351181030,-9.918025970,0.012357804,-0.027224988,0.451126724,0.891959012
1713723188661478400.000000,-470.950195312,243.370651245,-10.110252380,0.013390322,-0.025542855,0.451998293,0.891552508
1713723188694693888.000000,-471.242584229,243.554336548,-10.084990501,0.016445946,-0.023373336,0.452311426,0.891402006
1713723188727907328.000000,-471.465972900,243.637847900,-10.192115784,0.015795460,-0.025438547,0.452797472,0.891110480
1713723188761120256.000000,-471.686737061,243.720504761,-10.299043655,0.015746884,-0.026299700,0.453638583,0.890658438
1713723188794331904.000000,-471.904876709,243.803543091,-10.404516220,0.016722949,-0.025283203,0.454132140,0.890418589
1713723188827542272.000000,-472.129028320,243.907867432,-10.489894867,0.017573461,-0.024418546,0.454773992,0.890098631
1713723188860751104.000000,-471.114593506,245.203552246,-9.570693016,0.013541454,-0.030466763,0.463226795,0.885612428
1713723188893959168.000000,-471.332855225,245.287109375,-9.673581123,0.014315341,-0.030761300,0.463963419,0.885204375
1713723188927165952.000000,-471.548187256,245.371063232,-9.776484489,0.016226400,-0.028812841,0.464493603,0.884958923
1713723188960371200.000000,-471.765869141,245.455291748,-9.879398346,0.016213993,-0.029829964,0.465134472,0.884588778
1713723188993575936.000000,-474.684417725,243.683990479,-12.080951691,0.025399517,-0.024277123,0.450464338,0.892102838
1713723189026778624.000000,-474.901214600,243.778228760,-12.174505234,0.026938912,-0.024203030,0.450990021,0.891794026
1713723189059980288.000000,-475.116149902,243.873077393,-12.268307686,0.028495712,-0.022722023,0.451416612,0.891568720
1713723189093181440.000000,-475.333679199,243.968338013,-12.362359047,0.027844146,-0.024488270,0.451690465,0.891403794
1713723189126380800.000000,-472.286773682,246.396133423,-9.541588783,0.014468500,-0.033679415,0.471073806,0.881331921
1713723189159579136.000000,-472.500274658,246.478759766,-9.641352654,0.017493736,-0.032137275,0.470928937,0.881411970
1713723189192775936.000000,-472.715942383,246.563705444,-9.741607666,0.018096671,-0.032417361,0.469954818,0.881909370
1713723189225971968.000000,-472.931701660,246.648696899,-9.842163086,0.016868761,-0.034430373,0.468473792,0.882645071
1713723189259165952.000000,-475.098876953,245.363510132,-11.406188011,0.023913363,-0.027130112,0.455214620,0.889646947
1713723189292359680.000000,-475.311584473,245.452331543,-11.500063896,0.027902415,-0.026240170,0.452570081,0.890905917
1713723189325551872.000000,-475.526275635,245.544754028,-11.593761444,0.026292009,-0.027744027,0.448715091,0.892857075
1713723189358742784.000000,-475.723480225,245.449951172,-11.869974136,0.026031297,-0.026762933,0.443749011,0.895373166
1713723189391932416.000000,-475.821441650,245.760482788,-11.673053741,0.026426259,-0.026139721,0.440027624,0.897214651
1713723189425120768.000000,-476.032073975,245.856048584,-11.760627747,0.029233174,-0.025022222,0.434610575,0.899796128
1713723189458308096.000000,-476.244415283,245.954452515,-11.848014832,0.027107114,-0.025853319,0.428979874,0.902537048
1713723189491494144.000000,-476.686553955,246.015304565,-12.064874649,0.028412916,-0.025753289,0.422959745,0.905336738
1713723189524678912.000000,-474.295898438,247.950180054,-9.551574707,0.016856847,-0.032067522,0.432066798,0.901113689
1713723189557862400.000000,-474.509002686,248.044601440,-9.640567780,0.018253898,-0.032428142,0.426551133,0.903697610
1713723189591028736.000000,-474.720397949,248.141067505,-9.728761673,0.017757768,-0.031436294,0.420621425,0.906517625
1713723189624246784.000000,-474.929809570,248.235839844,-9.816764832,0.020306468,-0.030887917,0.414985150,0.909076929
1713723189657464064.000000,-477.533782959,246.721267700,-12.165569305,0.029598204,-0.021199765,0.395641744,0.917683065
1713723189690680064.000000,-477.740112305,246.826980591,-12.243783951,0.029980090,-0.021499306,0.390387535,0.919911206
1713723189723894016.000000,-477.943420410,246.932815552,-12.321695328,0.031264938,-0.019552663,0.385945737,0.921784222
1713723189757107456.000000,-478.147888184,247.039733887,-12.399241447,0.031141611,-0.019363254,0.382199377,0.923352063
1713723189790319616.000000,-478.397613525,247.236297607,-12.313999176,0.029853871,-0.019873545,0.380049646,0.924270570
1713723189823530752.000000,-478.595031738,247.339462280,-12.389318466,0.031891815,-0.018818231,0.378022611,0.925055563
1713723189856740352.000000,-478.791442871,247.444366455,-12.465023041,0.033147473,-0.017350912,0.376546293,0.925642014
1713723189889949184.000000,-478.989196777,247.551254272,-12.540609360,0.030817449,-0.018586785,0.375610143,0.926078737
1713723189923155968.000000,-475.962432861,249.668121338,-9.532552719,0.017257724,-0.030353904,0.393008739,0.918871641
1713723189956361984.000000,-476.156158447,249.765426636,-9.614953995,0.020159988,-0.028248277,0.392424136,0.919129431
1713723189989566976.000000,-476.351318359,249.865661621,-9.697515488,0.019310584,-0.028838962,0.391578019,0.919490159
1713723190022770944.000000,-476.556854248,249.969573975,-9.775326729,0.018369054,-0.029645026,0.390611619,0.919894814
1713723190055973376.000000,-479.744995117,248.629455566,-12.394047737,0.031199118,-0.017562242,0.374506891,0.926532686
1713723190089174272.000000,-479.936706543,248.736511230,-12.466423035,0.035362463,-0.016510412,0.373852283,0.926666796
1713723190122374656.000000,-480.129638672,248.848831177,-12.539041519,0.032869633,-0.016707167,0.373109907,0.927054226
1713723190155573248.000000,-480.327636719,248.967468262,-12.599933624,0.031549010,-0.017933026,0.372363210,0.927377403
1713723190188771072.000000,-480.799163818,248.903793335,-12.711540222,0.033478171,-0.016718447,0.368966013,0.928689301
1713723190221967104.000000,-480.986999512,249.018081665,-12.779348373,0.036105845,-0.016121177,0.367362589,0.929236889
1713723190255162112.000000,-481.175720215,249.136672974,-12.846906662,0.033648290,-0.017113283,0.364976674,0.930251062
1713723190288356608.000000,-481.369934082,249.255676270,-12.906284332,0.033838339,-0.016977118,0.362500578,0.931214333
1713723190321549056.000000,-477.704010010,251.271026611,-9.574675560,0.020666489,-0.028308170,0.379821748,0.924395502
1713723190354740736.000000,-477.891540527,251.381515503,-9.648702621,0.021001950,-0.028736398,0.376549989,0.925712347
1713723190387930880.000000,-478.078186035,251.494964600,-9.722442627,0.018807666,-0.029332295,0.373040497,0.927160561
1713723190421120256.000000,-478.260772705,251.617660522,-9.780468941,0.021960920,-0.027865678,0.370159030,0.928290665
1713723190454308096.000000,-478.427398682,251.751663208,-9.841235161,0.022909233,-0.025756987,0.366477430,0.929788172
1713723190487494656.000000,-478.610748291,251.871368408,-9.909719467,0.020256653,-0.027647570,0.362901092,0.931197166
1713723190520679936.000000,-478.788391113,251.989151001,-9.975909233,0.022184106,-0.025741056,0.359416038,0.932558477
1713723190553864192.000000,-478.964111328,252.106842041,-10.042379379,0.025297411,-0.024169922,0.356186658,0.933759570
1713723190586937088.000000,-479.105377197,252.272644043,-10.086745262,0.021890294,-0.025971010,0.353567928,0.934792042
1713723190620358400.000000,-479.282989502,252.396728516,-10.152755737,0.022288850,-0.025871497,0.351119459,0.935707748
1713723190653781248.000000,-479.456298828,252.520919800,-10.217793465,0.024388736,-0.023096604,0.348885536,0.936563194
1713723190687205376.000000,-479.631805420,252.647308350,-10.283384323,0.023283014,-0.024493929,0.346822113,0.937321901
1713723190720630528.000000,-478.194946289,253.582824707,-9.948215485,0.023016738,-0.030651646,0.352465689,0.935039401
1713723190754057984.000000,-478.361907959,253.709091187,-10.012627602,0.023301078,-0.029049020,0.350175261,0.935943663
1713723190787485952.000000,-478.527374268,253.834594727,-10.077527046,0.025291981,-0.028519599,0.348276436,0.936616540
1713723190820916224.000000,-478.692443848,253.963928223,-10.141796112,0.023330171,-0.028631866,0.346041381,0.937492073
1713723190854347520.000000,-478.832244873,254.117370605,-10.176561356,0.024004571,-0.029021543,0.344381928,0.938073874
1713723190887779840.000000,-478.991943359,254.247512817,-10.239948273,0.025935339,-0.028131470,0.342662364,0.938679218
1713723190921214464.000000,-479.150756836,254.380615234,-10.303627968,0.025306663,-0.027775913,0.341001630,0.939311504
1713723190954649600.000000,-479.309082031,254.521545410,-10.381191254,0.024858044,-0.029033912,0.339866877,0.939696610
1713723190988087296.000000,-481.011901855,253.890380859,-10.726092339,0.025190528,-0.021112099,0.331165969,0.942999899
1713723191021525504.000000,-481.160278320,254.030700684,-10.784698486,0.026684748,-0.020733254,0.330289662,0.943274558
1713723191054965248.000000,-481.307830811,254.174530029,-10.843033791,0.025126731,-0.020570576,0.329102814,0.943735600
1713723191088406784.000000,-479.864074707,255.084503174,-10.578678131,0.025939420,-0.027486265,0.335909665,0.941135705
1713723191121849600.000000,-479.934600830,255.128921509,-9.860282898,0.022029405,-0.027483033,0.334829211,0.941620350
1713723191155293696.000000,-480.073181152,255.272048950,-9.917278290,0.021954903,-0.028054386,0.334703982,0.941649735
1713723191188739840.000000,-480.209014893,255.416931152,-9.973940849,0.021400938,-0.027387887,0.334367394,0.941801727
1713723191222186496.000000,-480.345581055,255.564956665,-10.020720482,0.023023501,-0.027471155,0.334102273,0.941855073
1713723191255635200.000000,-480.588928223,255.785690308,-10.783815384,0.027194098,-0.023833960,0.333991677,0.941882193
1713723191289085440.000000,-480.722167969,255.934997559,-10.834604263,0.026393313,-0.025181007,0.334058106,0.941846311
1713723191322536704.000000,-480.851440430,256.084655762,-10.883912086,0.026922986,-0.024582624,0.333817720,0.941932440
1713723191355989760.000000,-480.983032227,256.231994629,-10.934421539,0.029438386,-0.022958770,0.333784074,0.941910088
1713723191389443840.000000,-481.069946289,256.171630859,-9.805095673,0.022002786,-0.027122332,0.332312137,0.942522645
1713723191422899712.000000,-481.195068359,256.324218750,-9.857280731,0.021499293,-0.027315453,0.332266152,0.942544937
1713723191456357120.000000,-481.316894531,256.476898193,-9.907597542,0.022389380,-0.026451841,0.331981212,0.942649245
1713723191489816064.000000,-481.442840576,256.625152588,-9.959723473,0.024635792,-0.025806289,0.332001984,0.942603707
1713723191523275776.000000,-483.198760986,256.228576660,-11.390448570,0.028441070,-0.016929820,0.325637609,0.944915175
1713723191556737536.000000,-483.316650391,256.384765625,-11.437199593,0.029185470,-0.016673207,0.325813621,0.944836318
1713723191590310144.000000,-483.431915283,256.541961670,-11.482683182,0.030639734,-0.015573919,0.325625747,0.944873869
1713723191623564800.000000,-483.542846680,256.697540283,-11.523930550,0.031643070,-0.015801594,0.325380623,0.944921494
1713723191656817920.000000,-483.750152588,256.832733154,-11.383142471,0.028505452,-0.016456351,0.324752986,0.945226014
1713723191690070528.000000,-483.858551025,256.991607666,-11.426066399,0.029034194,-0.016597716,0.324479878,0.945301175
1713723191723322368.000000,-483.963378906,257.150360107,-11.468400002,0.030973170,-0.015288755,0.324096739,0.945393205
1713723191756573184.000000,-484.070312500,257.310638428,-11.508054733,0.030555516,-0.015878154,0.323795885,0.945500135
1713723191789823232.000000,-482.618438721,257.818634033,-9.758689880,0.021502944,-0.027275356,0.329343885,0.943571091
1713723191823072768.000000,-482.719970703,257.979278564,-9.802336693,0.022380712,-0.026549280,0.329516321,0.943511128
1713723191856320512.000000,-482.818054199,258.139526367,-9.845935822,0.025275175,-0.024987757,0.329650044,0.943434060
1713723191889567744.000000,-482.925109863,258.302490234,-9.884880066,0.023517929,-0.026250556,0.329254925,0.943583131
1713723191922814464.000000,-483.086730957,258.786376953,-11.143335342,0.030471167,-0.021899225,0.331738800,0.942624748
1713723191956059904.000000,-483.183227539,258.949371338,-11.179954529,0.032823339,-0.020358354,0.331589192,0.942632914
1713723191989304576.000000,-483.278656006,259.114379883,-11.217147827,0.034146514,-0.019175336,0.331570357,0.942617357
1713723192022548480.000000,-483.385894775,259.280517578,-11.240165710,0.032426484,-0.021377653,0.331450850,0.942672729
1713723192055790592.000000,-483.526397705,259.436950684,-11.273397446,0.033291537,-0.020570680,0.331575751,0.942616642
1713723192089032704.000000,-483.618988037,259.602600098,-11.303709030,0.036655173,-0.019494133,0.331540167,0.942527235
1713723192122273792.000000,-483.712219238,259.772583008,-11.333688736,0.035103943,-0.020186886,0.331465423,0.942597985
1713723192155514112.000000,-483.803283691,259.937744141,-11.346831322,0.035380173,-0.020792156,0.331627250,0.942517519
1713723192188752640.000000,-484.056640625,259.450073242,-9.585906982,0.025877539,-0.026631847,0.327229112,0.944215178
1713723192221991424.000000,-484.140441895,259.618774414,-9.612726212,0.028798124,-0.026441557,0.327393234,0.944079041
1713723192255228160.000000,-484.223083496,259.792083740,-9.638790131,0.026768433,-0.026112899,0.327341974,0.944165707
1713723192288464896.000000,-484.319061279,259.960266113,-9.671871185,0.026269285,-0.027032655,0.327344239,0.944153011
1713723192321700096.000000,-484.282104492,260.666320801,-11.240453720,0.036523990,-0.020026328,0.331921875,0.942386806
1713723192354935296.000000,-484.364349365,260.837402344,-11.264101028,0.038960312,-0.017559303,0.332149982,0.942258000
1713723192388168448.000000,-484.448883057,261.012847900,-11.287196159,0.035344832,-0.018875092,0.332759917,0.942159951
1713723192421401600.000000,-484.629486084,260.660888672,-9.747301102,0.026770404,-0.026456922,0.328879356,0.943621635
1713723192454633216.000000,-484.556915283,261.245941162,-10.513080597,0.034664553,-0.020519780,0.332420945,0.942270517
1713723192487864576.000000,-484.630981445,261.422912598,-10.531666756,0.034313649,-0.020450203,0.332644194,0.942206085
1713723192521094656.000000,-484.704742432,261.602905273,-10.549586296,0.031433117,-0.021247551,0.333186656,0.942097306
1713723192554323712.000000,-484.902587891,261.376342773,-9.815012932,0.028335579,-0.025324002,0.330352306,0.943092406
1713723192587539712.000000,-485.692504883,260.891174316,-9.390360832,0.028187115,-0.025935873,0.325583756,0.944737017
1713723192620794112.000000,-485.755310059,261.074371338,-9.407612801,0.026033763,-0.026219651,0.325548142,0.944803298
1713723192654046976.000000,-485.815948486,261.257781982,-9.424639702,0.026215417,-0.026265295,0.325766355,0.944721758
1713723192687299840.000000,-485.900726318,261.427703857,-9.449947357,0.027257461,-0.026256680,0.325949192,0.944629490
1713723192720551168.000000,-485.203765869,262.553070068,-10.582784653,0.034875926,-0.019405037,0.333857000,0.941778481
1713723192753801728.000000,-485.272338867,262.735046387,-10.599344254,0.031803533,-0.019996420,0.333857596,0.941874683
1713723192787051776.000000,-485.338439941,262.916259766,-10.615606308,0.031643994,-0.020052388,0.334113866,0.941787958
1713723192820300288.000000,-485.404510498,263.094757080,-10.629377365,0.035114326,-0.018957362,0.333981156,0.941734731
1713723192853548288.000000,-485.417846680,263.257293701,-10.541110992,0.033585213,-0.019062504,0.334556341,0.941584170
1713723192886795264.000000,-485.481140137,263.441925049,-10.556240082,0.030762538,-0.019923121,0.334758341,0.941591024
1713723192920041216.000000,-485.540435791,263.625488281,-10.569885254,0.031545088,-0.018461004,0.335140198,0.941459119
1713723192953286656.000000,-485.604919434,263.810028076,-10.582492828,0.035163060,-0.016752779,0.335085839,0.941382170
1713723192986531072.000000,-487.036590576,262.733154297,-9.468766212,0.027208367,-0.026249155,0.323565394,0.945450246
1713723193019774208.000000,-487.090118408,262.921417236,-9.483609200,0.026939014,-0.025986716,0.323916435,0.945344985
1713723193053016576.000000,-487.140136719,263.109252930,-9.496824265,0.028730839,-0.024579510,0.324101657,0.945266426
1713723193086258688.000000,-485.842163086,264.538665771,-10.618682861,0.035178941,-0.015873596,0.335549951,0.941231489
1713723193119499008.000000,-486.202056885,264.409088135,-9.936966896,0.028429342,-0.020748856,0.332840621,0.942326069
1713723193152738560.000000,-486.253845215,264.596008301,-9.947763443,0.028775997,-0.020357089,0.333264530,0.942174256
1713723193185977344.000000,-486.302062988,264.782867432,-9.957378387,0.030865077,-0.018180266,0.333920091,0.941920519
1713723193219215360.000000,-486.347534180,264.971252441,-9.962171555,0.030894293,-0.018093988,0.334090352,0.941860855
1713723193252452352.000000,-488.340301514,263.313720703,-9.073282242,0.024153689,-0.025276020,0.319425613,0.946966231
1713723193285688320.000000,-488.379028320,263.505249023,-9.081687927,0.024508120,-0.024986476,0.319866389,0.946816027
1713723193318923776.000000,-488.413116455,263.695800781,-9.088983536,0.027723100,-0.022144213,0.320168555,0.946695924
1713723193352157952.000000,-488.457794189,263.891174316,-9.097536087,0.026082812,-0.023854405,0.320110321,0.946720719
1713723193385391360.000000,-486.774230957,265.897094727,-10.138731003,0.028648864,-0.018511921,0.335597843,0.941387653
1713723193418624000.000000,-486.814422607,266.089843750,-10.143331528,0.030768612,-0.016209304,0.336149961,0.941166162
1713723193451855104.000000,-486.852294922,266.283813477,-10.148071289,0.031821396,-0.013947502,0.336582184,0.941012979
1713723193485085952.000000,-486.897552490,266.483154297,-10.153560638,0.029145785,-0.017254859,0.336997300,0.940896213
1713723193518315776.000000,-489.039825439,264.720184326,-9.136033058,0.025131984,-0.025349647,0.320275486,0.946651697
1713723193551544320.000000,-489.068359375,264.918426514,-9.140394211,0.027004601,-0.023801591,0.320702672,0.946495712
1713723193584663040.000000,-489.095581055,265.116699219,-9.145359993,0.027012421,-0.023656309,0.321210861,0.946326792
1713723193618125568.000000,-487.081939697,267.267669678,-10.153830528,0.028846746,-0.017566072,0.338970631,0.940190554
1713723193651590656.000000,-489.252166748,265.409667969,-9.123209000,0.025195146,-0.024286851,0.321855038,0.946142077
1713723193685057024.000000,-489.280487061,265.610473633,-9.124759674,0.026646465,-0.023301125,0.322825849,0.945796311
1713723193718524928.000000,-489.309783936,265.812927246,-9.126674652,0.025426157,-0.024421826,0.323950917,0.945416808
1713723193751995136.000000,-489.349243164,266.015258789,-9.125388145,0.024547447,-0.025300130,0.325156420,0.945003033
1713723193785466880.000000,-489.410614014,266.198364258,-9.124373436,0.026341848,-0.024731681,0.326776177,0.944410861
1713723193818940672.000000,-489.437438965,266.401489258,-9.124195099,0.026939100,-0.023543758,0.328251928,0.943912446
1713723193852416000.000000,-489.466339111,266.606079102,-9.124165535,0.025000792,-0.026032325,0.329857767,0.943340421
1713723193885893632.000000,-489.498962402,266.794128418,-9.122148514,0.025459548,-0.026242714,0.331235141,0.942839563
1713723193919372544.000000,-490.533569336,266.254699707,-8.913008690,0.026698081,-0.026264040,0.326075047,0.944601774
1713723193952854016.000000,-490.557159424,266.455810547,-8.911554337,0.024657384,-0.027952582,0.327902615,0.943975925
1713723193986337024.000000,-490.579345703,266.657226562,-8.910157204,0.023857689,-0.028789636,0.329851121,0.943292201
1713723194019821312.000000,-490.616882324,266.859802246,-8.909362793,0.026309876,-0.029002577,0.331576943,0.942615271
1713723194053307648.000000,-490.668426514,267.000579834,-8.897693634,0.027131395,-0.027505547,0.333706886,0.941884816
1713723194086796288.000000,-490.693817139,267.205017090,-8.896095276,0.024437651,-0.029443666,0.335823148,0.941147566
1713723194120286976.000000,-490.716339111,267.408325195,-8.894360542,0.024642320,-0.029623911,0.337767661,0.940440476
1713723194153778688.000000,-490.714202881,267.619903564,-8.884099007,0.028087202,-0.029049248,0.339591920,0.939704597
1713723194187272704.000000,-490.843719482,267.760009766,-8.878964424,0.027173650,-0.028788509,0.341488451,0.939051926
1713723194220768768.000000,-490.864685059,267.958496094,-8.874164581,0.025488835,-0.030405715,0.343672812,0.938250959
1713723194254266368.000000,-490.881927490,268.155548096,-8.867911339,0.026740579,-0.029491276,0.345569998,0.937548161
1713723194287766016.000000,-490.909057617,268.340209961,-8.862199783,0.028784728,-0.028239967,0.347443104,0.936833620
1713723194321267456.000000,-491.998107910,267.589355469,-8.595430374,0.025687916,-0.029919833,0.342478722,0.938697696
1713723194354769920.000000,-492.014526367,267.783569336,-8.589685440,0.025773237,-0.030419707,0.344908565,0.937789142
1713723194388275456.000000,-492.027252197,267.978271484,-8.582998276,0.026822129,-0.028471917,0.346458793,0.937249303
1713723194421782016.000000,-492.047302246,268.160797119,-8.575806618,0.027855759,-0.029495448,0.348735541,0.936342657
1713723194455290880.000000,-492.117736816,268.320861816,-8.574170113,0.027206795,-0.029188361,0.350763053,0.935613751
1713723194488801280.000000,-492.131134033,268.511444092,-8.566670418,0.028590677,-0.029438911,0.353018165,0.934716105
1713723194522313472.000000,-492.141723633,268.702697754,-8.558534622,0.029693674,-0.027510326,0.354900330,0.934027433
1713723194555827968.000000,-492.158050537,268.889953613,-8.552585602,0.029150834,-0.028158173,0.356726885,0.933329225
1713723194589343744.000000,-492.821533203,268.711486816,-8.482067108,0.028163712,-0.029798776,0.354636580,0.934104800
1713723194622773760.000000,-492.829742432,268.899902344,-8.473886490,0.030310469,-0.028585672,0.356958210,0.933190763
1713723194656126720.000000,-492.836822510,269.089355469,-8.465914726,0.030671686,-0.026484994,0.359301448,0.932341337
1713723194689324800.000000,-492.233734131,269.694763184,-8.516643524,0.029548308,-0.028637795,0.365930945,0.929731905
1713723194722961408.000000,-492.300811768,269.804931641,-8.533269882,0.030113086,-0.028970256,0.368368775,0.928740203
1713723194756599552.000000,-492.314758301,269.996948242,-8.524238586,0.031629901,-0.026418447,0.370950311,0.927737832
1713723194790238976.000000,-492.330841064,270.189270020,-8.515525818,0.030923452,-0.026992828,0.373837024,0.926585674
1713723194823880192.000000,-492.350097656,270.364318848,-8.508516312,0.030125352,-0.029074611,0.376336694,0.925536573
1713723194857522944.000000,-492.704925537,270.339599609,-8.567538261,0.032282948,-0.027238876,0.376573533,0.925423324
1713723194891167744.000000,-492.718811035,270.524475098,-8.559167862,0.032827027,-0.026183009,0.379176050,0.924371421
1713723194924813824.000000,-492.735290527,270.710113525,-8.551517487,0.031192912,-0.028498109,0.381839722,0.923262298
1713723194958461184.000000,-492.446838379,271.079956055,-8.481065750,0.031188078,-0.029417561,0.386455536,0.921311021
1713723194992110848.000000,-494.034515381,270.399719238,-8.319410324,0.032870125,-0.028267547,0.379122853,0.924330294
1713723195025761280.000000,-494.049804688,270.580291748,-8.311719894,0.032236580,-0.029508322,0.381973416,0.923139453
1713723195059414272.000000,-494.066467285,270.761413574,-8.303650856,0.030684559,-0.031733796,0.384816140,0.921937108
1713723195093067776.000000,-492.503417969,271.819915771,-8.456756592,0.033484992,-0.028182628,0.397080541,0.916739702
1713723195126723840.000000,-492.854095459,271.881469727,-8.555072784,0.033590253,-0.026797595,0.398574263,0.916128933
1713723195160381440.000000,-492.871246338,272.062744141,-8.547611237,0.031206733,-0.029916508,0.401453972,0.914858401
1713723195194039808.000000,-492.886352539,272.242797852,-8.539145470,0.031582102,-0.030727461,0.404323161,0.913554192
1713723195227700480.000000,-492.909057617,272.416259766,-8.533196449,0.033579875,-0.028214216,0.406020641,0.912810922
1713723195261362432.000000,-493.279541016,272.333892822,-8.553081512,0.032276396,-0.030895021,0.406105310,0.912733376
1713723195295026176.000000,-493.296630859,272.510620117,-8.545383453,0.031229304,-0.032326713,0.408827692,0.911504090
1713723195328691712.000000,-493.311187744,272.686187744,-8.536346436,0.032338012,-0.031696215,0.411154211,0.910440505
1713723195362358528.000000,-493.344268799,272.853881836,-8.535942078,0.032879896,-0.031453934,0.413214028,0.909496427
1713723195396027392.000000,-495.258575439,272.069396973,-8.164740562,0.030276349,-0.035922170,0.405105740,0.913062036
1713723195429697280.000000,-495.274810791,272.240844727,-8.158454895,0.031213377,-0.036099970,0.407743216,0.911848724
1713723195463369472.000000,-495.290466309,272.411956787,-8.151895523,0.031382792,-0.035933401,0.410384923,0.910663545
1713723195497042688.000000,-495.565185547,272.479370117,-8.125890732,0.030379646,-0.037547067,0.411692470,0.910042107
1713723195530717952.000000,-495.587646484,272.647460938,-8.121149063,0.030744679,-0.037593037,0.414352983,0.908819735
1713723195564393984.000000,-495.608489990,272.813659668,-8.116430283,0.032615941,-0.037003666,0.416847736,0.907637000
1713723195598072576.000000,-493.591278076,273.975433350,-8.497922897,0.032085489,-0.036126103,0.431005359,0.901054859
1713723195631752192.000000,-493.771209717,273.826782227,-8.545283318,0.032516479,-0.036557723,0.433136851,0.899999261
1713723195665433600.000000,-493.800292969,273.984954834,-8.538838387,0.032996871,-0.036146760,0.436156869,0.898538709
1713723195699307520.000000,-493.830291748,274.142608643,-8.533002853,0.033512238,-0.036462292,0.439475000,0.896888673
1713723195732564480.000000,-493.876678467,274.284240723,-8.531470299,0.031625248,-0.037821203,0.442884684,0.895222127
1713723195765820416.000000,-494.474365234,274.143066406,-8.457976341,0.032388683,-0.037585933,0.443404466,0.894947410
1713723195799075584.000000,-494.508026123,274.290649414,-8.453251839,0.032000076,-0.037989024,0.447048247,0.893129766
1713723195832330496.000000,-494.542266846,274.437011719,-8.448740005,0.031304732,-0.039049312,0.450824052,0.891208649
1713723195865583616.000000,-494.591339111,274.577209473,-8.447895050,0.031055778,-0.039615184,0.453822792,0.889669120
1713723195898836736.000000,-496.806945801,274.056213379,-7.974622726,0.031590909,-0.041528538,0.447591275,0.892714679
1713723195932088320.000000,-496.844024658,274.197875977,-7.971435547,0.029931327,-0.043239385,0.451105058,0.890920162
1713723195965339392.000000,-496.881134033,274.337768555,-7.968517303,0.029407682,-0.044905096,0.454469413,0.889143646
1713723195998589184.000000,-496.981628418,274.448333740,-7.974130630,0.030287266,-0.044531569,0.457584381,0.887533784
1713723196031838976.000000,-497.017333984,274.578247070,-7.970544815,0.032574706,-0.044261243,0.460551739,0.885929942
1713723196065086720.000000,-497.055664062,274.708740234,-7.967159271,0.029938642,-0.046180025,0.462951452,0.884673476
1713723196098334208.000000,-497.443939209,274.796691895,-7.903602600,0.029177522,-0.046702355,0.463444620,0.884413183
1713723196131581184.000000,-497.480682373,274.923095703,-7.899522781,0.028947614,-0.046227634,0.464468867,0.883908272
1713723196164826368.000000,-497.516784668,275.046875000,-7.896066666,0.030960584,-0.046317410,0.464570761,0.883781791
1713723196198071552.000000,-497.761840820,275.158081055,-7.868120193,0.028987397,-0.046229411,0.462979347,0.884687901
1713723196231315456.000000,-497.804809570,275.280120850,-7.867143631,0.027377998,-0.047256380,0.461553335,0.885429800
1713723196264558592.000000,-497.845336914,275.399414062,-7.865020752,0.028693642,-0.046932533,0.459780365,0.886327326
1713723196297800448.000000,-497.930633545,275.519287109,-7.867774963,0.030556483,-0.044500723,0.456626445,0.888019323
1713723196331041792.000000,-497.973083496,275.637817383,-7.867876053,0.028231090,-0.046020728,0.452540427,0.890107989
1713723196364282112.000000,-498.014648438,275.755371094,-7.867212296,0.027404284,-0.046661109,0.448196501,0.892295778
1713723196397521664.000000,-497.901885986,275.877807617,-7.917249680,0.030505126,-0.044017836,0.443963885,0.894442797
1713723196430760704.000000,-498.414489746,276.001098633,-7.794862747,0.029105868,-0.043975234,0.435092866,0.898840010
1713723196463998208.000000,-498.462646484,276.117614746,-7.796950340,0.026868517,-0.044325769,0.427908927,0.902334332
1713723196497235200.000000,-498.509033203,276.231811523,-7.798059464,0.027662104,-0.043064848,0.420908988,0.905657768
1713723196530471680.000000,-498.557952881,276.344055176,-7.798034668,0.029799735,-0.041422158,0.413794845,0.908939004
1713723196563706624.000000,-498.912963867,276.455566406,-7.738640785,0.027738510,-0.041610181,0.405402035,0.912769616
1713723196596941312.000000,-498.962371826,276.567565918,-7.739709854,0.026873223,-0.041874330,0.399032474,0.915585876
1713723196630174720.000000,-499.009246826,276.678070068,-7.740661621,0.028464776,-0.039134383,0.393020809,0.918255448
1713723196663406848.000000,-499.057403564,276.784332275,-7.742724419,0.026635148,-0.039863631,0.388164699,0.920342147
1713723196696638464.000000,-498.878021240,276.920562744,-7.756890297,0.025224924,-0.040992964,0.384052247,0.922055960
1713723196729946368.000000,-498.925659180,277.026519775,-7.757965088,0.026637238,-0.038106889,0.380593091,0.923573136
1713723196763310080.000000,-498.975463867,277.131652832,-7.759909630,0.025148716,-0.038341597,0.378090054,0.924632549
1713723196796552192.000000,-498.779357910,277.267333984,-7.828032494,0.024142750,-0.039465591,0.378271073,0.924538076
1713723196830159616.000000,-498.834686279,277.372955322,-7.828333855,0.025440833,-0.037444994,0.377467662,0.924915612
1713723196863768320.000000,-498.891113281,277.477478027,-7.828552246,0.024830878,-0.037250444,0.377244920,0.925030947
1713723196897378560.000000,-499.989807129,277.600158691,-7.624021530,0.022591623,-0.039614782,0.373311520,0.926584542
1713723196930990080.000000,-500.046447754,277.704101562,-7.623543739,0.023304157,-0.039367944,0.373322040,0.926573157
1713723196964602112.000000,-500.101531982,277.807495117,-7.623226166,0.024464585,-0.037663948,0.373414487,0.926576793
1713723196998216704.000000,-500.195159912,277.921142578,-7.615775108,0.022639208,-0.039341703,0.372732192,0.926828206
1713723197031832064.000000,-500.255065918,278.026184082,-7.613387108,0.022165414,-0.039219897,0.372898370,0.926777899
1713723197065448448.000000,-500.313690186,278.128021240,-7.609863281,0.024170138,-0.038874254,0.372914225,0.926736057
1713723197099066368.000000,-500.765106201,278.293945312,-7.529180527,0.024981909,-0.038640115,0.371678591,0.927220523
1713723197132685824.000000,-500.828399658,278.398986816,-7.526678085,0.022461470,-0.039670199,0.371504068,0.927311420
1713723197166306816.000000,-500.891265869,278.502258301,-7.523604393,0.022070171,-0.040154994,0.371417552,0.927334666
1713723197199928832.000000,-500.976928711,278.613525391,-7.519271851,0.024377419,-0.038826212,0.371214122,0.927414894
1713723197233551616.000000,-501.040161133,278.714111328,-7.516618729,0.023816936,-0.038574323,0.371153265,0.927464366
1713723197267176960.000000,-501.103973389,278.813781738,-7.514670372,0.022473201,-0.039981082,0.371422589,0.927330494
1713723197300803072.000000,-501.197113037,278.926452637,-7.502156258,0.023074077,-0.039698184,0.371172458,0.927427948
1713723197334429952.000000,-501.259155273,279.025634766,-7.499765396,0.026687276,-0.038338304,0.371303260,0.927335858
1713723197368058880.000000,-501.324554443,279.128540039,-7.498163223,0.023793163,-0.039420340,0.371304691,0.927368760
1713723197401689088.000000,-501.422424316,279.233276367,-7.481049538,0.022731351,-0.039552469,0.371502548,0.927310526
1713723197435320320.000000,-501.487762451,279.334960938,-7.476948738,0.024450006,-0.038158610,0.371577024,0.927295327
1713723197468952832.000000,-501.554595947,279.435974121,-7.474246979,0.026013004,-0.038346842,0.371861160,0.927131116
1713723197502587136.000000,-501.954071045,279.622192383,-7.413998604,0.022753693,-0.038520917,0.370796233,0.927636087
1713723197536222464.000000,-502.021667480,279.721679688,-7.409482956,0.023719683,-0.038437262,0.371089011,0.927498281
1713723197569859328.000000,-502.088287354,279.821105957,-7.404878616,0.024358867,-0.037265420,0.370946169,0.927586615
1713723197603497216.000000,-501.911926270,279.828063965,-7.420606613,0.024600426,-0.038055316,0.371703178,0.927245021
1713723197637136640.000000,-501.981567383,279.927978516,-7.416254997,0.023561936,-0.037776563,0.371772408,0.927255690
1713723197670777600.000000,-502.050323486,280.026733398,-7.410457611,0.024136992,-0.037606344,0.371532649,0.927343845
1713723197704419328.000000,-502.122589111,280.123840332,-7.402859688,0.025767937,-0.037143368,0.371173173,0.927462637
1713723197738063104.000000,-502.710906982,280.403015137,-7.329977989,0.024985615,-0.037102878,0.369226724,0.928262234
1713723197771707648.000000,-502.781860352,280.501098633,-7.324727058,0.024258969,-0.038318753,0.369216621,0.928236187
1713723197805569024.000000,-502.850463867,280.598266602,-7.318195343,0.025341751,-0.037629366,0.369150460,0.928261757
1713723197838790400.000000,-502.924133301,280.694549561,-7.310497284,0.026342830,-0.036098029,0.368934780,0.928380430
1713723197872011520.000000,-502.969024658,280.731140137,-7.299699783,0.024832400,-0.037858337,0.369195372,0.928248286
1713723197905231104.000000,-503.040283203,280.826416016,-7.293495178,0.024306281,-0.039084077,0.369152188,0.928228617
1713723197938448896.000000,-503.108459473,280.919738770,-7.286346436,0.026608761,-0.037769347,0.369201094,0.928200424
1713723197971666688.000000,-503.081298828,280.985656738,-7.283273697,0.027002240,-0.036596004,0.369345337,0.928178668
1713723198004882432.000000,-503.156219482,281.078979492,-7.276134491,0.025026964,-0.039969742,0.369510740,0.928029060
1713723198038096896.000000,-503.226409912,281.171264648,-7.267572403,0.026013533,-0.038244739,0.369482517,0.928085864
1713723198071311104.000000,-503.786743164,281.505981445,-7.208021164,0.027052501,-0.037309203,0.368347198,0.928545415
1713723198104523520.000000,-503.862609863,281.598449707,-7.200076103,0.025011480,-0.038988113,0.369024992,0.928264499
1713723198137734656.000000,-503.936614990,281.688781738,-7.191734314,0.025153741,-0.039141539,0.369817287,0.927938819
1713723198170945024.000000,-504.111083984,281.834655762,-7.170115471,0.025934065,-0.038819283,0.370527655,0.927647412
1713723198204153856.000000,-504.185241699,281.924926758,-7.161890030,0.026829114,-0.037930161,0.371162832,0.927404821
1713723198237361664.000000,-504.261901855,282.015258789,-7.153913498,0.024911521,-0.039872751,0.372201920,0.926960289
1713723198270568448.000000,-504.368530273,282.120056152,-7.142204285,0.024338750,-0.040228188,0.373158514,0.926575482
1713723198303773952.000000,-504.443603516,282.208740234,-7.133245468,0.027189359,-0.038872436,0.374185264,0.926139891
1713723198336977920.000000,-504.522186279,282.299926758,-7.124992371,0.025529601,-0.039330482,0.374909222,0.925875008
1713723198370181376.000000,-504.637084961,282.396484375,-7.114912987,0.023986803,-0.041323721,0.375986069,0.925392628
1713723198403383296.000000,-504.713195801,282.483398438,-7.105937958,0.025370976,-0.041389465,0.376906455,0.924978316
1713723198436583936.000000,-504.788757324,282.570281982,-7.098082542,0.027574832,-0.039676476,0.378012776,0.924538672
1713723198469784064.000000,-504.923431396,282.665710449,-7.085536957,0.024707405,-0.041752312,0.379075795,0.924093008
1713723198502982144.000000,-505.002380371,282.752990723,-7.077574730,0.025031542,-0.041813642,0.380565763,0.923468888
1713723198536179456.000000,-505.080963135,282.839202881,-7.068798065,0.026066333,-0.041339293,0.381953478,0.922888517
1713723198569375488.000000,-504.864135742,282.657714844,-7.097470284,0.025867686,-0.041617244,0.383256942,0.922341108
1713723198602570496.000000,-504.948669434,282.747741699,-7.089045525,0.024652353,-0.042707622,0.384288996,0.921894968
1713723198635764480.000000,-505.032318115,282.836822510,-7.080391884,0.024489382,-0.042696655,0.385416955,0.921428859
1713723198668956928.000000,-505.737915039,283.470855713,-6.975381851,0.024502866,-0.042175591,0.386637479,0.920940995
1713723198702148352.000000,-505.823791504,283.558410645,-6.967174530,0.024455843,-0.042399913,0.387612343,0.920522094
1713723198735339264.000000,-505.910308838,283.644897461,-6.959135056,0.024122987,-0.043234777,0.388615340,0.920068979
1713723198768527872.000000,-506.020812988,283.732604980,-6.947971344,0.023724889,-0.042818386,0.389743954,0.919621348
1713723198801699584.000000,-506.109588623,283.817169189,-6.939890862,0.024440765,-0.042691965,0.390894711,0.919119895
1713723198834922496.000000,-506.199005127,283.902099609,-6.932012558,0.023998201,-0.042970881,0.391968012,0.918661356
1713723198868144640.000000,-506.318634033,283.998413086,-6.922803879,0.024105467,-0.043816000,0.393001586,0.918176949
1713723198901364736.000000,-506.408264160,284.081359863,-6.914505959,0.024167610,-0.042402666,0.394192934,0.917730808
1713723198934584064.000000,-506.499237061,284.162353516,-6.906705856,0.024590578,-0.043127760,0.395285875,0.917215586
1713723198967802880.000000,-506.613281250,284.260131836,-6.891511917,0.023629503,-0.042770550,0.396313488,0.916814029
1713723199001019392.000000,-506.705810547,284.340576172,-6.883512497,0.025249403,-0.043381348,0.397387445,0.916277170
1713723199034235136.000000,-506.798583984,284.423309326,-6.875369072,0.024399249,-0.042439714,0.398519546,0.915852487
1713723199067450624.000000,-507.044830322,284.761596680,-6.812906265,0.023440149,-0.043133266,0.400856048,0.914824903
1713723199100663552.000000,-507.139739990,284.842102051,-6.804927826,0.023135198,-0.043338478,0.402010530,0.914316237
1713723199133875968.000000,-507.233154297,284.920867920,-6.797881126,0.025223201,-0.042356461,0.403090835,0.913831234
1713723199167087360.000000,-507.345428467,285.014007568,-6.786712646,0.023229929,-0.043667406,0.404260486,0.913305581
1713723199200297472.000000,-507.442077637,285.092895508,-6.780156136,0.024494182,-0.043349251,0.405624926,0.912682533
1713723199233506560.000000,-507.539459229,285.172119141,-6.772980690,0.023736602,-0.043006226,0.406620860,0.912275553
1713723199266713856.000000,-507.638549805,285.252380371,-6.764176369,0.024034062,-0.043277252,0.408049673,0.911616683
1713723199299920640.000000,-507.759887695,285.360107422,-6.749728203,0.023872040,-0.043547332,0.408867151,0.911241651
1713723199333126144.000000,-507.855407715,285.425964355,-6.744831085,0.024967436,-0.043455318,0.409285903,0.911028683
1713723199366330112.000000,-507.951660156,285.487609863,-6.741678238,0.024169795,-0.043572634,0.409723669,0.910847843
1713723199399533312.000000,-508.133544922,285.767578125,-6.687004089,0.023122404,-0.043966327,0.410845339,0.910350740
1713723199432734976.000000,-508.234283447,285.822143555,-6.687852859,0.024893261,-0.043360159,0.411183387,0.910180509
1713723199465935360.000000,-508.335296631,285.876831055,-6.688731194,0.024089316,-0.042763099,0.410971344,0.910326123
1713723199499135232.000000,-508.445373535,285.957000732,-6.684688568,0.024313079,-0.043971807,0.411009401,0.910245359
1713723199532333568.000000,-508.546752930,286.012329102,-6.685979843,0.023500634,-0.043629970,0.410821348,0.910368025
1713723199565531136.000000,-508.648681641,286.065582275,-6.687639236,0.024674300,-0.043583855,0.410875797,0.910314620
1713723199598726656.000000,-508.775939941,286.200317383,-6.670099258,0.023649272,-0.043835700,0.411293924,0.910140932
1713723199631921408.000000,-508.879241943,286.255432129,-6.671739578,0.024323106,-0.043553393,0.411157370,0.910198390
1713723199665115904.000000,-508.983703613,286.311370850,-6.672803879,0.024126852,-0.044128861,0.410995245,0.910249114
1713723199698308352.000000,-509.094238281,286.397827148,-6.664949417,0.024404224,-0.043360919,0.410949796,0.910299182
1713723199731499776.000000,-509.198455811,286.454223633,-6.665496826,0.024842873,-0.044015110,0.410728008,0.910356045
1713723199764689664.000000,-509.302307129,286.509918213,-6.666339874,0.024301481,-0.044045612,0.410521239,0.910462439
1713723199797775104.000000,-509.457672119,286.737121582,-6.622491837,0.025194397,-0.044115245,0.411415994,0.910030842
1713723199831187968.000000,-509.563201904,286.793945312,-6.623025894,0.024521247,-0.043987408,0.411097437,0.910199285
1713723199864602624.000000,-509.668365479,286.849548340,-6.624042511,0.025638493,-0.044454202,0.410923332,0.910224438
1713723199898018048.000000,-509.784820557,286.949279785,-6.613883972,0.023985950,-0.044246033,0.410853237,0.910311341
1713723199931435008.000000,-509.891906738,287.006774902,-6.614381790,0.025127035,-0.044504330,0.410644293,0.910362184
1713723199964853248.000000,-509.999694824,287.065673828,-6.614549637,0.024457311,-0.044354092,0.410396069,0.910499632
1713723199998273024.000000,-510.120483398,287.175323486,-6.600574493,0.024811110,-0.044566557,0.410320669,0.910513699
1713723200031693824.000000,-510.227966309,287.236267090,-6.600269318,0.024562467,-0.044564784,0.410011381,0.910659909
1713723200065115904.000000,-510.335449219,287.295562744,-6.599975586,0.024674755,-0.044587731,0.409939468,0.910688043
1713723200098539264.000000,-510.462341309,287.438232422,-6.579149246,0.024884671,-0.044195727,0.410334647,0.910523534
1713723200131964160.000000,-510.571105957,287.501342773,-6.578584671,0.024044769,-0.044554681,0.409933180,0.910709441
1713723200165390592.000000,-510.679412842,287.563232422,-6.578323364,0.024854552,-0.044531748,0.409939408,0.910685956
1713723200198818048.000000,-510.798004150,287.664611816,-6.566507339,0.024172582,-0.044432789,0.409775823,0.910782754
1713723200232246272.000000,-510.907470703,287.728637695,-6.565635681,0.025243565,-0.044347569,0.409649879,0.910814524
1713723200265676544.000000,-511.017578125,287.793670654,-6.564315796,0.023931429,-0.044612851,0.409355938,0.910969079
1713723200299107584.000000,-511.133972168,287.885711670,-6.555528641,0.024502033,-0.044337589,0.409366250,0.910962760
1713723200332540160.000000,-511.245361328,287.952880859,-6.552953720,0.024704246,-0.044407930,0.409106791,0.911070406
1713723200365974528.000000,-511.356597900,288.018127441,-6.551128387,0.025076883,-0.043715719,0.408966929,0.911156535
1713723200399409408.000000,-511.471313477,288.103027344,-6.545377731,0.023669701,-0.045100376,0.408742726,0.911227226
1713723200432845568.000000,-511.583892822,288.171936035,-6.542707443,0.023861658,-0.044914138,0.408567220,0.911310136
1713723200466283520.000000,-511.697052002,288.240051270,-6.540035248,0.025872797,-0.043577109,0.408451259,0.911372185
1713723200499723008.000000,-511.808746338,288.315368652,-6.536443710,0.024652438,-0.044467796,0.408307701,0.911427319
1713723200533162752.000000,-511.920623779,288.384918213,-6.534261703,0.023506422,-0.045874987,0.408280104,0.911400199
