1713723122533798912.000000,-0.001485197,0.001725455,0.047252305,-0.000855817,-0.010622106,0.000684959,0.999943018
1713723122567111424.000000,-0.005938061,-0.014008783,0.055346034,-0.001488952,-0.010567792,-0.000730353,0.999942780
1713723122600423936.000000,0.002369695,0.006582805,0.063300528,0.000997170,-0.012261652,0.000110032,0.999924362
1713723122633736192.000000,-0.006569992,0.001120465,0.079089284,-0.000812373,-0.010831833,-0.000517845,0.999940872
1713723122667047424.000000,-0.000560016,0.005120260,0.082020894,0.000637416,-0.011819320,0.000461148,0.999929845
1713723122700359168.000000,-0.001956495,0.009341842,0.096255094,0.002444580,-0.011863129,0.000515602,0.999926507
1713723122733669888.000000,0.001327398,0.009700885,0.104728751,0.000798496,-0.012473140,0.000065672,0.999921918
1713723122766980352.000000,-0.001162270,0.005554000,0.115502521,0.000334586,-0.012428190,-0.001124849,0.999922097
1713723122800290816.000000,-0.005557634,0.003079204,0.087724797,0.000860374,-0.011068459,0.001131603,0.999937773
1713723122833600512.000000,0.001348867,0.005314991,0.124740534,0.001230201,-0.013102614,0.000154265,0.999913394
1713723122866910208.000000,0.005532283,0.002339071,0.136383727,-0.000239101,-0.014089149,0.000902231,0.999900341
1713723122900219392.000000,0.008182637,0.000956696,0.143359050,0.000266369,-0.014824155,0.000079160,0.999890089
1713723122933528320.000000,-0.003667881,0.005779385,0.159107730,0.001403434,-0.012327664,0.001180787,0.999922395
1713723122966836992.000000,-0.023870148,0.018212469,0.215365157,0.002923208,-0.009731500,0.000900599,0.999947965
1713723123000144640.000000,-0.008379660,0.009841290,0.225461304,0.000574442,-0.012313989,0.000904542,0.999923646
1713723123033453056.000000,-0.001354569,0.008567481,0.234264314,0.000996811,-0.013612643,0.000827930,0.999906540
1713723123066759936.000000,-0.001634320,0.007294487,0.188685253,0.000049734,-0.011707137,0.001275384,0.999930680
1713723123100067072.000000,-0.002023471,0.011921561,0.210306987,0.000248239,-0.010322242,0.000568367,0.999946535
1713723123133383680.000000,-0.014608275,0.014467420,0.267150939,0.000056123,-0.006170855,0.000909711,0.999980569
1713723123166700032.000000,-0.007534574,0.011219792,0.276304394,0.000129057,-0.004640960,0.001303697,0.999988377
1713723123200016384.000000,0.002308375,0.014498485,0.282199740,0.000350190,-0.003003469,0.001418772,0.999994457
1713723123233331712.000000,0.007335462,0.009932500,0.247840688,-0.002143974,-0.000421042,0.001204819,0.999996960
1713723123266646784.000000,0.001860323,0.012294357,0.303756237,-0.002291348,0.002522678,0.001191423,0.999993503
1713723123299961856.000000,0.012833228,0.010448984,0.268251598,0.000561926,0.002839656,0.001666308,0.999994457
1713723123333276160.000000,0.011579204,0.008811368,0.249591395,-0.002492788,0.003912094,0.000286311,0.999989212
1713723123366590208.000000,0.005221889,0.010575688,0.299014628,-0.003407321,0.003882608,0.000348423,0.999986589
1713723123399904256.000000,0.007649908,-0.000248724,0.271449089,-0.005028437,0.003370201,-0.001061546,0.999981165
1713723123433218048.000000,0.009134970,0.008103495,0.277865767,-0.000919391,0.001524409,-0.001518472,0.999997318
1713723123466531072.000000,0.007833690,0.010489003,0.287339211,-0.004232335,0.000134418,-0.001154657,0.999990404
1713723123499843584.000000,0.007031451,0.004096914,0.297240257,-0.006438754,-0.001422432,-0.001401563,0.999977350
1713723123533155584.000000,-0.001916433,0.003124285,0.309597760,-0.003951183,-0.001388909,-0.001467377,0.999990225
1713723123566468096.000000,0.007340874,0.012890465,0.309448540,-0.002153480,-0.004538935,-0.000265691,0.999987423
1713723123599779584.000000,0.008600052,0.011734310,0.309407473,-0.005097100,-0.007064952,-0.001237852,0.999961376
1713723123633090816.000000,0.006893634,0.010088844,0.320714712,-0.005104689,-0.008123925,-0.001243651,0.999953210
1713723123666401536.000000,0.008870008,0.009022107,0.326107174,-0.002055838,-0.009617235,-0.000461918,0.999951601
1713723123699712256.000000,0.012391344,0.014854268,0.331898242,-0.003797936,-0.011077914,-0.000589929,0.999931276
1713723123733022720.000000,0.004126744,0.011809568,0.347646981,-0.004984274,-0.010296180,-0.001813779,0.999932945
1713723123766332672.000000,0.007039557,0.010449517,0.350875288,-0.003941603,-0.010115419,-0.001323508,0.999940217
1713723123799641600.000000,0.006936870,0.013957052,0.358882755,-0.001784159,-0.009914516,-0.001738957,0.999947786
1713723123832950528.000000,0.003962598,0.010992915,0.370416909,-0.004422882,-0.008877407,-0.001635956,0.999949515
1713723123866259456.000000,0.004655077,0.013572999,0.372710019,-0.003197607,-0.008048025,-0.000588877,0.999962389
1713723123899568128.000000,0.001961032,0.010730474,0.382170737,-0.003912976,-0.006234142,-0.000443604,0.999972820
1713723123932875776.000000,0.007924159,0.013398022,0.385345936,-0.001666258,-0.006231673,-0.001157508,0.999978542
1713723123966183936.000000,-0.018102596,0.022990426,0.398310781,-0.002293148,-0.000302369,-0.000088234,0.999997377
1713723123999491328.000000,0.010652001,0.010720451,0.402831167,-0.005172070,-0.003697291,-0.001610890,0.999978542
1713723124032797696.000000,-0.001019068,0.010778912,0.416043073,-0.002022455,-0.000334543,-0.001311985,0.999997020
1713723124066104320.000000,0.001803758,0.013558608,0.413258135,-0.001704969,0.000565027,0.000390038,0.999998391
1713723124099417600.000000,0.005436261,0.013237525,0.431529671,-0.004300226,0.001357127,-0.000826933,0.999989569
1713723124132735488.000000,-0.000299626,0.009471057,0.283799946,-0.002633477,0.003465451,-0.001062411,0.999990046
1713723124166053376.000000,0.006346873,0.012293570,0.287423313,0.001360825,0.003904153,0.000322386,0.999991417
1713723124199370496.000000,0.007041293,0.007256829,0.296034485,-0.002689486,0.004638541,0.000198480,0.999985635
1713723124232687360.000000,0.005056384,0.006082246,0.305738002,-0.003043912,0.005490641,-0.000907970,0.999979913
1713723124266003712.000000,-0.000675231,0.003197756,0.317322463,-0.000570572,0.006966610,-0.001040857,0.999975026
1713723124299319552.000000,0.005305635,0.014607776,0.317110926,0.002505417,0.006020201,0.000205428,0.999978781
1713723124332635136.000000,0.007194467,0.008888620,0.328912437,-0.001842233,0.005788933,0.000027833,0.999981642
1713723124365950464.000000,0.004539953,0.011557105,0.340351611,-0.000950877,0.006695985,-0.000253945,0.999977171
1713723124399265536.000000,0.007108041,0.010275182,0.320819020,0.001993174,0.006179314,-0.001035425,0.999978364
1713723124432580352.000000,0.009799879,0.010903657,0.323971182,0.000223402,0.006180145,-0.000325312,0.999980807
1713723124465894400.000000,0.009337204,0.009763141,0.333681971,-0.001051629,0.006194000,-0.001998782,0.999978304
1713723124499208448.000000,0.002432278,0.009925758,0.349403322,-0.000085718,0.008070991,-0.002199484,0.999965012
1713723124532522240.000000,0.009146798,0.012571403,0.350472033,0.003717229,0.007148301,-0.001645678,0.999966204
1713723124565835776.000000,0.010117674,0.015498742,0.356046766,0.000563757,0.007309563,-0.000644035,0.999972939
1713723124599148544.000000,0.003936294,0.012247599,0.362476856,-0.001089183,0.008132934,-0.001911636,0.999964535
1713723124632460544.000000,0.003639646,0.008837865,0.377508223,0.000478754,0.008646986,-0.002927908,0.999958217
1713723124665772800.000000,0.010483750,0.014301141,0.379144907,0.003062154,0.007907512,-0.000905042,0.999963701
1713723124699085312.000000,0.013042081,0.015036737,0.385039240,-0.000921161,0.007547165,-0.001434098,0.999970078
1713723124732396544.000000,0.012600249,0.016907815,0.391061306,-0.000863194,0.007870298,-0.001687319,0.999967277
1713723124765707776.000000,0.012531279,0.015415487,0.402495712,0.001597188,0.008849369,-0.001651447,0.999958217
1713723124799018496.000000,0.015058668,0.015692754,0.406944633,0.002017673,0.009091906,-0.001696806,0.999955237
1713723124832328704.000000,0.013746308,0.018044388,0.415800393,-0.001297277,0.008948776,-0.001396763,0.999958217
1713723124865638912.000000,0.015893051,0.018681675,0.420313090,-0.000536117,0.008809783,-0.001027349,0.999960601
1713723124898948608.000000,0.007720318,0.014640640,0.393920302,0.000994684,0.008983593,-0.000082913,0.999959230
1713723124932258048.000000,0.008444791,0.016242046,0.397768527,-0.000049959,0.007377356,0.001217464,0.999972105
1713723124965567232.000000,0.022224532,0.024675887,0.588081181,-0.003052015,0.003831379,0.000783922,0.999987721
1713723124998876416.000000,0.023134174,0.024780089,0.593041480,-0.001956360,0.001971315,0.000592877,0.999996006
1713723125032184320.000000,0.019020829,0.023029022,0.615234733,-0.000109394,0.001792046,0.001442481,0.999997377
1713723125065492736.000000,0.019445987,0.024966467,0.619532585,-0.003103851,-0.000446128,0.001688619,0.999993682
1713723125098799872.000000,0.015671952,0.026557500,0.621396959,-0.003129191,-0.000634158,0.001001785,0.999994397
1713723125131848704.000000,0.017265050,0.026060531,0.626352847,-0.001004677,-0.000642001,0.000818602,0.999998987
1713723125165548032.000000,0.019626703,0.026760196,0.630802989,-0.002531966,-0.001438005,0.001403377,0.999994755
1713723125199249152.000000,0.025799854,0.028873419,0.654390872,-0.004227073,-0.001671244,0.001043824,0.999989152
1713723125232952576.000000,0.027335424,0.028498041,0.659660280,-0.002976752,-0.001666731,0.000972006,0.999993682
1713723125266658048.000000,0.015775276,0.026707154,0.658590019,-0.002111405,0.000154100,0.001691173,0.999996364
1713723125300365568.000000,0.018759476,0.028160350,0.662322521,-0.004690671,-0.000124323,0.000983593,0.999988556
1713723125334074880.000000,0.023697313,0.029467402,0.671842277,-0.004575695,0.001564119,0.000186199,0.999988317
1713723125367787008.000000,0.027775308,0.029004119,0.676554620,-0.002750180,0.003151490,-0.001038245,0.999990761
1713723125401500416.000000,0.032080032,0.030031685,0.680030406,-0.003262913,0.005809135,-0.001142534,0.999977231
1713723125435216384.000000,0.034446280,0.030950351,0.692345858,-0.005410382,0.010036594,-0.001498105,0.999933898
1713723125468934656.000000,0.037768874,0.030000539,0.698194206,-0.004555827,0.014028821,0.001300398,0.999890387
1713723125502654208.000000,0.039877698,0.031163348,0.701675057,-0.003361025,0.017780067,0.001184329,0.999835610
1713723125536376832.000000,0.029243438,0.027655533,0.589958966,-0.004864903,0.023689896,-0.001743394,0.999706030
1713723125570100480.000000,0.029481960,0.027241832,0.593278229,-0.003907715,0.027610006,0.002170064,0.999608815
1713723125603827200.000000,0.029200159,0.027822966,0.597244918,-0.002103912,0.031075770,0.002995255,0.999510407
1713723125637555712.000000,0.043560024,0.028039807,0.622249961,-0.004285116,0.030120591,-0.003704654,0.999530256
1713723125671286016.000000,0.046635594,0.028621759,0.626443386,-0.004399174,0.031426076,-0.002087203,0.999494255
1713723125705018880.000000,0.049197681,0.027585387,0.631864667,-0.001674256,0.031203292,-0.002059432,0.999509573
1713723125738753280.000000,0.051586173,0.028399635,0.636072338,-0.001445418,0.030616073,-0.004911529,0.999518156
1713723125772490240.000000,0.054797206,0.030916506,0.639794588,-0.004204281,0.030525122,-0.004397462,0.999515474
1713723125806229248.000000,0.057308454,0.031443112,0.645004332,-0.003557441,0.029962773,-0.004448523,0.999534786
1713723125839970048.000000,0.045792781,0.028072016,0.668849289,-0.000795863,0.032832958,-0.004853031,0.999448776
1713723125873713408.000000,0.045905694,0.029695109,0.672139406,-0.003400443,0.032906331,-0.004185386,0.999443948
1713723125907458816.000000,0.040874805,0.030589325,0.680301607,-0.005197947,0.033828594,-0.004708878,0.999403119
1713723125941206272.000000,0.043815918,0.033794288,0.811014354,-0.002523666,0.032635067,-0.003999477,0.999456167
1713723125974955264.000000,0.045871228,0.033761144,0.814426243,-0.000615169,0.032028094,-0.003941415,0.999478996
1713723126008706816.000000,0.048421204,0.036502060,0.817333996,-0.004380278,0.031455956,-0.003819284,0.999488235
1713723126042460416.000000,0.045730472,0.036293704,0.822248161,-0.004408767,0.032189634,-0.004099393,0.999463677
1713723126076216576.000000,0.071646042,0.039542448,0.847410321,-0.001989618,0.029358109,-0.003710624,0.999560177
1713723126109974272.000000,0.069474071,0.039950088,0.847572923,-0.003241144,0.029465085,-0.002763055,0.999556780
1713723126144089344.000000,0.070958585,0.039131626,0.851604700,-0.005525442,0.029287461,-0.002885356,0.999551594
1713723126177371136.000000,0.084888980,0.044136617,0.861141622,-0.004143041,0.026590532,-0.003463008,0.999631882
1713723126210652160.000000,0.086292505,0.043496255,0.864708781,-0.002319445,0.026138680,-0.003182638,0.999650598
1713723126243932160.000000,0.056617275,0.040143128,0.873543084,-0.005629020,0.031333603,-0.001838185,0.999491513
1713723126277211648.000000,0.055938527,0.039789468,0.877714694,-0.005375981,0.031475753,-0.002106565,0.999487877
1713723126310490368.000000,0.055325340,0.039298214,0.882594526,-0.004736767,0.032397904,-0.001502219,0.999462724
1713723126343768832.000000,0.069458090,0.041230556,0.885175824,-0.005006090,0.028906805,-0.001604005,0.999568284
1713723126377046272.000000,0.072885670,0.042271938,0.889292777,-0.006216215,0.027670557,-0.001324565,0.999596894
1713723126410323456.000000,0.035791479,0.027975680,0.613049507,-0.005497922,0.032803420,-0.001092661,0.999446154
1713723126443599616.000000,0.037534282,0.028361594,0.617753804,-0.005474249,0.032640342,-0.000643275,0.999451995
1713723126476875264.000000,0.038769625,0.029346853,0.622074842,-0.006630500,0.032081902,-0.000531904,0.999463141
1713723126510150144.000000,0.047720578,0.029339969,0.626774490,-0.005884398,0.030044740,-0.001174963,0.999530554
1713723126543424256.000000,0.049226709,0.029052217,0.630319357,-0.004056967,0.030440170,0.000072101,0.999528408
1713723126576698112.000000,0.051201534,0.030849531,0.634069502,-0.006548437,0.029322265,0.000555925,0.999548435
1713723126609970688.000000,0.060924333,0.041852895,0.841726959,-0.006467782,0.033041071,-0.000063975,0.999433100
1713723126643242752.000000,0.060229529,0.040677004,0.847551107,-0.004194180,0.034091968,0.000026593,0.999409914
1713723126676514304.000000,0.061848711,0.041020896,0.850845397,-0.004391188,0.034351427,0.000215292,0.999400198
1713723126709785344.000000,0.065002464,0.043265156,0.854190588,-0.006521765,0.033873446,0.000249679,0.999404848
1713723126743055616.000000,0.080043711,0.045724772,0.858928204,-0.005617467,0.031489395,-0.000740787,0.999488115
1713723126776324864.000000,0.068407722,0.042321187,0.876860499,-0.003277401,0.035900094,0.000763710,0.999349713
1713723126809593856.000000,0.069516078,0.042637154,0.880199134,-0.004746367,0.036345527,0.001045714,0.999327481
1713723126842862080.000000,0.071028866,0.043995705,0.884535491,-0.006780822,0.036440633,0.000466017,0.999312699
1713723126876129536.000000,0.091373183,0.048417028,0.874213815,-0.004719196,0.031952433,-0.001436573,0.999477208
1713723126909396736.000000,0.046649821,0.030872185,0.684392571,-0.003830276,0.038574148,-0.000437570,0.999248385
1713723126942662656.000000,0.049120884,0.032479007,0.687513530,-0.006344556,0.037938021,0.000025807,0.999260008
1713723126975928576.000000,0.043164596,0.031390980,0.696282327,-0.007791935,0.039566111,-0.001154659,0.999185979
1713723127009193216.000000,0.061362766,0.035604056,0.696107268,-0.004550753,0.036143072,-0.001196047,0.999335647
1713723127042457088.000000,0.064052366,0.035218246,0.699550152,-0.003542158,0.035633001,-0.001055978,0.999358177
1713723127075720704.000000,0.066940367,0.036326431,0.703484058,-0.006403057,0.034947451,-0.001097139,0.999368072
1713723127108956672.000000,0.059436023,0.033099543,0.711879253,-0.005849226,0.037446782,-0.001250609,0.999280751
1713723127142237952.000000,0.046151247,0.035717972,0.738810897,-0.003519881,0.041436456,-0.001704255,0.999133468
1713723127175517952.000000,0.046267927,0.035748303,0.743108273,-0.004701138,0.041583218,-0.001969716,0.999122024
1713723127208798208.000000,0.046121784,0.035442580,0.749110460,-0.005162211,0.041921251,-0.002377407,0.999104798
1713723127242077440.000000,0.076351516,0.033077374,0.724683523,-0.004489932,0.034823611,-0.002414112,0.999380589
1713723127275355904.000000,0.080506168,0.032346819,0.728744626,-0.002955680,0.033955060,-0.002622158,0.999415576
1713723127308633600.000000,0.054603226,0.033912469,0.741242170,-0.004347925,0.040746186,-0.002720806,0.999156415
1713723127341910272.000000,0.054207582,0.034829855,0.746525288,-0.004677514,0.040847998,-0.003132553,0.999149501
1713723127375187200.000000,0.049576316,0.034662474,0.755167365,-0.003642576,0.042430706,-0.003757186,0.999085784
1713723127408463104.000000,0.080417924,0.036776621,0.748070657,-0.001238593,0.035424341,-0.003610133,0.999365091
1713723127441738240.000000,0.055189364,0.037203863,0.801628470,-0.004391895,0.042766884,-0.003188998,0.999070346
1713723127475012608.000000,0.055293940,0.037613414,0.807224691,-0.004693256,0.042907398,-0.004235811,0.999059081
1713723127508286208.000000,0.047155879,0.035493542,0.816527724,-0.002053063,0.045870144,-0.004026853,0.998937190
1713723127541559296.000000,0.076718554,0.044548020,0.816874146,-0.000538980,0.040124945,-0.003597035,0.999188125
1713723127574831360.000000,0.075027339,0.046040930,0.821640313,-0.003857540,0.040149864,-0.004665907,0.999175370
1713723127608103168.000000,0.080760755,0.046369318,0.824814618,-0.002555734,0.039275095,-0.004937378,0.999213040
1713723127641374464.000000,0.066573583,0.040763389,0.847669601,-0.000642424,0.042434819,-0.004412332,0.999089301
1713723127674644480.000000,0.070102148,0.042626280,0.850068033,-0.002499884,0.041062586,-0.004501966,0.999143302
1713723127707914240.000000,0.065195046,0.042591073,0.859030962,-0.004130403,0.042034168,-0.005422963,0.999092937
1713723127741183232.000000,0.068810478,0.039775241,0.871161401,-0.003183794,0.042337988,-0.005162757,0.999084949
1713723127774451712.000000,0.069822297,0.039500210,0.874900281,-0.001020917,0.042226519,-0.005257658,0.999093771
1713723127807719168.000000,0.073800661,0.042032469,0.877958417,-0.003902650,0.041254703,-0.005059764,0.999128222
1713723127840986368.000000,0.067433588,0.043226063,0.895553708,-0.003817869,0.042996425,-0.004801627,0.999056399
1713723127874252544.000000,0.067473546,0.041969571,0.900363564,-0.002172802,0.043644112,-0.004638611,0.999034047
1713723127907518464.000000,0.066773906,0.042022467,0.904540002,-0.002281375,0.043567065,-0.004564621,0.999037445
1713723127940783360.000000,0.090402365,0.045654189,0.897222281,-0.003642456,0.038435109,-0.005578678,0.999238968
1713723127974047744.000000,0.083851852,0.046092726,0.912785530,-0.002903371,0.039886106,-0.005029274,0.999187410
1713723128007310848.000000,0.090556636,0.043973893,0.906316280,-0.001170957,0.038916193,-0.005360718,0.999227464
1713723128040573952.000000,0.066694677,0.039729118,0.846542358,-0.003507116,0.042883944,-0.004918440,0.999061823
1713723128073835776.000000,0.066346578,0.039956618,0.852313638,-0.004597895,0.043241050,-0.005446877,0.999039292
1713723128107097344.000000,0.064565651,0.039868213,0.858810365,-0.003752087,0.044401385,-0.005872111,0.998989522
1713723128140199936.000000,0.082145646,0.042239513,0.857193470,-0.001804507,0.040205024,-0.005573238,0.999174297
1713723128173689600.000000,0.087024719,0.044235710,0.860735416,-0.003946295,0.039109379,-0.005725405,0.999210775
1713723128207182080.000000,0.081645712,0.042670347,0.869884908,-0.004804417,0.040397182,-0.006485714,0.999151170
1713723128240676096.000000,0.077376455,0.040286791,0.878585458,-0.002887940,0.042082008,-0.006823488,0.999086738
1713723128274172672.000000,0.077112861,0.040117327,0.883781075,-0.003163290,0.042246133,-0.006910423,0.999078333
1713723128307671296.000000,0.076671071,0.040990621,0.889833629,-0.005747578,0.042354073,-0.007114254,0.999060810
1713723128341171968.000000,0.082703494,0.047478296,1.005449295,-0.003969561,0.044612080,-0.007798952,0.998966098
1713723128374674688.000000,0.066121787,0.045405753,1.015464902,-0.001173981,0.049283240,-0.007920144,0.998752773
1713723128408179456.000000,0.065760307,0.045826804,1.019894958,-0.003938131,0.049286213,-0.008166078,0.998743594
1713723128441686528.000000,0.093217619,0.047032930,1.018530250,-0.004334539,0.042273134,-0.008767067,0.999058247
1713723128475195648.000000,0.095739789,0.046391815,1.023838997,-0.001739896,0.041729499,-0.009583632,0.999081492
1713723128508706560.000000,0.090510190,0.047514159,1.034240603,-0.000045426,0.044172999,-0.008800344,0.998985171
1713723128542219776.000000,0.091272809,0.049485438,1.038788438,-0.002964204,0.043793030,-0.008674310,0.998998642
1713723128575735296.000000,0.088965401,0.049422044,1.046132445,-0.002194421,0.044823512,-0.009127881,0.998950839
1713723128609252608.000000,0.086876787,0.048138473,1.063402772,0.001137098,0.045124181,-0.009941712,0.998931289
1713723128642772480.000000,0.088874169,0.049239870,1.067343950,-0.000677812,0.044705931,-0.010043986,0.998949468
1713723128676294144.000000,0.088663243,0.049841534,1.074079275,-0.001844926,0.044508703,-0.010601768,0.998951137
1713723128709817600.000000,0.088876441,0.048083257,1.084791541,-0.000845641,0.044992544,-0.010370620,0.998933196
1713723128743343872.000000,0.089793831,0.047247179,1.089622736,0.003334001,0.044546440,-0.010770383,0.998943686
1713723128776871424.000000,0.088214837,0.049069595,1.094264150,0.000051302,0.044904482,-0.010184678,0.998939395
1713723128810401792.000000,0.100238964,0.049758609,1.098632932,-0.000214539,0.041721947,-0.010592977,0.999073148
1713723128843933696.000000,0.078216307,0.043316804,0.966130733,0.003490870,0.043412648,-0.011131532,0.998989165
1713723128877468160.000000,0.077283517,0.043950606,0.968370378,0.005858551,0.043624304,-0.010946779,0.998970866
1713723128911004416.000000,0.078740664,0.046303704,0.972252131,0.002446176,0.043159172,-0.010384282,0.999011278
1713723128944542976.000000,0.109618485,0.052346516,1.116428494,0.003644209,0.039010402,-0.010333666,0.999178767
1713723128978083072.000000,0.088709764,0.045758247,0.982432663,0.005673626,0.040514477,-0.009979717,0.999113023
1713723129011625984.000000,0.090083905,0.045227192,0.986132085,0.005522385,0.039906740,-0.009876262,0.999139369
1713723129045170432.000000,0.104579262,0.051868264,1.155167103,0.003931050,0.041567929,-0.009975329,0.999078155
1713723129078717440.000000,0.104603752,0.051949870,1.160696983,0.004684148,0.041618802,-0.010194951,0.999070585
1713723129112266240.000000,0.105563082,0.050688699,1.165691376,0.007519618,0.041359782,-0.010558487,0.999060273
1713723129145978880.000000,0.105825402,0.051431093,1.169216871,0.006182833,0.041582879,-0.010255102,0.999063373
1713723129179296768.000000,0.089851178,0.044019442,1.006805778,0.004231780,0.039788932,-0.009998830,0.999149144
1713723129212613632.000000,0.089375488,0.043906115,1.016719103,0.006158011,0.039769776,-0.010857516,0.999130905
1713723129245930240.000000,0.092369609,0.043184225,1.021904230,0.009468461,0.039182097,-0.010910654,0.999127686
1713723129279246080.000000,0.099151991,0.045803782,1.017519951,0.005906489,0.037492525,-0.009718040,0.999232173
1713723129312561920.000000,0.100570805,0.049613874,1.023800850,0.005844118,0.036954451,-0.009722896,0.999252617
1713723129345877760.000000,0.109799527,0.053043205,1.223345518,0.007336138,0.041279476,-0.009426598,0.999076307
1713723129379192576.000000,0.112553686,0.053810578,1.228156209,0.007797681,0.040454067,-0.009151903,0.999109089
1713723129412507648.000000,0.113119282,0.055462647,1.232904911,0.005020812,0.040681470,-0.009012517,0.999118924
1713723129445821696.000000,0.119694814,0.057159510,1.235893369,0.005072719,0.039410014,-0.009724843,0.999162912
1713723129479136000.000000,0.122422293,0.056378804,1.241224051,0.007649183,0.038733151,-0.010446823,0.999165773
1713723129512450048.000000,0.122099452,0.056486763,1.245870113,0.006832808,0.039145567,-0.010398708,0.999156058
1713723129545763328.000000,0.099715665,0.045752496,1.059558272,0.002297049,0.038799211,-0.010714104,0.999186993
1713723129579076608.000000,0.095161006,0.044653807,1.067818999,0.003315764,0.040511403,-0.010822770,0.999114990
1713723129612388608.000000,0.095586546,0.044249848,1.072884202,0.004969234,0.040536873,-0.010408064,0.999111533
1713723129645700864.000000,0.111898974,0.046637703,1.073311448,0.002752575,0.035903454,-0.010436386,0.999297023
1713723129679013376.000000,0.110929847,0.047456957,1.079271555,0.002579049,0.035905793,-0.010892852,0.999292552
1713723129712324608.000000,0.108805165,0.047022142,1.085334182,0.005142609,0.036977205,-0.010345653,0.999249339
1713723129745636096.000000,0.105000921,0.052130558,1.154388666,0.004999577,0.040248532,-0.008508246,0.999140978
1713723129778946816.000000,0.103796184,0.053275540,1.159945846,0.004050559,0.039826501,-0.007981404,0.999166548
1713723129812257280.000000,0.100515544,0.052574601,1.166861057,0.004990197,0.039959665,-0.007347712,0.999161899
1713723129845567744.000000,0.098329604,0.052304447,1.172233105,0.006334037,0.039154753,-0.006709766,0.999190569
1713723129878877440.000000,0.108612955,0.052617900,1.133375287,0.004352468,0.032721806,-0.007912030,0.999423683
1713723129912187136.000000,0.104762919,0.051304109,1.141454220,0.004520957,0.032038197,-0.009232468,0.999433815
1713723129945495808.000000,0.101239458,0.050271772,1.148860812,0.005228030,0.032084987,-0.008517366,0.999435186
1713723129978804480.000000,0.099790119,0.050442785,1.154617310,0.004875093,0.030741956,-0.007758462,0.999485373
1713723130012113408.000000,0.103538029,0.050586745,1.161979198,0.004001244,0.028636601,-0.006275715,0.999562204
1713723130045421056.000000,0.102649182,0.050814830,1.168797016,0.005569387,0.027236862,-0.007390765,0.999586225
1713723130078728960.000000,0.102891445,0.051512916,1.173653007,0.005106674,0.026148355,-0.006555997,0.999623597
1713723130112036352.000000,0.101175919,0.051864307,1.179094911,0.004596415,0.024640635,-0.006517704,0.999664605
1713723130145337856.000000,0.101578668,0.050640885,1.191570640,0.004550556,0.023235379,-0.005381346,0.999705195
1713723130178656512.000000,0.099996470,0.050253656,1.197931051,0.005804786,0.021978883,-0.006332533,0.999721587
1713723130211975168.000000,0.099302024,0.050656997,1.203866720,0.004656343,0.020591037,-0.005715759,0.999760807
1713723130245292800.000000,0.097931623,0.049862120,1.209619641,0.004479574,0.019663822,-0.006017774,0.999778569
1713723130278610688.000000,0.100987799,0.050835103,1.221304059,0.005459351,0.017993107,-0.005551804,0.999807775
1713723130311928320.000000,0.100576051,0.050195049,1.226168275,0.005721608,0.018022278,-0.005850333,0.999804139
1713723130345245440.000000,0.100635961,0.050722867,1.231670976,0.004816352,0.017163109,-0.005968916,0.999823272
1713723130378562048.000000,0.100912116,0.050471183,1.236948252,0.004380205,0.017261865,-0.006155230,0.999822497
1713723130411878400.000000,0.098441869,0.049456935,1.189654827,0.007068490,0.018048732,-0.004772586,0.999800801
1713723130445194240.000000,0.099566281,0.052033700,1.194831371,0.005877301,0.017827926,-0.004280916,0.999814630
1713723130478509824.000000,0.100525729,0.052244324,1.199934006,0.005868855,0.017062742,-0.004422234,0.999827504
1713723130511825408.000000,0.102037720,0.052559223,1.205709457,0.005910890,0.016985457,-0.004545016,0.999828041
1713723130545140224.000000,0.104218863,0.054425221,1.279229045,0.006815853,0.016805410,-0.005301717,0.999821484
1713723130578455296.000000,0.104963101,0.055373807,1.284936070,0.005173408,0.016543623,-0.005521313,0.999834538
1713723130611769088.000000,0.105140224,0.055893362,1.290374517,0.005799551,0.016524717,-0.005615920,0.999830902
1713723130645083136.000000,0.104738869,0.056160409,1.296411872,0.006447374,0.016424110,-0.006009505,0.999826252
1713723130678396928.000000,0.106738284,0.056324288,1.307088852,0.005409060,0.016243644,-0.005711528,0.999837160
1713723130711710464.000000,0.106921598,0.056862500,1.313827157,0.005999601,0.015837314,-0.006335622,0.999836564
1713723130745023488.000000,0.107371867,0.057286024,1.319635034,0.005664801,0.016229020,-0.006182935,0.999833167
1713723130778336000.000000,0.107413024,0.057776239,1.325278878,0.005630567,0.015543905,-0.006262803,0.999843776
1713723130811648256.000000,0.099668674,0.052960899,1.249254823,0.004939835,0.017459283,-0.003089682,0.999830663
1713723130844960512.000000,0.100167736,0.052432995,1.255369663,0.007896308,0.016889004,-0.004103316,0.999817789
1713723130878272000.000000,0.100721948,0.053897008,1.260448217,0.005814760,0.017075229,-0.003888769,0.999829769
1713723130911583488.000000,0.100698762,0.054428294,1.266200066,0.004796596,0.016608184,-0.004114651,0.999842167
1713723130944893952.000000,0.103067197,0.052037314,1.268547773,0.005006394,0.016175937,-0.003340476,0.999851108
1713723130978204672.000000,0.103510939,0.051871013,1.273693085,0.007078162,0.015781883,-0.004022073,0.999842405
1713723131011514880.000000,0.103343777,0.053825334,1.290982366,0.004792698,0.016319420,-0.003651806,0.999848723
1713723131044824832.000000,0.103192963,0.054379426,1.296457291,0.003962558,0.015894677,-0.003913966,0.999858201
1713723131078134528.000000,0.103317834,0.053502519,1.302841067,0.006531786,0.016291646,-0.004172506,0.999837279
1713723131111443712.000000,0.103935540,0.053513788,1.307165265,0.007069839,0.016123107,-0.004173068,0.999836326
1713723131144735232.000000,0.104444914,0.055353429,1.321226001,0.003851711,0.015833806,-0.002959813,0.999862909
1713723131178068992.000000,0.105281822,0.055786122,1.327155828,0.003986463,0.015745977,-0.003678044,0.999861360
1713723131211403008.000000,0.106063925,0.054370563,1.333027124,0.007666551,0.016261442,-0.004219082,0.999829531
1713723131244736256.000000,0.107443333,0.055388786,1.337280154,0.006142625,0.017238498,-0.004537372,0.999822259
1713723131278068992.000000,0.105727330,0.057185870,1.349331260,0.003589368,0.020670695,-0.000266315,0.999779880
1713723131311401984.000000,0.108614445,0.058427665,1.354821444,0.005735125,0.023193151,-0.000598038,0.999714375
1713723131344735488.000000,0.112223528,0.057424944,1.359580278,0.007713581,0.026232818,-0.000017856,0.999626160
1713723131378067968.000000,0.115816645,0.058690574,1.362828255,0.004467397,0.029582160,-0.000167136,0.999552369
1713723131411400192.000000,0.120412901,0.057852510,1.377815723,0.003688775,0.034042425,-0.000768822,0.999413311
1713723131444733184.000000,0.118608512,0.058684085,1.385787606,0.007597774,0.039763521,0.005450150,0.999165356
1713723131478065152.000000,0.119086079,0.059974153,1.389765382,0.006844055,0.042916968,0.005247095,0.999041498
1713723131511397632.000000,0.119958989,0.060650725,1.395845056,0.004604959,0.046324868,0.004718459,0.998904705
1713723131544729344.000000,0.131175786,0.060312476,1.407185316,0.006270489,0.047855314,-0.000206871,0.998834610
1713723131578061568.000000,0.130546853,0.061475843,1.416066170,0.007756643,0.053004991,0.006447900,0.998543322
1713723131611393536.000000,0.133648202,0.062851295,1.422093630,0.004469998,0.055565935,0.006139714,0.998426139
1713723131644724736.000000,0.138009593,0.061155312,1.429422259,0.005973759,0.058092710,0.005640631,0.998277366
1713723131678056448.000000,0.153573066,0.054071378,1.378514409,0.005209826,0.052367035,-0.003920735,0.998606622
1713723131711388160.000000,0.153316915,0.055426817,1.386967182,0.003204740,0.054974813,0.001665802,0.998481214
1713723131744719616.000000,0.155975685,0.055605281,1.392980933,0.003090055,0.055796616,0.002082032,0.998435199
1713723131778050304.000000,0.157810494,0.053466126,1.399219513,0.005680927,0.056241009,0.002487537,0.998398006
1713723131811381248.000000,0.159427449,0.053844474,1.404133916,0.005009676,0.056401525,0.003021146,0.998391092
1713723131844712192.000000,0.143952340,0.063274920,1.474862099,0.003219069,0.063956372,0.000701425,0.997947276
1713723131878042624.000000,0.142519116,0.060990296,1.482623816,0.003903235,0.064940043,0.001890154,0.997879744
1713723131911373312.000000,0.142357543,0.059011251,1.487727165,0.006905312,0.065409772,0.002135792,0.997832298
1713723131944703744.000000,0.139508754,0.059215490,1.490887761,0.003382886,0.066310629,0.003089102,0.997788548
1713723131978033920.000000,0.147663832,0.061995368,1.502801180,0.003200654,0.064563543,0.001555200,0.997907281
1713723132011364096.000000,0.149676934,0.059936423,1.510053158,0.005272265,0.064581633,0.002023759,0.997896492
1713723132044694528.000000,0.151524708,0.060013559,1.515563965,0.006276076,0.064628325,0.002038057,0.997887611
1713723132078024448.000000,0.153487846,0.061501537,1.520640373,0.003351563,0.064285286,0.002494302,0.997922897
1713723132111353856.000000,0.165586188,0.056151390,1.440305710,0.002153316,0.056230761,-0.002539478,0.998412251
1713723132144692992.000000,0.166131020,0.054260157,1.447815537,0.005255712,0.056371268,-0.001782140,0.998394549
1713723132178013440.000000,0.165949285,0.055346813,1.452850938,0.003514624,0.057113856,-0.001050180,0.998360991
1713723132211333632.000000,0.167828560,0.056403846,1.457795382,0.001848344,0.056506101,-0.001030502,0.998400033
1713723132244653312.000000,0.165775523,0.057556566,1.470360875,0.002444390,0.057775866,-0.001900338,0.998324811
1713723132277972992.000000,0.166149139,0.057392899,1.477295995,0.005159995,0.057796534,-0.001521850,0.998313904
1713723132311291648.000000,0.162229732,0.059512265,1.481984973,0.002391651,0.059050225,-0.000927445,0.998251736
1713723132344610816.000000,0.163635418,0.059971601,1.487333775,0.002118971,0.058810927,-0.000665970,0.998266757
1713723132377929216.000000,0.172053829,0.060349580,1.499209762,0.003658899,0.057460476,-0.001478611,0.998340011
1713723132411247616.000000,0.170183197,0.060968775,1.505470157,0.005538654,0.058072463,-0.001462779,0.998295903
1713723132444565504.000000,0.173200950,0.063277304,1.510967493,0.001968171,0.057733051,-0.001077880,0.998329580
1713723132477883136.000000,0.174511001,0.062963329,1.517385602,0.001703091,0.057649769,-0.001133215,0.998334825
1713723132511200512.000000,0.181078687,0.058871273,1.524836421,0.004406023,0.056984082,-0.001151025,0.998364747
1713723132544517376.000000,0.178820461,0.060094383,1.532665730,0.002936736,0.057785574,-0.000995537,0.998324275
1713723132577833984.000000,0.181119204,0.060774833,1.538420916,0.000774612,0.056863926,-0.001017075,0.998381197
1713723132611150080.000000,0.180673629,0.059917349,1.544502139,0.001418443,0.057864215,-0.001114702,0.998322904
1713723132644465920.000000,0.199253261,0.056282192,1.543831229,0.004067030,0.053307142,-0.001349222,0.998569012
1713723132677781248.000000,0.179693997,0.066414617,1.592723489,0.002629539,0.059646480,-0.000844938,0.998215854
1713723132711097088.000000,0.181743070,0.067129046,1.599088192,0.001954143,0.059306186,-0.000897706,0.998237610
1713723132744411648.000000,0.182440519,0.066305861,1.605506659,0.002866769,0.059950907,-0.000854793,0.998196840
1713723132777726464.000000,0.181659013,0.066481732,1.610285997,0.005031793,0.060342044,-0.000964994,0.998164594
1713723132811040768.000000,0.185632035,0.063976258,1.625740647,0.001058853,0.059963215,-0.000571314,0.998199880
1713723132844354304.000000,0.186258644,0.065261550,1.635954261,0.000639586,0.059654903,-0.000750050,0.998218596
1713723132877667840.000000,0.186736584,0.063822344,1.644759417,0.003720822,0.060722180,-0.000312964,0.998147726
1713723132910981120.000000,0.186674312,0.065608226,1.649537683,0.004678284,0.060939133,-0.000156430,0.998130500
1713723132944294144.000000,0.177548841,0.062351231,1.555189013,0.000644853,0.059987571,-0.002150484,0.998196661
1713723132977606912.000000,0.178942367,0.062024940,1.563833356,0.001662937,0.060293101,-0.002268025,0.998176754
1713723133010919424.000000,0.180476338,0.061244283,1.570193172,0.004919824,0.060776286,-0.002022275,0.998137236
1713723133044231168.000000,0.179516360,0.063952520,1.573687673,0.004007822,0.061068073,-0.002225563,0.998123109
1713723133077542912.000000,0.194685772,0.063678205,1.651335359,0.000575090,0.059647296,-0.001884577,0.998217642
1713723133110854144.000000,0.192481726,0.063335694,1.660313249,0.002290929,0.060795419,-0.001183560,0.998146892
1713723133144142848.000000,0.193142787,0.062748052,1.666401029,0.004967920,0.061058052,-0.001019966,0.998121381
1713723133177486336.000000,0.194398314,0.064936012,1.670801163,0.002304544,0.060561623,-0.001227934,0.998161077
1713723133210829824.000000,0.216466948,0.064278908,1.672736526,0.001030459,0.055089958,-0.001718196,0.998479426
1713723133244172800.000000,0.213719919,0.062938489,1.681957364,0.002702085,0.056225818,-0.001532259,0.998413324
1713723133277515776.000000,0.200810626,0.067103334,1.696740389,0.005226131,0.060763858,-0.002619995,0.998135090
1713723133310858496.000000,0.201357991,0.068909623,1.701182127,0.002343190,0.060622461,-0.002634543,0.998154521
1713723133344200960.000000,0.202175602,0.068367884,1.706334829,0.002234781,0.060672682,-0.002807418,0.998151302
1713723133377543424.000000,0.200195163,0.066651553,1.710968614,0.005012004,0.062253404,-0.002850482,0.998043776
1713723133410885888.000000,0.183284402,0.065655626,1.617208600,0.006171951,0.063021898,-0.003356310,0.997987449
1713723133444227584.000000,0.186361283,0.066043571,1.624724865,0.002914925,0.061994560,-0.003675191,0.998065531
1713723133477569536.000000,0.190120995,0.064734988,1.633710623,0.003840091,0.061858553,-0.003982620,0.998069644
1713723133510911232.000000,0.191755906,0.063060597,1.642919421,0.005905997,0.062094316,-0.003092704,0.998048067
1713723133544252928.000000,0.200522467,0.066414222,1.636716604,0.004663818,0.058870640,-0.003619556,0.998248219
1713723133577594368.000000,0.183200017,0.065355659,1.653752446,0.003353581,0.063778356,-0.003684230,0.997951746
1713723133610935296.000000,0.185934111,0.064188972,1.660807252,0.004020787,0.063584827,-0.003974128,0.997960448
1713723133644276224.000000,0.183187440,0.063739233,1.664276004,0.005338982,0.064814113,-0.003553228,0.997876763
1713723133677616896.000000,0.183499798,0.064949758,1.668410897,0.003200379,0.064406976,-0.003497412,0.997912526
1713723133710957568.000000,0.205445498,0.064818218,1.675475359,0.002896019,0.058890961,-0.004338045,0.998250842
1713723133744297728.000000,0.202809781,0.063953698,1.684177399,0.004331434,0.060303800,-0.004154924,0.998162031
1713723133777637888.000000,0.190258726,0.068098038,1.667757750,0.005396097,0.063608564,-0.005759381,0.997943759
1713723133810978048.000000,0.188612670,0.068738766,1.672104597,0.002626828,0.063787624,-0.005990904,0.997942090
1713723133844318208.000000,0.188645601,0.067433015,1.677437544,0.002825095,0.063959621,-0.006408924,0.997927964
1713723133877657344.000000,0.186614498,0.066469871,1.681990147,0.005172329,0.065208651,-0.006097367,0.997839689
1713723133910997504.000000,0.187783733,0.067530960,1.686120272,0.003601279,0.064359926,-0.006141696,0.997901380
1713723133944336384.000000,0.189368740,0.068085320,1.691128254,0.001629435,0.064204983,-0.006395373,0.997914970
1713723133977675776.000000,0.199028254,0.065039054,1.741340041,0.002653872,0.063706487,-0.005308522,0.997951090
1713723134011014400.000000,0.188050166,0.065242991,1.747805953,0.003341940,0.067194127,-0.005611678,0.997718632
1713723134044353536.000000,0.187865138,0.066230997,1.752909899,0.001212230,0.067033522,-0.005691228,0.997733831
1713723134077691904.000000,0.186024860,0.065110967,1.757671237,0.000746804,0.067647696,-0.005419039,0.997694314
1713723134111030272.000000,0.207084998,0.066612318,1.769683838,0.002603975,0.061891779,-0.005223359,0.998065770
1713723134144381696.000000,0.203576192,0.068316922,1.776800871,0.002972747,0.061718896,-0.005366307,0.998074770
1713723134177701120.000000,0.201335102,0.069415063,1.783195376,0.000930294,0.061021168,-0.005384822,0.998121560
1713723134211019264.000000,0.200316414,0.068794787,1.788761258,0.001006667,0.060156845,-0.005208822,0.998174846
1713723134244337920.000000,0.203902200,0.074545056,1.741495728,0.003690162,0.056315202,-0.009682212,0.998359323
1713723134277655552.000000,0.199877098,0.074979469,1.746957064,0.002167940,0.055422094,-0.011059917,0.998399436
1713723134310973440.000000,0.196585789,0.074976154,1.752644658,0.000258978,0.054900117,-0.011511195,0.998425484
1713723134344290816.000000,0.194592521,0.073845290,1.758159518,0.001345214,0.054500971,-0.011681213,0.998444498
1713723134377607680.000000,0.205628008,0.069268338,1.824863911,0.001126179,0.052398395,-0.004184780,0.998616934
1713723134410924032.000000,0.202972800,0.068874806,1.830312371,-0.002250612,0.050844457,-0.006182090,0.998684943
1713723134444240640.000000,0.201232135,0.067313813,1.836219549,-0.002472122,0.049852543,-0.006959826,0.998729289
1713723134477555968.000000,0.196947724,0.067820080,1.839430451,0.000202167,0.050331198,-0.006728681,0.998709917
1713723134510871552.000000,0.207493469,0.069285415,1.854032159,-0.001658338,0.045799937,-0.005515455,0.998934031
1713723134544187136.000000,0.205037519,0.067806706,1.861527443,-0.003537109,0.044674337,-0.008661286,0.998957813
1713723134577501696.000000,0.205101699,0.065956838,1.868448615,-0.001840358,0.043318786,-0.008472371,0.999023736
1713723134610816512.000000,0.201719731,0.067451976,1.871147156,-0.000725186,0.042911969,-0.008208857,0.999044895
1713723134644130816.000000,0.185990170,0.072003417,1.788728714,-0.001913638,0.042207647,-0.011388962,0.999042153
1713723134677444096.000000,0.183903858,0.070993811,1.795116663,-0.001976542,0.041405212,-0.013484623,0.999049544
1713723134710757376.000000,0.183304563,0.069781981,1.800162554,-0.000448512,0.039578613,-0.013422840,0.999126196
1713723134744070656.000000,0.180204123,0.072625510,1.803293586,-0.000542348,0.038743105,-0.013523199,0.999157608
1713723134777383680.000000,0.209808826,0.068814471,1.912263513,-0.002419285,0.030764289,-0.006953389,0.999499559
1713723134810696448.000000,0.207408935,0.070128515,1.917652845,-0.001588892,0.029765856,-0.008258764,0.999521494
1713723134844007936.000000,0.207249776,0.070001990,1.923059821,-0.001166212,0.027843902,-0.008041592,0.999579310
1713723134877319936.000000,0.206009477,0.072907619,1.926785469,-0.000473745,0.026672352,-0.008764381,0.999605715
1713723134910631424.000000,0.205820650,0.071159117,1.941079617,-0.000816866,0.024704568,-0.007972224,0.999662697
1713723134943942656.000000,0.203150436,0.074318536,1.945420861,0.000190615,0.024142414,-0.009549836,0.999662936
1713723134977253120.000000,0.202666461,0.074325837,1.951080441,0.000410332,0.022652607,-0.009552950,0.999697745
1713723135010563328.000000,0.200405717,0.076228105,1.955165148,0.002184727,0.022003766,-0.009634173,0.999709129
1713723135043873536.000000,0.199368089,0.077361137,1.959613442,0.000443599,0.020210812,-0.009338570,0.999752045
1713723135077182976.000000,0.168414041,0.072180241,1.847477078,-0.001196448,0.024871273,-0.010602270,0.999633729
1713723135110492672.000000,0.166960746,0.071260192,1.854871035,0.001644902,0.023329187,-0.012153079,0.999652684
1713723135143798784.000000,0.165327117,0.074269928,1.858513474,0.002406458,0.022491623,-0.011892953,0.999673426
1713723135177117952.000000,0.165510178,0.075214528,1.863792300,-0.000524672,0.019957963,-0.011880049,0.999730110
1713723135210437632.000000,0.163869023,0.069250636,1.861933351,-0.001869665,0.019018941,-0.007033674,0.999792635
1713723135243755776.000000,0.191211030,0.079578772,1.952249289,0.004006442,0.008911661,-0.012299234,0.999876678
1713723135277074688.000000,0.190332398,0.081632890,1.956646442,0.003365237,0.008360215,-0.011886187,0.999888778
1713723135310392064.000000,0.190348104,0.083548933,1.961759806,0.000866386,0.007648280,-0.011758531,0.999901295
1713723135343709696.000000,0.191576377,0.083812587,1.967885017,0.001405229,0.006540257,-0.012112255,0.999904335
1713723135377027328.000000,0.162543043,0.067518719,1.881234884,0.000510649,0.015167016,-0.007831721,0.999854207
1713723135410344192.000000,0.191263765,0.085706361,1.986068726,0.002652422,0.005271885,-0.010806092,0.999924242
1713723135443661056.000000,0.190709889,0.087332927,1.991731644,0.000489056,0.004265808,-0.011004983,0.999930322
1713723135476977408.000000,0.191029131,0.086775087,1.997967958,0.002452227,0.004406406,-0.011024470,0.999926567
1713723135510292992.000000,0.190906599,0.087266013,2.002843857,0.003604627,0.003758881,-0.010564650,0.999930680
1713723135543608576.000000,0.157110482,0.074439459,1.910423398,-0.001533467,0.014161400,-0.008773243,0.999860108
1713723135576924160.000000,0.157005847,0.074075095,1.916239858,-0.001044153,0.014248265,-0.008827737,0.999858975
1713723135610238720.000000,0.161460310,0.076516554,1.923962712,0.000880827,0.012376140,-0.009213260,0.999880612
1713723135643553536.000000,0.162240997,0.077200130,1.929601312,0.000583684,0.012176542,-0.009088808,0.999884367
1713723135676867840.000000,0.169863418,0.078026563,1.973441362,0.000219790,0.009604998,-0.007576224,0.999925137
1713723135710181376.000000,0.169641152,0.077976897,1.978752732,-0.000689497,0.009524839,-0.007459519,0.999926627
1713723135743494912.000000,0.169820249,0.076828398,1.983867168,0.000828091,0.008952052,-0.007280861,0.999933064
1713723135776807936.000000,0.170205876,0.076875865,1.988646030,-0.000363282,0.009249685,-0.007235205,0.999931037
1713723135810120960.000000,0.153218314,0.072863124,1.945422888,-0.001707426,0.013392554,-0.007221693,0.999882817
1713723135843433984.000000,0.170369238,0.075207047,2.010069847,0.000212432,0.007468598,-0.007119587,0.999946773
1713723135876746240.000000,0.169869050,0.075312734,2.014381886,0.001352349,0.006716101,-0.006655296,0.999954402
1713723135910057472.000000,0.169096574,0.076125726,2.019037247,-0.000496766,0.005508625,-0.006392460,0.999964297
1713723135943369472.000000,0.168609232,0.075841539,2.023944616,-0.000350703,0.004264167,-0.005977945,0.999972999
1713723135976680448.000000,0.146347150,0.073098794,1.968609810,0.000400315,0.009081134,-0.007043944,0.999933898
1713723136009991168.000000,0.145552024,0.073974133,1.972836733,0.000337718,0.008208275,-0.007243432,0.999940038
1713723136043302144.000000,0.144639894,0.074597940,1.977754593,-0.000071406,0.006988272,-0.007242122,0.999949396
1713723136076612096.000000,0.144150287,0.075129427,1.982250094,0.000158333,0.006188093,-0.007113365,0.999955595
1713723136109922048.000000,0.168182969,0.078846619,2.066201448,0.001827170,-0.002804619,-0.006340202,0.999974370
1713723136143224576.000000,0.166995183,0.079225242,2.070883274,0.001840870,-0.003283881,-0.006504697,0.999971807
1713723136176542720.000000,0.170695335,0.080391504,2.076153755,0.001547381,-0.006525672,-0.006905050,0.999953687
1713723136209861376.000000,0.169836491,0.081049897,2.081344843,0.001264072,-0.007318282,-0.006548953,0.999951005
1713723136243178752.000000,0.161203727,0.080964074,2.083556652,0.003345346,-0.006337655,-0.004555710,0.999963999
1713723136276496640.000000,0.123962410,0.073316827,1.994422317,0.001703479,0.004016726,-0.003202612,0.999985397
1713723136309814272.000000,0.122835040,0.074425019,1.999292612,0.000247584,0.003296044,-0.003618450,0.999988019
1713723136343131136.000000,0.122785054,0.073910080,2.004005194,0.000697496,0.003329452,-0.004086679,0.999985933
1713723136376447744.000000,0.123834223,0.072483182,2.008928299,0.003123130,0.003347922,-0.004485089,0.999979496
1713723136409763584.000000,0.121273547,0.075236879,2.010970592,0.002916541,0.005846727,-0.003869764,0.999971151
1713723136443079424.000000,0.132782057,0.075198874,2.029407978,0.000284101,0.005014657,-0.004457938,0.999977529
1713723136476395264.000000,0.136257514,0.073399752,2.035580635,0.001047596,0.006052743,-0.005114115,0.999968112
1713723136509710848.000000,0.139202133,0.072899170,2.040154696,0.004202838,0.007603704,-0.004578449,0.999951780
1713723136543025152.000000,0.140848592,0.074890062,2.044409275,0.001652422,0.008470709,-0.004900233,0.999950767
1713723136576339456.000000,0.135762483,0.075433321,2.047254562,0.000244144,0.010766987,-0.006584327,0.999920368
1713723136609654016.000000,0.142127067,0.074766047,2.065721750,0.002141668,0.011257996,-0.004057740,0.999926150
1713723136642968064.000000,0.142475069,0.074389718,2.069983721,0.003525659,0.011763293,-0.003518968,0.999918401
1713723136676281088.000000,0.143234357,0.076085232,2.074603796,0.000985988,0.012519632,-0.003444940,0.999915242
1713723136709594368.000000,0.143919289,0.076377898,2.079549551,0.000506056,0.012985207,-0.003609773,0.999909043
1713723136742907392.000000,0.143194631,0.075029105,2.084940672,0.002251806,0.014140704,-0.004354229,0.999888062
1713723136776219648.000000,0.143339559,0.075830467,2.088532686,0.003842705,0.015227297,-0.003686467,0.999869943
1713723136809531392.000000,0.133907080,0.076297417,2.076770306,-0.000059997,0.017571410,-0.004718300,0.999834538
1713723136842843648.000000,0.132089660,0.077111974,2.080768824,0.000547600,0.018806085,-0.004749076,0.999811709
1713723136876154368.000000,0.131619036,0.076627061,2.085851431,0.002506443,0.019554205,-0.004601545,0.999795079
1713723136909465856.000000,0.131035373,0.077458337,2.089886904,0.001828878,0.019910073,-0.004273455,0.999790967
1713723136942776320.000000,0.146388873,0.079236694,2.110223770,0.000290695,0.016033739,-0.004621404,0.999860823
1713723136976086528.000000,0.151686117,0.079859622,2.141430378,0.000902852,0.015923707,-0.004169063,0.999864161
1713723137009396736.000000,0.151852012,0.079337291,2.146353006,0.002539053,0.016230721,-0.003913645,0.999857426
1713723137042706176.000000,0.152279198,0.080325782,2.151007891,0.000073287,0.015919002,-0.003982733,0.999865413
1713723137076015616.000000,0.152758524,0.079934157,2.156096697,0.000186429,0.016208928,-0.003990667,0.999860704
1713723137109325056.000000,0.147070423,0.078842223,2.133916855,0.001783571,0.017098380,-0.004846415,0.999840498
1713723137142623744.000000,0.140655011,0.079141349,2.142941475,0.001120319,0.018784644,-0.005493219,0.999807894
1713723137175945216.000000,0.141053528,0.079085492,2.147742748,-0.000074904,0.018775130,-0.005832357,0.999806702
1713723137209267456.000000,0.141616479,0.078713052,2.152174950,0.000600718,0.019051995,-0.005791457,0.999801576
1713723137242588160.000000,0.142531261,0.078242436,2.157252312,0.000936597,0.018764118,-0.005997775,0.999805510
1713723137275909120.000000,0.141255736,0.082533978,2.191766500,0.001289093,0.019875262,-0.007217191,0.999775648
1713723137309230080.000000,0.141769946,0.081427291,2.197321892,0.000940835,0.019549448,-0.008059852,0.999775946
1713723137342550272.000000,0.142160356,0.081042364,2.202596664,0.000872841,0.020159289,-0.008107623,0.999763548
1713723137375870208.000000,0.142553002,0.080654137,2.207356453,0.001015853,0.019760055,-0.008179544,0.999770761
1713723137409189888.000000,0.142812997,0.080599837,2.212383509,-0.000497129,0.019938080,-0.008257172,0.999767005
1713723137442509056.000000,0.156599134,0.085142687,2.234011889,0.001673216,0.017182598,-0.006845625,0.999827564
1713723137475828480.000000,0.156708166,0.084255077,2.239687920,0.000807134,0.017278155,-0.007193697,0.999824524
1713723137509146880.000000,0.156278491,0.084203251,2.243934393,0.000791927,0.017268656,-0.007208008,0.999824584
1713723137542465792.000000,0.156847402,0.083232969,2.249525070,-0.000065941,0.017309403,-0.007456552,0.999822438
1713723137575783168.000000,0.159994051,0.085545845,2.264133453,0.001094774,0.016881101,-0.006570521,0.999835372
1713723137609100800.000000,0.159834385,0.085110024,2.269659042,0.000571933,0.016887303,-0.006877386,0.999833584
1713723137642418432.000000,0.159620970,0.085247062,2.274375916,0.000210630,0.017232813,-0.006814780,0.999828279
1713723137675735552.000000,0.159720927,0.083624244,2.279752731,0.000509506,0.016876677,-0.007206189,0.999831557
1713723137709052416.000000,0.159404978,0.085174687,2.281208754,0.000856017,0.017253228,-0.006399200,0.999830365
1713723137742368768.000000,0.133869067,0.085546695,2.281995773,-0.000771783,0.023268325,-0.008853486,0.999689817
1713723137775684864.000000,0.133759826,0.085008621,2.287177324,-0.001485274,0.023442088,-0.009080536,0.999682903
1713723137809000192.000000,0.133711070,0.082940802,2.292881250,0.000694936,0.023413733,-0.009727183,0.999678314
1713723137842316032.000000,0.133888215,0.083992951,2.296958447,0.000130955,0.023839714,-0.009489989,0.999670804
1713723137875630848.000000,0.133309901,0.084281161,2.298015118,-0.003785608,0.023807429,-0.008862057,0.999670148
1713723137908945920.000000,0.161647379,0.086316727,2.335677385,-0.002213818,0.018085476,-0.007133443,0.999808550
1713723137942259968.000000,0.161895379,0.085638508,2.340896130,0.000114941,0.018368352,-0.006674394,0.999809027
1713723137975574528.000000,0.161945492,0.086788967,2.346104145,-0.002608514,0.018377438,-0.006344939,0.999807656
1713723138008888320.000000,0.162569150,0.086985126,2.351020813,-0.003464641,0.018030457,-0.006455711,0.999810636
1713723138042201856.000000,0.163271800,0.084966578,2.366518259,-0.001616197,0.018312223,-0.007027951,0.999806345
1713723138075514624.000000,0.162903413,0.085074812,2.370728493,-0.000937511,0.018392222,-0.006495930,0.999809325
1713723138108827648.000000,0.162693739,0.086485960,2.374921322,-0.003866185,0.018535435,-0.006288539,0.999800980
1713723138142137344.000000,0.162684485,0.086291336,2.380228281,-0.004140721,0.018367659,-0.006453781,0.999801934
1713723138175454976.000000,0.160673141,0.082733326,2.371525049,-0.001414165,0.018961599,-0.006579141,0.999797642
1713723138208772096.000000,0.118070364,0.082906120,2.256660700,-0.002296411,0.030010026,-0.007423523,0.999519408
1713723138242088960.000000,0.117950566,0.084470607,2.260499239,-0.005331866,0.029650630,-0.007648824,0.999516904
1713723138275406080.000000,0.118386582,0.083309770,2.265941620,-0.004186363,0.029980628,-0.008123505,0.999508739
1713723138308722176.000000,0.118845977,0.082014985,2.270845890,-0.000130522,0.029889045,-0.008124674,0.999520242
1713723138342038272.000000,0.162162811,0.089172453,2.400996447,-0.002617716,0.018724203,-0.005598680,0.999805570
1713723138375354368.000000,0.134019434,0.085974358,2.410778046,-0.004816653,0.024949925,-0.009210760,0.999634743
1713723138408669184.000000,0.134513050,0.084171094,2.417658329,-0.002145286,0.025720529,-0.009304166,0.999623597
1713723138441984512.000000,0.134893253,0.084175617,2.422314644,-0.001722431,0.024981115,-0.009055848,0.999645412
1713723138475298816.000000,0.135837406,0.085829355,2.427042723,-0.004512658,0.024820894,-0.008951263,0.999641716
1713723138508613120.000000,0.135785416,0.086238042,2.428800106,-0.004316542,0.024917239,-0.008822961,0.999641299
1713723138541927168.000000,0.118585140,0.085947134,2.434877634,-0.001507731,0.029055951,-0.008844460,0.999537528
1713723138575240704.000000,0.119008787,0.087046668,2.439440489,-0.001920898,0.029167358,-0.008496556,0.999536633
1713723138608553728.000000,0.122555807,0.086417429,2.443847418,-0.005306550,0.028016470,-0.008090362,0.999560714
1713723138641866752.000000,0.124109954,0.086151384,2.450169802,-0.004244890,0.027546039,-0.008542906,0.999575078
1713723138675178752.000000,0.136557639,0.086468413,2.452399492,-0.000663244,0.024821166,-0.007931389,0.999660254
1713723138708490752.000000,0.136826053,0.088382706,2.456675053,-0.003572836,0.024758551,-0.007257308,0.999660730
1713723138741803008.000000,0.120412640,0.090839379,2.462501049,-0.004667593,0.028614890,-0.007191862,0.999553800
1713723138775113984.000000,0.137770429,0.088689737,2.467869759,-0.001690665,0.024595696,-0.007508416,0.999667883
1713723138808424960.000000,0.121385112,0.090165883,2.472972870,-0.000937282,0.028563226,-0.006487764,0.999570489
1713723138841736192.000000,0.137998894,0.090885170,2.477079153,-0.004017935,0.024136938,-0.006885618,0.999676943
1713723138875046144.000000,0.121865146,0.091255896,2.482996464,-0.003194723,0.028594622,-0.006485683,0.999565005
1713723138908356096.000000,0.121939704,0.090408556,2.488248825,-0.001356056,0.028803207,-0.006200070,0.999564946
1713723138941665792.000000,0.137995526,0.090235874,2.491580963,-0.002509220,0.024625849,-0.005800537,0.999676824
1713723138974975232.000000,0.121750757,0.091751225,2.496911526,-0.003511626,0.028977133,-0.005348933,0.999559641
1713723139008284160.000000,0.139241740,0.090588540,2.501630545,-0.002620538,0.024649061,-0.005684683,0.999676645
1713723139041592576.000000,0.122190192,0.090506233,2.507241249,-0.000409220,0.028956069,-0.005127519,0.999567449
1713723139074900992.000000,0.111045435,0.090150863,2.371271610,-0.002284823,0.034974292,-0.005087330,0.999372721
1713723139108208384.000000,0.115766764,0.088394538,2.376707792,-0.003792196,0.033114962,-0.005542027,0.999429047
1713723139141509632.000000,0.116337873,0.086074032,2.382328749,-0.000989427,0.033373557,-0.005766669,0.999425828
1713723139174826752.000000,0.116226800,0.089371577,2.385240316,0.000853564,0.033403713,-0.004917518,0.999429524
1713723139208144128.000000,0.104902253,0.090653338,2.388139248,-0.002700486,0.037163835,-0.005033886,0.999292910
1713723139241461504.000000,0.111253157,0.091133259,2.404651880,-0.002171227,0.035310354,-0.005539688,0.999358714
1713723139274778112.000000,0.110790111,0.088945627,2.409917355,0.001176900,0.035745569,-0.005837698,0.999343276
1713723139308094208.000000,0.111268818,0.091686994,2.412990332,0.000802893,0.035819989,-0.004775993,0.999346614
1713723139341410048.000000,0.111885883,0.092782386,2.417742252,-0.002598413,0.035437442,-0.004992705,0.999356091
1713723139374726144.000000,0.108776033,0.089191988,2.422330856,-0.001633847,0.036965895,-0.005043458,0.999302447
1713723139408040960.000000,0.108204350,0.088230468,2.426411629,-0.000255947,0.037113190,-0.004263657,0.999301970
1713723139441356032.000000,0.108007267,0.090230703,2.429986715,-0.003062487,0.037121419,-0.004040945,0.999297976
1713723139474670336.000000,0.108178087,0.090412892,2.434442759,-0.003605214,0.037238955,-0.004260417,0.999290884
1713723139507984384.000000,0.108416535,0.088505365,2.440137625,-0.001778946,0.037409335,-0.004930541,0.999286294
1713723139541298688.000000,0.108451374,0.089256190,2.444229126,-0.000469116,0.037317164,-0.004434232,0.999293566
1713723139574611968.000000,0.109379336,0.093114220,2.436197758,-0.002792225,0.037606638,-0.005502909,0.999273598
1713723139607924992.000000,0.110271744,0.092120729,2.441419363,-0.003132747,0.037289582,-0.005715715,0.999283254
1713723139641237504.000000,0.110715121,0.089045234,2.459242821,-0.000826606,0.037089545,-0.004592700,0.999301076
1713723139674549760.000000,0.111212350,0.095633358,2.450498819,0.000006756,0.037390258,-0.004912019,0.999288678
1713723139707862016.000000,0.108477756,0.094896026,2.454765558,-0.002900520,0.038330514,-0.006015848,0.999242842
1713723139741173248.000000,0.108924799,0.094451666,2.460058451,-0.001063245,0.039173454,-0.005705920,0.999215603
1713723139774484992.000000,0.109107874,0.095208645,2.464472294,0.000100589,0.038982499,-0.004881447,0.999228060
1713723139807795712.000000,0.109756395,0.096040390,2.469487190,-0.001939832,0.038755655,-0.005255007,0.999233067
1713723139841106176.000000,0.108693711,0.095336907,2.473390579,-0.001260279,0.039693322,-0.005179139,0.999197662
1713723139874416896.000000,0.108239852,0.095446572,2.477784157,-0.000647755,0.039569739,-0.004521583,0.999206424
1713723139907726592.000000,0.107822001,0.096407585,2.482169628,-0.001442241,0.039464485,-0.004480937,0.999209881
1713723139941036288.000000,0.107812457,0.095478550,2.486428738,0.000769610,0.039451100,-0.004428378,0.999211431
1713723139974344960.000000,0.109532423,0.095614567,2.508398294,-0.000715992,0.039213985,-0.004152559,0.999221981
1713723140007653632.000000,0.109552257,0.096384354,2.512973309,-0.002213192,0.038272522,-0.004258160,0.999255896
1713723140040962560.000000,0.109622434,0.094574675,2.518291235,-0.000742503,0.038330678,-0.004513944,0.999254704
1713723140074270208.000000,0.109547503,0.096018232,2.522311449,0.002662434,0.038616888,-0.003591944,0.999244094
1713723140107578112.000000,0.106412947,0.096959114,2.525926352,-0.000611482,0.038814988,-0.003334446,0.999240696
1713723140140879104.000000,0.108638011,0.097689010,2.510982513,-0.000741769,0.037721261,-0.005585427,0.999272406
1713723140174197504.000000,0.108284637,0.095821716,2.516285419,0.002123810,0.038364206,-0.005327417,0.999247372
1713723140207514880.000000,0.107671022,0.096268021,2.519728184,0.002733941,0.037792772,-0.004287875,0.999272704
1713723140240832000.000000,0.106332839,0.098297313,2.523942709,-0.000132843,0.037457298,-0.004479723,0.999288201
1713723140274149120.000000,0.106361143,0.098408990,2.537220001,0.000539132,0.037129425,-0.004546986,0.999300063
1713723140307465472.000000,0.105443642,0.097544841,2.541623116,0.002544878,0.037679814,-0.004153974,0.999278009
1713723140340781824.000000,0.104329281,0.099066064,2.545312405,0.001936229,0.037378442,-0.003547868,0.999293029
1713723140374098176.000000,0.103940718,0.100160681,2.549507618,0.000246374,0.037229907,-0.003893388,0.999299169
1713723140407413248.000000,0.101660766,0.099084385,2.563246727,0.001388451,0.037348766,-0.004465969,0.999291360
1713723140440728320.000000,0.099977791,0.098715745,2.567317009,0.003024592,0.037839718,-0.003455687,0.999273360
1713723140474043648.000000,0.097582929,0.100673787,2.571369886,0.000896717,0.036797173,-0.002657957,0.999318838
1713723140507357952.000000,0.098299280,0.100142166,2.576771736,-0.000488052,0.035473607,-0.003733853,0.999363542
1713723140540671744.000000,0.094494134,0.097955346,2.584403038,0.001612119,0.035690706,-0.004290150,0.999352396
1713723140573985792.000000,0.094468325,0.099717639,2.588110924,0.002892636,0.034514904,-0.003414136,0.999394178
1713723140607299072.000000,0.093454473,0.102030464,2.593910694,0.000228144,0.033047691,-0.004067406,0.999445558
1713723140640612352.000000,0.093336485,0.101359144,2.599267960,0.000791503,0.031741839,-0.005338706,0.999481499
1713723140673924864.000000,0.082216389,0.098479420,2.602416515,0.002259812,0.035081692,-0.002376326,0.999379098
1713723140707237120.000000,0.078281462,0.101410091,2.616300344,0.000349738,0.032814022,-0.003260149,0.999456167
1713723140740549632.000000,0.083288848,0.100575887,2.621419430,-0.002076061,0.029190877,-0.006079958,0.999553263
1713723140773860864.000000,0.083021641,0.098982595,2.626579285,0.000212156,0.028854810,-0.005430183,0.999568880
1713723140807172352.000000,0.082551584,0.102437727,2.630342960,0.002581113,0.027700031,-0.004113154,0.999604464
1713723140840483072.000000,0.066768579,0.103220165,2.642267942,-0.000892243,0.029804088,-0.004229714,0.999546468
1713723140873793536.000000,0.069793440,0.102238119,2.647257805,-0.000803941,0.027364951,-0.007725821,0.999595404
1713723140907104000.000000,0.068934791,0.101533696,2.651993752,0.001173917,0.027037703,-0.007120186,0.999608397
1713723140940413696.000000,0.069536850,0.104470745,2.655673265,0.000238811,0.024463372,-0.007150573,0.999675155
1713723140973723392.000000,0.066240646,0.098670609,2.609926939,-0.003225254,0.029698409,-0.005549343,0.999538362
1713723141007032320.000000,0.066198103,0.097335316,2.613672018,-0.001155110,0.029049614,-0.007909733,0.999546051
1713723141040341504.000000,0.064231493,0.098242290,2.617059469,-0.000793514,0.028912857,-0.007073631,0.999556661
1713723141073650176.000000,0.067601979,0.099244453,2.621909618,-0.003997700,0.025399242,-0.008500016,0.999633312
1713723141106957824.000000,0.053501450,0.099463589,2.633587122,-0.003055161,0.027901797,-0.005844375,0.999588966
1713723141140103936.000000,0.052952949,0.099256702,2.635576963,-0.001629180,0.027489457,-0.007233893,0.999594629
1713723141173632256.000000,0.052875586,0.101167127,2.639691353,-0.003814278,0.025635233,-0.007541375,0.999635696
1713723141207162624.000000,0.051401839,0.101095408,2.643403769,-0.003183104,0.025079316,-0.007443288,0.999652743
1713723141240696064.000000,0.044765074,0.100270502,2.658505678,-0.002658067,0.025500825,-0.005715918,0.999654949
1713723141274231552.000000,0.044454046,0.101823181,2.661606312,-0.003146693,0.024142068,-0.007232259,0.999677479
1713723141307769600.000000,0.043256223,0.102407284,2.666205406,-0.003287732,0.023453256,-0.007858273,0.999688685
1713723141341309696.000000,0.042398594,0.102383599,2.670663118,-0.001767225,0.022754585,-0.007672945,0.999710083
1713723141374852864.000000,0.035207108,0.097214557,2.653724194,-0.004295222,0.026767952,-0.005208191,0.999618948
1713723141408398080.000000,0.036005791,0.097983427,2.658644438,-0.004489011,0.025089199,-0.007901290,0.999643922
1713723141441946368.000000,0.035002086,0.097935826,2.663810730,-0.003633800,0.024316035,-0.008216626,0.999663949
1713723141475496192.000000,0.034140192,0.098021299,2.668157816,-0.001724183,0.023103254,-0.008101084,0.999698818
1713723141509049088.000000,0.021554574,0.097924620,2.669219732,-0.003486512,0.026406169,-0.005024359,0.999632597
1713723141542604544.000000,0.024858858,0.099750161,2.675139427,-0.003272334,0.023543712,-0.008304425,0.999682963
1713723141576161792.000000,0.019645611,0.095861845,2.691471338,-0.003098007,0.022062950,-0.007066725,0.999726892
1713723141609721856.000000,0.021214718,0.097051769,2.695317507,0.000868950,0.019870106,-0.006889312,0.999778509
1713723141643284224.000000,0.024115128,0.107244439,2.710474014,0.000274773,0.016662464,-0.007321128,0.999834359
1713723141676849664.000000,0.027783113,0.102072053,2.695434809,-0.002212776,0.016626822,-0.008524647,0.999823034
1713723141710417152.000000,0.002191731,0.096209176,2.689012527,-0.001745925,0.024887603,-0.005727496,0.999672294
1713723141743987200.000000,0.003123991,0.098615192,2.690283775,0.000382609,0.023011519,-0.005687536,0.999719024
1713723141777559040.000000,0.002027840,0.102052748,2.695095062,-0.002476190,0.021697044,-0.006067140,0.999743164
1713723141811134208.000000,-0.000038259,0.102424294,2.699594736,-0.001537568,0.020877808,-0.005903317,0.999763429
1713723141844711424.000000,-0.013891164,0.094934724,2.704704762,-0.002113562,0.024485858,-0.003748082,0.999690890
1713723141878290944.000000,-0.014321352,0.097654261,2.717481136,-0.001668610,0.020766370,-0.003520077,0.999776840
1713723141911873024.000000,-0.012014751,0.098293774,2.723340034,-0.004003408,0.017965807,-0.004326545,0.999821305
1713723141945457408.000000,-0.012613661,0.098662563,2.728106022,-0.003186747,0.016995270,-0.003756664,0.999843478
1713723141979044608.000000,-0.009807580,0.099343978,2.733052015,-0.001087355,0.013815042,-0.004416985,0.999894261
1713723142012634368.000000,-0.027103486,0.099512853,2.740524530,-0.002988495,0.017341932,-0.002850413,0.999841094
1713723142046225920.000000,-0.025981482,0.098585218,2.746966839,-0.003157062,0.014995608,-0.005406606,0.999867976
1713723142079820288.000000,-0.027657069,0.099313959,2.751346827,-0.002875850,0.014677806,-0.004521871,0.999877930
1713723142113417472.000000,-0.027819365,0.099783607,2.755496740,-0.001782654,0.012374609,-0.004287590,0.999912679
1713723142147192832.000000,-0.077876478,0.112357318,2.742459297,-0.001924143,0.025140859,0.004879346,0.999670208
1713723142180548096.000000,-0.075773410,0.113032386,2.746881008,-0.000541669,0.022731503,0.002201110,0.999739110
1713723142213903872.000000,-0.078362294,0.113404877,2.751197100,-0.000542684,0.022684071,0.003183532,0.999737561
1713723142247259648.000000,-0.076206014,0.114581630,2.755682707,0.001201276,0.019740045,0.003120489,0.999799609
1713723142280615424.000000,-0.092951901,0.114064284,2.763449192,-0.001041243,0.022350485,0.006463312,0.999728799
1713723142313970688.000000,-0.089588605,0.115461893,2.764697075,0.001407549,0.019580359,0.003315184,0.999801815
1713723142347326464.000000,-0.092864819,0.115782134,2.767414331,0.000537755,0.019568751,0.004743019,0.999797165
1713723142380681984.000000,-0.093471497,0.116507679,2.770456314,0.000967917,0.017933670,0.005584275,0.999823153
1713723142414038016.000000,-0.081696779,0.110997327,2.751873255,0.000487702,0.024208631,0.010323212,0.999653578
1713723142447393536.000000,-0.072525941,0.111331426,2.750686169,0.002820587,0.022163261,0.007466139,0.999722540
1713723142480748800.000000,-0.107732721,0.112922221,2.780537128,-0.001251723,0.021799404,0.007769111,0.999731481
1713723142514104576.000000,-0.107352883,0.113404833,2.784364462,-0.001057421,0.021471091,0.007791760,0.999738574
1713723142547460352.000000,-0.137086108,0.109549694,2.790006161,0.000470283,0.030183699,0.009912540,0.999495149
1713723142580815616.000000,-0.105075255,0.114959762,2.818222284,0.002527326,0.019191433,0.007171708,0.999786973
1713723142614171136.000000,-0.101647966,0.116888069,2.824523926,0.001396450,0.017493146,0.006280859,0.999826252
1713723142647526400.000000,-0.124655314,0.113681942,2.798994541,-0.000339538,0.028705982,0.009505098,0.999542654
1713723142680881920.000000,-0.097400665,0.117415622,2.835802555,0.004071252,0.015615499,0.005733998,0.999853373
1713723142714237440.000000,-0.098132119,0.110080473,2.786472321,0.000534603,0.029268179,0.010915698,0.999511838
1713723142747593216.000000,-0.098001651,0.110591397,2.791730642,0.000953639,0.028048526,0.010285801,0.999553263
1713723142780948736.000000,-0.099804275,0.110901788,2.796331882,0.000881583,0.028193202,0.010995026,0.999541700
1713723142814304000.000000,-0.101817645,0.111319244,2.800433874,0.001527572,0.027364481,0.011635279,0.999556661
1713723142847659264.000000,-0.113719396,0.118181378,2.876916647,0.000437818,0.014304067,0.006713795,0.999875069
1713723142881014528.000000,-0.116906919,0.118167229,2.880315542,0.001526430,0.014768322,0.006632248,0.999867797
1713723142914370048.000000,-0.116251752,0.118688554,2.885562181,0.001521285,0.012892321,0.005784505,0.999899030
1713723142947725824.000000,-0.117872305,0.119384222,2.889642954,0.000653458,0.012014645,0.006185553,0.999908507
1713723142981081088.000000,-0.132048130,0.118249185,2.894401312,0.000428053,0.015521200,0.008939954,0.999839485
1713723143014436608.000000,-0.126011297,0.111640736,2.822558403,0.000328184,0.027989196,0.015031526,0.999495149
1713723143047791360.000000,-0.124164596,0.113093175,2.827629328,0.000271467,0.025130466,0.014412312,0.999580264
1713723143081146880.000000,-0.124439456,0.113712698,2.832655907,-0.000267037,0.023837548,0.014763642,0.999606848
1713723143114502144.000000,-0.123595640,0.114329562,2.839082718,0.001663575,0.021066332,0.013984291,0.999678910
1713723143147858432.000000,-0.139865071,0.113704771,2.846544504,0.000784368,0.024964016,0.015784621,0.999563456
1713723143181212672.000000,-0.133415684,0.114929236,2.851807594,0.000006730,0.020175900,0.011943278,0.999725163
1713723143214566912.000000,-0.135442793,0.115664735,2.856178761,-0.000185134,0.019668218,0.012723980,0.999725640
1713723143247921408.000000,-0.128912494,0.115737393,2.864788532,0.003334801,0.014229869,0.010741700,0.999835551
1713723143281275648.000000,-0.157410055,0.115749404,2.855080366,0.002163482,0.026134040,0.020442832,0.999447048
1713723143314630144.000000,-0.154677123,0.117711172,2.859564781,-0.000722988,0.023424828,0.017587360,0.999570668
1713723143347984384.000000,-0.161282510,0.116726093,2.869885921,-0.001544342,0.022281235,0.016390929,0.999616265
1713723143381338880.000000,-0.143713027,0.115500532,2.874614239,0.001406554,0.015253916,0.014942776,0.999770999
1713723143414692608.000000,-0.179964200,0.120229021,2.894027233,0.000176008,0.020860877,0.018992497,0.999602020
1713723143448046848.000000,-0.180085480,0.121540114,2.899065018,-0.002357487,0.019537468,0.017414754,0.999654710
1713723143481401088.000000,-0.182650745,0.121811673,2.904250145,-0.002474067,0.019091323,0.017768847,0.999656796
1713723143514755840.000000,-0.175266206,0.122042246,2.911549568,0.000717405,0.013975915,0.015328141,0.999784589
1713723143548109568.000000,-0.217403382,0.122901641,2.919275045,-0.002216558,0.024214644,0.023461780,0.999429047
1713723143581463296.000000,-0.217651099,0.126333430,2.923679352,-0.004106032,0.022657823,0.020486198,0.999525011
1713723143614817536.000000,-0.211177588,0.125315398,2.916529894,-0.004478511,0.023301495,0.021340454,0.999490738
1713723143648171776.000000,-0.213789418,0.124718882,2.920022726,-0.001549195,0.022165904,0.021877756,0.999513745
1713723143681526016.000000,-0.239270344,0.127910420,2.931478500,-0.003606916,0.027592059,0.031761341,0.999108136
1713723143714879744.000000,-0.242224693,0.129828334,2.936351061,-0.004298890,0.027088385,0.030355781,0.999162853
1713723143748233472.000000,-0.246923685,0.129920125,2.941041946,-0.002531177,0.028305266,0.030808298,0.999121249
1713723143781587712.000000,-0.239316761,0.127533391,2.937063217,-0.003204216,0.025051074,0.027300764,0.999308228
1713723143814941696.000000,-0.286481678,0.126121461,2.977970600,-0.006595820,0.029016374,0.034959387,0.998945653
1713723143848295168.000000,-0.293129057,0.125791103,2.981987476,-0.005269110,0.030607494,0.035716698,0.998879254
1713723143881649152.000000,-0.299194932,0.126130626,2.986442089,-0.004914502,0.031154474,0.037126157,0.998812735
1713723143915003136.000000,-0.304593980,0.126942664,2.990008116,-0.005830219,0.031128449,0.038101051,0.998771966
1713723143948356608.000000,-0.252893269,0.128545135,2.945966959,-0.002713531,0.028611163,0.040835559,0.998752534
1713723143981710336.000000,-0.258821040,0.129181832,2.949885607,-0.003284762,0.029601606,0.042251360,0.998663008
1713723144015064576.000000,-0.264554799,0.129912615,2.954441786,-0.003064434,0.029063657,0.042749804,0.998658299
1713723144048418048.000000,-0.270932645,0.130201563,2.959310770,-0.003614699,0.029764760,0.044091024,0.998577476
1713723144081771520.000000,-0.285229385,0.126896143,2.976419926,-0.002962885,0.029405532,0.046306349,0.998490036
1713723144115125504.000000,-0.291420788,0.127142489,2.981716871,-0.005103903,0.029521307,0.047840703,0.998405576
1713723144148478464.000000,-0.297723681,0.126575932,2.987151146,-0.004995333,0.029583732,0.049047567,0.998345733
1713723144181832960.000000,-0.302998602,0.125944957,2.992933035,-0.004231816,0.029966302,0.050210476,0.998280048
1713723144215187456.000000,-0.295926839,0.128129110,2.987566471,-0.003776361,0.029141046,0.052130479,0.998207867
1713723144248541952.000000,-0.301650494,0.129070550,2.993252516,-0.004894922,0.029112304,0.053845175,0.998112857
1713723144281896704.000000,-0.307262868,0.128790826,2.999619722,-0.004468447,0.029049093,0.054687176,0.998070955
1713723144315250688.000000,-0.312411457,0.127111480,3.004816055,-0.001855453,0.030719936,0.056165118,0.997947097
1713723144348604928.000000,-0.313813955,0.123602957,3.008226633,-0.006102572,0.028365778,0.055825297,0.998018920
1713723144381959168.000000,-0.319580823,0.123990841,3.015084982,-0.007094206,0.027824968,0.056380395,0.997996449
1713723144415313408.000000,-0.329598725,0.127648786,3.021207571,-0.001710149,0.031400640,0.061618667,0.997604251
1713723144448667648.000000,-0.335010022,0.127596900,3.024231672,-0.002003873,0.030922277,0.065023616,0.997402549
1713723144482022400.000000,-0.333687544,0.120241448,3.029973269,-0.008269451,0.028087553,0.060102876,0.997762740
1713723144515376640.000000,-0.338198960,0.119911045,3.036690712,-0.008057290,0.028091425,0.060668115,0.997730136
1713723144548730112.000000,-0.342617720,0.118518993,3.042569876,-0.005817876,0.029106380,0.061989661,0.997635424
1713723144582084352.000000,-0.349078625,0.120379537,3.046686888,-0.007041289,0.028813958,0.065322369,0.997423291
1713723144615438336.000000,-0.351800025,0.115122080,3.052405596,-0.011538818,0.027918650,0.062964201,0.997558534
1713723144648793088.000000,-0.355513364,0.113661684,3.058368206,-0.009329794,0.029109819,0.063669093,0.997502804
1713723144682147072.000000,-0.360166699,0.112952158,3.063926935,-0.010145150,0.028727796,0.065658681,0.997376978
1713723144715500800.000000,-0.364573896,0.114899024,3.069344282,-0.010686507,0.027413301,0.067564890,0.997280955
1713723144748854528.000000,-0.367988706,0.108882785,3.075108051,-0.013076133,0.027716195,0.065206915,0.997401118
1713723144782209024.000000,-0.371928126,0.107167736,3.080937624,-0.012660906,0.027839437,0.066893026,0.997291327
1713723144815563008.000000,-0.376407444,0.106555909,3.086852789,-0.014361058,0.026943671,0.068377145,0.997192264
1713723144848916480.000000,-0.380922198,0.105282001,3.093170404,-0.014237804,0.026958415,0.069349408,0.997126460
1713723144882270464.000000,-0.395362496,0.102762088,3.110955715,-0.013624173,0.027781416,0.070612043,0.997023880
1713723144915624704.000000,-0.399872214,0.101463705,3.117239237,-0.013871896,0.027098842,0.071657479,0.996964633
1713723144948978176.000000,-0.404357642,0.100154959,3.123746395,-0.013863414,0.027380409,0.073052697,0.996855795
1713723144982331904.000000,-0.409010410,0.099409334,3.129412413,-0.013143460,0.026910657,0.075015515,0.996732593
1713723145015686144.000000,-0.423421621,0.094895393,3.149872541,-0.014314656,0.027554303,0.076180443,0.996610522
1713723145049039872.000000,-0.428724170,0.093178615,3.156482935,-0.013050806,0.026666259,0.077551052,0.996546328
1713723145082393344.000000,-0.433585048,0.091967896,3.163672209,-0.014342006,0.027068952,0.079215065,0.996386826
1713723145115747328.000000,-0.438970953,0.090450637,3.169613123,-0.014062947,0.026198789,0.082057305,0.996184051
1713723145149100288.000000,-0.425704747,0.093933307,3.151872158,-0.015562084,0.025450153,0.080405526,0.996315718
1713723145182454784.000000,-0.431209773,0.091889054,3.159614801,-0.014493075,0.024704849,0.081725590,0.996243238
1713723145215809536.000000,-0.436465412,0.089959592,3.167670488,-0.015180382,0.025105510,0.083713554,0.996057928
1713723145249164032.000000,-0.442118317,0.089375213,3.173392534,-0.015027924,0.023977859,0.087649435,0.995749414
1713723145282518528.000000,-0.450348914,0.086390115,3.181972504,-0.017234862,0.024800744,0.086432360,0.995799899
1713723145315873024.000000,-0.456118256,0.083920836,3.190580130,-0.015191155,0.024691321,0.087893501,0.995707989
1713723145349227776.000000,-0.461379766,0.081692502,3.198823929,-0.016496746,0.025093164,0.090790682,0.995417178
1713723145382582272.000000,-0.470708281,0.079915047,3.206574678,-0.017983548,0.024421975,0.092160501,0.995282233
1713723145415936768.000000,-0.476463586,0.077242605,3.216434717,-0.018360542,0.024206473,0.093762293,0.995130956
1713723145449290752.000000,-0.482732892,0.073772177,3.226189852,-0.014528748,0.023954470,0.096449390,0.994943559
1713723145482645248.000000,-0.486682355,0.074341699,3.232724667,-0.015283231,0.022681478,0.104839489,0.994113088
1713723145515999744.000000,-0.499009132,0.070682518,3.242206097,-0.017984672,0.024209429,0.101174220,0.994411588
1713723145549353984.000000,-0.504822671,0.067385681,3.252353191,-0.017978420,0.025120221,0.104298383,0.994066179
1713723145582708480.000000,-0.510666192,0.064638168,3.261910915,-0.016754553,0.024112321,0.107596591,0.993761063
1713723145616062720.000000,-0.516525388,0.064067580,3.270640373,-0.016962571,0.023974393,0.111909084,0.993284404
1713723145649416960.000000,-0.526234686,0.059919819,3.280179739,-0.017174223,0.024570024,0.111692369,0.993290603
1713723145682770944.000000,-0.531281054,0.056302719,3.290061474,-0.018080978,0.024981963,0.115488991,0.992829978
1713723145716125184.000000,-0.536467254,0.054549567,3.299914122,-0.017649498,0.022868223,0.118446775,0.992540121
1713723145749479424.000000,-0.543403864,0.054180335,3.310892344,-0.015791442,0.024484411,0.122461848,0.992045522
1713723145782833920.000000,-0.551394343,0.048887461,3.319298267,-0.017087108,0.024012249,0.123471044,0.991910458
1713723145816188160.000000,-0.556297719,0.045804203,3.329720020,-0.018785458,0.023724349,0.127412245,0.991388142
1713723145849541632.000000,-0.561613500,0.042725343,3.340269804,-0.018094024,0.022409188,0.130923614,0.990974009
1713723145882895616.000000,-0.567289174,0.041394576,3.351175785,-0.016241781,0.023840984,0.134659961,0.990471900
1713723145916250112.000000,-0.574936926,0.038771514,3.359837294,-0.016974058,0.022947360,0.136115134,0.990281761
1713723145949604352.000000,-0.579318285,0.035917319,3.370326281,-0.017510755,0.022592515,0.139601603,0.989795148
1713723145982958080.000000,-0.583412349,0.032595117,3.380783558,-0.016067166,0.021975368,0.142455861,0.989426732
1713723146016312064.000000,-0.587886691,0.028420215,3.392721653,-0.015761893,0.023843702,0.146827862,0.988749027
1713723146049666048.000000,-0.593922317,0.028087355,3.398836136,-0.016576227,0.020495364,0.148051515,0.988628328
1713723146083020032.000000,-0.597543180,0.025172858,3.408926964,-0.016517889,0.020961547,0.151582137,0.988084316
1713723146116373760.000000,-0.601030171,0.021349583,3.419598579,-0.014710531,0.021283997,0.155273810,0.987532616
1713723146149727232.000000,-0.603150964,0.022991173,3.412336826,-0.015847545,0.019342106,0.154334188,0.987702310
1713723146183081984.000000,-0.606846154,0.020651616,3.422909260,-0.017159993,0.017844791,0.158271447,0.987085283
1713723146216436736.000000,-0.610482931,0.021479180,3.417454004,-0.016247027,0.019643098,0.156913802,0.987283289
1713723146249791232.000000,-0.613502264,0.018354598,3.428145647,-0.016495472,0.019270059,0.160432667,0.986720800
1713723146283145728.000000,-0.617426336,0.019504018,3.421786070,-0.016665818,0.019319149,0.161327511,0.986571074
1713723146316500480.000000,-0.620164990,0.016607817,3.432337284,-0.016685823,0.019449614,0.164681166,0.986013889
1713723146349854720.000000,-0.624074161,0.018110448,3.426054478,-0.015824849,0.018619558,0.165972933,0.985827506
1713723146383209216.000000,-0.626556575,0.015384233,3.436189651,-0.016862491,0.018358298,0.169455379,0.985222638
1713723146416563968.000000,-0.630560696,0.015512885,3.430478096,-0.015000141,0.018166255,0.169653162,0.985222220
1713723146449918464.000000,-0.632665038,0.012870179,3.439765215,-0.016556952,0.019803034,0.172911435,0.984599113
1713723146483272960.000000,-0.650807917,0.004321477,3.467434645,-0.016812369,0.018839078,0.180026785,0.983337581
1713723146516627456.000000,-0.652763128,0.001647037,3.476961613,-0.016066842,0.020219263,0.183002755,0.982773125
1713723146549981952.000000,-0.651399791,0.006065304,3.459242105,-0.012362120,0.018090382,0.182852253,0.982896209
1713723146583336448.000000,-0.653967977,0.004597669,3.467764854,-0.014180328,0.018268809,0.186196253,0.982240438
1713723146616690944.000000,-0.668864369,-0.004003982,3.490932226,-0.014850205,0.018842865,0.192872614,0.980930448
1713723146650045440.000000,-0.670172930,-0.006345036,3.499113560,-0.014426950,0.019823441,0.195873380,0.980322659
1713723146683399424.000000,-0.678350747,-0.009643958,3.504204988,-0.012480624,0.019108322,0.198945507,0.979744792
1713723146716753664.000000,-0.680034757,-0.011238593,3.511142492,-0.012613095,0.019423949,0.202156544,0.979079366
1713723146750108160.000000,-0.686190724,-0.012371640,3.514936447,-0.013265617,0.018203892,0.205450147,0.978408396
1713723146783462400.000000,-0.687738955,-0.014708725,3.522166252,-0.012827035,0.018758453,0.208346754,0.977791011
1713723146816816896.000000,-0.675437868,0.004006691,3.450729847,-0.012093399,0.017260123,0.201803774,0.979199231
1713723146850171136.000000,-0.676749170,0.001387492,3.456857920,-0.012758882,0.017789153,0.204782292,0.978562713
1713723146883525120.000000,-0.684652090,0.000779031,3.457177877,-0.012767083,0.016881648,0.207741991,0.977954686
1713723146916879360.000000,-0.685005426,0.002377626,3.454427004,-0.011062970,0.016535901,0.207365811,0.978061199
1713723146950233344.000000,-0.686391354,0.004323443,3.447660446,-0.008726720,0.015653895,0.206182823,0.978349388
1713723146983588096.000000,-0.688606977,0.002540733,3.452116013,-0.009712298,0.016227547,0.209487021,0.977628529
1713723147016941824.000000,-0.695307732,-0.001259505,3.459208727,-0.008824776,0.015142361,0.213134199,0.976865709
1713723147050295808.000000,-0.699715137,-0.002671749,3.463483095,-0.009044426,0.015845569,0.216534615,0.976104498
1713723147083649792.000000,-0.701920450,-0.005178881,3.468299866,-0.007502057,0.014743729,0.220399573,0.975269437
1713723147117004032.000000,-0.708022714,-0.006314714,3.458833218,-0.007307002,0.016983839,0.223701313,0.974482417
1713723147150358272.000000,-0.710555077,-0.007008050,3.463879347,-0.008253095,0.015043070,0.227688223,0.973582923
1713723147183712768.000000,-0.723280787,-0.011906181,3.468338013,-0.008145571,0.016843284,0.231971800,0.972542584
1713723147217052928.000000,-0.725318670,-0.013962368,3.472961903,-0.005895336,0.017087668,0.235785946,0.971636951
1713723147250447872.000000,-0.732257128,-0.017975193,3.475502253,-0.007548320,0.017598454,0.239453390,0.970719039
1713723147283843072.000000,-0.734855652,-0.019399706,3.479110003,-0.008715294,0.015784170,0.243565693,0.969716847
1713723147317238016.000000,-0.741991282,-0.022706881,3.481657028,-0.007196257,0.017929664,0.246805221,0.968872547
1713723147350633984.000000,-0.744532108,-0.024306690,3.485403538,-0.007479582,0.016371394,0.250967413,0.967828214
1713723147384029440.000000,-0.751214504,-0.026348341,3.483390331,-0.006282140,0.017878372,0.254401892,0.966912925
1713723147417425152.000000,-0.753069997,-0.027415344,3.485742331,-0.006070122,0.016162137,0.257029772,0.966249287
1713723147450821376.000000,-0.755920708,-0.029397488,3.489552021,-0.006684691,0.017892893,0.261280477,0.965073943
1713723147484217856.000000,-0.749391615,-0.028843075,3.490615129,-0.008200241,0.016922839,0.257836878,0.966005445
1713723147517614336.000000,-0.749727070,-0.029085647,3.490881681,-0.007547236,0.014605993,0.259244472,0.965671837
1713723147551011328.000000,-0.750737309,-0.029714022,3.492444277,-0.007232261,0.012618410,0.261181653,0.965180159
1713723147584408576.000000,-0.759823322,-0.033042751,3.495488882,-0.007072554,0.017204199,0.264845282,0.964111507
1713723147617806080.000000,-0.761289954,-0.033744823,3.497094631,-0.007570502,0.016003739,0.267171651,0.963486314
1713723147651203072.000000,-0.763014317,-0.035356287,3.499701023,-0.006632230,0.016522732,0.269874066,0.962731063
1713723147684601344.000000,-0.780603111,-0.039185122,3.494704247,-0.004672971,0.017899977,0.277599573,0.960518777
1713723147717999104.000000,-0.780963719,-0.039390918,3.495523453,-0.005100324,0.013541818,0.278489232,0.960330367
1713723147751397120.000000,-0.784420907,-0.040783405,3.497943878,-0.004855426,0.017041808,0.282825947,0.959007621
1713723147784795904.000000,-0.788624883,-0.042774919,3.500361681,-0.001166987,0.015867833,0.281703621,0.959369600
1713723147818194944.000000,-0.788718998,-0.043050420,3.500338316,-0.002524104,0.013379212,0.281369150,0.959503055
1713723147851593472.000000,-0.789086223,-0.043497670,3.501624823,-0.003923320,0.009248581,0.281430006,0.959529221
1713723147884992512.000000,-0.779257953,-0.043007448,3.507528543,-0.006355084,0.014915884,0.280548602,0.959702909
1713723147918392064.000000,-0.779837489,-0.043201055,3.509149551,-0.002078201,0.012977303,0.280128926,0.959872425
1713723147951792128.000000,-0.777490973,-0.042323351,3.507909298,-0.001889448,0.005771994,0.276524067,0.960987866
1713723147985191936.000000,-0.784128189,-0.046223391,3.512628794,-0.007093348,0.012595830,0.287308544,0.957728982
1713723148018592000.000000,-0.785262704,-0.046675488,3.514314413,-0.005711324,0.011732434,0.285859168,0.958182871
1713723148051992064.000000,-0.789401889,-0.049373273,3.517281055,-0.002702830,0.012352657,0.288284034,0.957461476
1713723148085392640.000000,-0.790284753,-0.049296860,3.517956257,-0.001839858,0.010091983,0.289076388,0.957251132
1713723148118793472.000000,-0.789984584,-0.049413946,3.519043922,-0.003650962,0.004633286,0.288784713,0.957375944
1713723148152194816.000000,-0.796531558,-0.052319814,3.520418644,-0.002523666,0.010362667,0.291269869,0.956581473
1713723148185595904.000000,-0.797944725,-0.053363245,3.522937536,-0.001399168,0.009500095,0.290955007,0.956688583
1713723148219016192.000000,-0.799444199,-0.053862795,3.524325848,-0.000659389,0.008403678,0.292720169,0.956161022
1713723148252367616.000000,-0.804542899,-0.055553596,3.523587227,-0.001750802,0.009396273,0.294671237,0.955550909
1713723148285718784.000000,-0.805690110,-0.056367010,3.525273085,-0.000692616,0.009010238,0.295023113,0.955447376
1713723148319069952.000000,-0.806556225,-0.057212498,3.527033806,0.000085949,0.007550551,0.294983953,0.955472410
1713723148352420864.000000,-0.809163153,-0.058291145,3.528483391,-0.000949259,0.008382728,0.300673008,0.953689992
1713723148385772032.000000,-0.809559286,-0.058480516,3.529905796,0.000525329,0.005506978,0.298735678,0.954319894
1713723148419122688.000000,-0.810626686,-0.058708005,3.531306267,0.002970980,0.005316614,0.299185812,0.954175472
1713723148452473600.000000,-0.825143933,-0.068875417,3.541357279,-0.000891031,0.009662423,0.308490872,0.951177835
1713723148485824768.000000,-0.825729191,-0.069511332,3.543041706,-0.000619307,0.007255476,0.308525413,0.951188326
1713723148519175424.000000,-0.826717257,-0.070984416,3.545593977,0.002091143,0.007766693,0.309569180,0.950842977
1713723148552526592.000000,-0.828781664,-0.069270879,3.534800053,0.003745875,0.014147473,0.309851617,0.950672269
1713723148585877248.000000,-0.829121470,-0.068935782,3.535854340,0.002313502,0.008837931,0.308515579,0.951175451
1713723148619227648.000000,-0.830145001,-0.070409596,3.537834644,0.004891856,0.009197530,0.309631497,0.950799644
1713723148652578048.000000,-0.839783669,-0.081507683,3.554058552,0.004902775,0.010391694,0.314754009,0.949103713
1713723148685928704.000000,-0.840862274,-0.081945367,3.555907726,0.002416532,0.006594893,0.314801157,0.949131668
1713723148719279360.000000,-0.841707706,-0.082689978,3.557808399,0.003816065,0.003605135,0.315320492,0.948970795
1713723148752629760.000000,-0.843943477,-0.081761599,3.544703484,0.004118642,0.015769705,0.320424199,0.947134018
1713723148785979904.000000,-0.845633924,-0.083064124,3.546945572,0.002998057,0.015476302,0.321251243,0.946862876
1713723148819330560.000000,-0.844650745,-0.083270438,3.547908783,0.001497699,0.008344796,0.318488717,0.947888792
1713723148852680448.000000,-0.849228919,-0.087503485,3.550617456,0.001502616,0.013553903,0.323720992,0.946054399
1713723148886030592.000000,-0.850469530,-0.088354789,3.552639484,0.003411447,0.014691680,0.323509932,0.946104646
1713723148919381248.000000,-0.849960804,-0.088565595,3.553346157,-0.000831038,0.008626749,0.321447402,0.946887791
1713723148952730880.000000,-0.855576575,-0.092653066,3.559517384,0.000185478,0.011915782,0.326557100,0.945102394
1713723148986080768.000000,-0.856937587,-0.093935601,3.561594725,0.001824482,0.014577072,0.326493025,0.945085466
1713723149019431168.000000,-0.856586456,-0.094048165,3.562359810,-0.002080714,0.008703507,0.325642973,0.945450485
1713723149052780800.000000,-0.860260487,-0.096709467,3.568136930,-0.001694590,0.010104276,0.329730749,0.944019496
1713723149086130944.000000,-0.861119330,-0.097645022,3.569756269,-0.000798631,0.010945678,0.329910517,0.943948448
1713723149119480320.000000,-0.862119198,-0.098499104,3.571347237,-0.000930647,0.010512436,0.330941468,0.943592310
1713723149152830464.000000,-0.865447402,-0.101544879,3.576242447,-0.003707059,0.008881670,0.332107574,0.943192422
1713723149186179840.000000,-0.866257906,-0.102160051,3.578136921,-0.003229273,0.007842956,0.332148522,0.943189025
1713723149219524864.000000,-0.867084265,-0.103537329,3.580241442,-0.002919158,0.009202342,0.333523989,0.942692161
1713723149252888320.000000,-0.866434097,-0.104056016,3.573158026,-0.007271881,0.010453949,0.336576313,0.941570103
1713723149286251008.000000,-0.866918921,-0.104425333,3.575140715,-0.009192850,0.007920918,0.335021883,0.942132294
1713723149319614464.000000,-0.867171347,-0.105847239,3.577953815,-0.007416615,0.009850961,0.336304843,0.941672504
1713723149352977408.000000,-0.869306505,-0.106531657,3.579111099,-0.006671948,0.009538630,0.337903470,0.941108823
1713723149386341376.000000,-0.869516730,-0.107004635,3.580837965,-0.009139091,0.006309408,0.336834788,0.941498280
1713723149419704576.000000,-0.870150030,-0.107930668,3.583224535,-0.007589523,0.006949120,0.337481201,0.941276073
1713723149453068288.000000,-0.871641755,-0.108558372,3.584964275,-0.006341492,0.006933716,0.337918609,0.941128492
1713723149486431744.000000,-0.872320950,-0.108585745,3.586759806,-0.007635072,0.004341936,0.336547703,0.941625535
1713723149519795968.000000,-0.873039246,-0.109397225,3.588609695,-0.007568774,0.004881675,0.336982608,0.941467822
1713723149553159680.000000,-0.882960260,-0.119734645,3.611743689,-0.004632676,0.003734366,0.340547353,0.940208554
1713723149586523648.000000,-0.884106338,-0.120059103,3.613318205,-0.006333276,0.003189779,0.341566175,0.939831018
1713723149619887872.000000,-0.884337604,-0.121200882,3.615200520,-0.005373489,0.001634658,0.341542512,0.939849615
1713723149653251840.000000,-0.886042714,-0.123260200,3.620851755,-0.004880837,0.002388766,0.343254477,0.939226747
1713723149686616320.000000,-0.886831522,-0.123755373,3.622176170,-0.004942807,0.000201789,0.342636108,0.939455211
1713723149719981056.000000,-0.887617648,-0.124245264,3.623929739,-0.005276402,-0.000136830,0.343881100,0.938998401
1713723149753345792.000000,-0.879298747,-0.116403431,3.601878643,-0.003105765,0.001769364,0.343212098,0.939251125
1713723149786710016.000000,-0.880383790,-0.116593845,3.603137255,-0.002102585,0.002464421,0.343602329,0.939109683
1713723149820074752.000000,-0.881376386,-0.117135376,3.605486393,-0.005200188,0.000028570,0.343917727,0.938985407
1713723149853439744.000000,-0.887942910,-0.127044737,3.624238014,-0.007348177,0.001123380,0.350454003,0.936550498
1713723149886804480.000000,-0.887709022,-0.128182352,3.626116753,-0.004154651,0.001055626,0.351049781,0.936347008
1713723149920169472.000000,-0.888862848,-0.128321826,3.627065420,-0.004453148,0.000266206,0.351686299,0.936107337
1713723149953534720.000000,-0.891650438,-0.130725265,3.630083323,-0.006622002,-0.001065853,0.352234662,0.935887694
1713723149986899968.000000,-0.892411470,-0.131531984,3.633171082,-0.005350663,-0.000334499,0.353021652,0.935599864
1713723150020265472.000000,-0.892384470,-0.132365376,3.634400368,-0.002683433,-0.000922044,0.354166389,0.935178161
1713723150053630976.000000,-0.888653636,-0.126082435,3.620068073,-0.004147571,0.000343556,0.354807884,0.934930027
1713723150086996480.000000,-0.889915705,-0.126421332,3.622134447,-0.003916444,-0.000698095,0.355816334,0.934547484
1713723150120362240.000000,-0.890370011,-0.127512544,3.624708891,-0.003091273,0.000139032,0.357036382,0.934085429
1713723150153728256.000000,-0.899437428,-0.140713930,3.648095369,-0.003890264,-0.000360900,0.359682679,0.933066547
1713723150187094272.000000,-0.899929166,-0.141334444,3.650445223,-0.006516608,-0.002922073,0.360336423,0.932795107
1713723150220463872.000000,-0.900491536,-0.142287880,3.652368784,-0.006447635,-0.003973174,0.362107158,0.932105780
1713723150253817856.000000,-0.894209385,-0.132265463,3.632963419,-0.001826214,-0.000353531,0.362294346,0.932061911
1713723150287171072.000000,-0.894885361,-0.133194864,3.634780169,-0.001977884,-0.001199326,0.363819331,0.931466699
1713723150320525056.000000,-0.895509660,-0.133428365,3.636467457,-0.003750370,-0.004151067,0.364550114,0.931167006
1713723150353878272.000000,-0.896381915,-0.135254666,3.639258862,-0.002345716,-0.002787010,0.365605861,0.930762649
1713723150387231232.000000,-0.896513760,-0.135829329,3.641559601,-0.001788661,-0.003051163,0.366476655,0.930420518
1713723150420585216.000000,-0.896774054,-0.136098012,3.642617226,-0.004663734,-0.008122877,0.366619825,0.930323720
1713723150453938176.000000,-0.898683369,-0.138274550,3.645390272,-0.004032183,-0.005289473,0.370029360,0.928996265
1713723150487292160.000000,-0.898408115,-0.139586121,3.648275852,-0.002765155,-0.004654607,0.371414185,0.928451538
1713723150520644864.000000,-0.899739861,-0.139863268,3.649102449,-0.004054708,-0.007029166,0.371724963,0.928307474
1713723150553998592.000000,-0.904255092,-0.144907221,3.658815861,-0.003997189,-0.005738908,0.374307483,0.927278340
1713723150587351552.000000,-0.904429972,-0.145318598,3.660607338,-0.002943136,-0.005004080,0.374325484,0.927279234
1713723150620704768.000000,-0.904703319,-0.145967707,3.661510229,-0.002971501,-0.004498404,0.375091493,0.926972210
1713723150654057984.000000,-0.904876947,-0.146275491,3.662672520,-0.004395188,-0.007319293,0.375786990,0.926666737
1713723150687410944.000000,-0.905290782,-0.146695286,3.663800478,-0.004015490,-0.007532224,0.375974327,0.926590800
1713723150720764160.000000,-0.904353738,-0.146909013,3.664439678,-0.002117662,-0.006648199,0.376312077,0.926466703
1713723150754117376.000000,-0.901751995,-0.142402053,3.657154083,-0.003303455,-0.007045066,0.376663953,0.926317334
1713723150787470080.000000,-0.901831746,-0.142359152,3.657826424,-0.005292749,-0.009244194,0.376030892,0.926545858
1713723150820823552.000000,-0.901168525,-0.142769620,3.658229351,-0.004403964,-0.008620806,0.375932574,0.926596463
1713723150854176256.000000,-0.906160355,-0.147645056,3.669358969,-0.002901896,-0.005190268,0.377793044,0.925871074
1713723150887529472.000000,-0.906369507,-0.147419989,3.673285484,-0.004170935,-0.008555411,0.376673371,0.926297247
1713723150920881920.000000,-0.906175137,-0.147528559,3.673753738,-0.004154332,-0.008974111,0.376380622,0.926412404
1713723150954235136.000000,-0.905895114,-0.147605047,3.674341917,-0.002510114,-0.008333595,0.375899076,0.926619768
1713723150987587584.000000,-0.905004382,-0.146583095,3.673871279,-0.004162589,-0.009485718,0.375527799,0.926753283
1713723151020940544.000000,-0.905221283,-0.146249324,3.674145699,-0.004853992,-0.010646426,0.374830008,0.927019715
1713723151054293504.000000,-0.904836655,-0.146621242,3.675045013,-0.003680018,-0.010059580,0.374746293,0.927065551
1713723151087645952.000000,-0.901425481,-0.142169237,3.660645008,-0.001756053,-0.014081077,0.373725712,0.927430689
1713723151120999168.000000,-0.901911795,-0.142007962,3.661258698,-0.002377192,-0.016023375,0.373700202,0.927408099
1713723151154351360.000000,-0.901963592,-0.143036276,3.662725449,-0.002003079,-0.016325479,0.374675900,0.927010000
1713723151187704064.000000,-0.901790023,-0.142453387,3.661728382,0.000502630,-0.017459422,0.376820743,0.926121533
1713723151221056768.000000,-0.902145922,-0.142176718,3.662986755,0.000252095,-0.019086858,0.376703173,0.926137388
1713723151254409472.000000,-0.902197063,-0.142595947,3.664004326,0.000415037,-0.020046065,0.377283007,0.925880969
1713723151287763200.000000,-0.901744604,-0.142410085,3.662931681,0.003092232,-0.021767957,0.376159489,0.926294088
1713723151321116160.000000,-0.901508212,-0.142570212,3.663283825,0.004182568,-0.021934649,0.374991357,0.926759362
1713723151354469888.000000,-0.902000427,-0.141743898,3.664248705,0.002707026,-0.024450691,0.373544186,0.927286208
1713723151387822848.000000,-0.902722180,-0.143357784,3.667073727,0.002386468,-0.023430968,0.377303958,0.925790012
1713723151421176320.000000,-0.902101040,-0.143629208,3.667991877,0.005357882,-0.024231702,0.376543611,0.926066458
1713723151454529024.000000,-0.902515650,-0.143644005,3.668191433,0.004813519,-0.024498519,0.376561344,0.926055193
1713723151487882496.000000,-0.903055847,-0.145090282,3.670174122,0.002369788,-0.025097867,0.378504127,0.925256312
1713723151521234944.000000,-0.903123260,-0.144518077,3.671282530,0.004056784,-0.025457771,0.377716780,0.925562322
1713723151554588416.000000,-0.902382493,-0.144611463,3.671567678,0.007145490,-0.025240690,0.377664089,0.925571024
1713723151587941120.000000,-0.902463078,-0.143369019,3.665915728,0.004615441,-0.025800815,0.378944993,0.925047994
1713723151621294592.000000,-0.903048456,-0.142914236,3.666332483,0.005220579,-0.026433336,0.378158003,0.925348938
1713723151654647040.000000,-0.902554750,-0.143104717,3.667858839,0.006652672,-0.025393637,0.378049552,0.925413132
1713723151688000256.000000,-0.903264523,-0.145690888,3.676162481,0.007903742,-0.023318412,0.378167778,0.925409615
1713723151721352704.000000,-0.903850079,-0.145047218,3.677368641,0.005092829,-0.023807794,0.377058119,0.925869524
1713723151754706176.000000,-0.903718591,-0.145316228,3.678343058,0.005139893,-0.023212368,0.376929104,0.925936937
1713723151788058880.000000,-0.904345930,-0.144106641,3.679576874,0.008610208,-0.021873608,0.376724213,0.926027179
1713723151821411328.000000,-0.904431105,-0.144076914,3.680204153,0.008387233,-0.021266758,0.376073360,0.926307857
1713723151854764288.000000,-0.904639482,-0.144073740,3.680999279,0.005837320,-0.021704165,0.375207335,0.926668465
1713723151888116480.000000,-0.905091882,-0.143154457,3.682412863,0.006622792,-0.020835709,0.375593483,0.926526666
1713723151921469184.000000,-0.904536605,-0.144218579,3.683276653,0.008858746,-0.018763833,0.375959575,0.926403761
1713723151954822400.000000,-0.905184746,-0.143575564,3.683642149,0.005863904,-0.019066658,0.375369161,0.926660776
1713723151988174592.000000,-0.902231693,-0.142410681,3.669196606,0.004324558,-0.020982005,0.376165837,0.926304698
1713723152021527040.000000,-0.902062774,-0.142572090,3.670120955,0.005399186,-0.019184114,0.376178354,0.926332891
1713723152054880000.000000,-0.902269542,-0.142415091,3.670448780,0.006787803,-0.017693982,0.376524657,0.926212788
1713723152088231936.000000,-0.905951500,-0.143763587,3.689599276,0.003774816,-0.015986625,0.376726210,0.926179051
1713723152121584384.000000,-0.906169415,-0.144050688,3.690318823,0.002883826,-0.014831710,0.377008021,0.926086783
1713723152154937344.000000,-0.906154513,-0.144589797,3.691513538,0.005328945,-0.012145392,0.377721846,0.925824165
1713723152188289280.000000,-0.902773261,-0.142336249,3.675807238,0.003713264,-0.015776480,0.375651836,0.926619172
1713723152221641728.000000,-0.903329134,-0.142330214,3.676555395,0.000867333,-0.014779098,0.376270294,0.926391661
1713723152254995456.000000,-0.903127491,-0.142764226,3.677772760,0.001123076,-0.013294789,0.376585901,0.926285684
1713723152288348160.000000,-0.905713022,-0.143705115,3.693709850,0.004061629,-0.010159511,0.375728995,0.926665008
1713723152321701888.000000,-0.906087816,-0.144097716,3.694298029,-0.000297568,-0.009752027,0.376706600,0.926281273
1713723152355054336.000000,-0.906169713,-0.144359574,3.695243359,-0.001465579,-0.008819755,0.377478242,0.925975323
1713723152388408064.000000,-0.905469000,-0.143224031,3.695100784,0.001184798,-0.008900980,0.375883758,0.926623344
1713723152421760768.000000,-0.905292571,-0.143655583,3.695377827,0.001040075,-0.007136804,0.376808763,0.926263034
1713723152455114240.000000,-0.905875027,-0.143401429,3.696342468,-0.001515215,-0.007009741,0.376816958,0.926259995
1713723152488466688.000000,-0.904939055,-0.143259317,3.696665764,-0.001752383,-0.007524718,0.374329418,0.927263618
1713723152521819904.000000,-0.902395427,-0.142209634,3.673985958,0.000009359,-0.007421390,0.375061631,0.926970243
1713723152555172608.000000,-0.902746677,-0.142008305,3.674488544,-0.001930067,-0.007250438,0.375621021,0.926743031
1713723152588525568.000000,-0.902840734,-0.141986758,3.675063372,-0.002628627,-0.007192130,0.375801504,0.926668584
1713723152621878272.000000,-0.902613938,-0.141867340,3.676642418,-0.001962419,-0.006825502,0.375038385,0.926982045
1713723152655230976.000000,-0.902773976,-0.142333642,3.677443981,-0.001386177,-0.005250253,0.376405120,0.926439285
1713723152688584192.000000,-0.903088570,-0.142055228,3.677831173,-0.003399785,-0.005614976,0.376466870,0.926406860
1713723152721936384.000000,-0.902736962,-0.141905636,3.678459167,-0.003509154,-0.006673123,0.375386238,0.926837802
1713723152755289600.000000,-0.902487159,-0.141951382,3.680189610,-0.001215188,-0.006097292,0.375617296,0.926754057
1713723152788642048.000000,-0.902757108,-0.141860485,3.680609703,-0.002664709,-0.005919666,0.376128048,0.926544964
1713723152821994240.000000,-0.902955174,-0.141909719,3.681187868,-0.003614655,-0.006434320,0.375966907,0.926603734
1713723152855347456.000000,-0.902757645,-0.141522259,3.681875229,-0.002365735,-0.006182575,0.375812322,0.926672220
1713723152888699648.000000,-0.902510762,-0.142085999,3.677235603,-0.000995596,-0.005295889,0.375077993,0.926977634
1713723152922051840.000000,-0.902989209,-0.142048836,3.677513838,-0.004288588,-0.005568380,0.375591606,0.926758647
1713723152955404800.000000,-0.902948678,-0.142275035,3.678001642,-0.004786898,-0.005664371,0.375781506,0.926678717
1713723152988757248.000000,-0.902677357,-0.142232493,3.679102421,-0.004037554,-0.005284395,0.376011372,0.926591218
1713723153022109184.000000,-0.903360009,-0.140890494,3.693142653,-0.001982693,-0.005083675,0.375306129,0.926884830
1713723153055461632.000000,-0.903486848,-0.141291171,3.694152117,-0.004474360,-0.005309840,0.375881940,0.926641524
1713723153088814336.000000,-0.903367460,-0.141418427,3.695004463,-0.004829404,-0.005104919,0.376047462,0.926573753
1713723153122166272.000000,-0.903371036,-0.141439334,3.695566893,-0.002782831,-0.003834451,0.376358986,0.926461816
1713723153155518464.000000,-0.903041244,-0.140731916,3.695785046,-0.003933971,-0.005226933,0.375290841,0.926884055
1713723153188870912.000000,-0.903121650,-0.140823796,3.696296453,-0.004833982,-0.005511184,0.375625372,0.926742554
1713723153222223104.000000,-0.902792096,-0.140921935,3.697342634,-0.004578985,-0.005030335,0.375857562,0.926652491
1713723153255578112.000000,-0.902847588,-0.140680894,3.697620153,-0.002492352,-0.004775290,0.375326246,0.926877141
1713723153288932864.000000,-0.902607501,-0.141350478,3.686728954,-0.005569011,-0.005207842,0.374706954,0.927111983
1713723153322287616.000000,-0.902779520,-0.141638204,3.686958075,-0.006052387,-0.005320877,0.375064254,0.926963806
1713723153355642368.000000,-0.902459741,-0.141692817,3.687908411,-0.004731018,-0.004743431,0.375588864,0.926762223
1713723153388997376.000000,-0.902733028,-0.141516417,3.688894510,-0.004573771,-0.004649885,0.375239134,0.926905155
1713723153422352128.000000,-0.902825475,-0.141313717,3.689569950,-0.005275656,-0.005429533,0.375839949,0.926653683
1713723153455706880.000000,-0.902777791,-0.141425446,3.690320492,-0.005369993,-0.004768412,0.376365155,0.926443636
1713723153489061632.000000,-0.902940750,-0.141363323,3.690598249,-0.004013204,-0.004714974,0.376001120,0.926598549
1713723153522415872.000000,-0.903123915,-0.141513094,3.691624641,-0.005191000,-0.004866266,0.376266658,0.926484108
1713723153555770368.000000,-0.903132498,-0.141554236,3.692095280,-0.005200466,-0.004809513,0.376394153,0.926432610
1713723153589125120.000000,-0.903129160,-0.141536653,3.692562103,-0.005609517,-0.004758616,0.376579344,0.926355243
1713723153622479872.000000,-0.903189421,-0.141505629,3.693214893,-0.005452349,-0.004806856,0.376550406,0.926367700
1713723153655834368.000000,-0.902754784,-0.141746327,3.684276342,-0.005324387,-0.005231556,0.377467394,0.925992846
1713723153689189120.000000,-0.902681589,-0.141766787,3.684664011,-0.006213041,-0.006060935,0.377483040,0.925975859
1713723153722543872.000000,-0.902629793,-0.141883850,3.685252666,-0.006353453,-0.005593649,0.377617210,0.925923109
1713723153755898368.000000,-0.902623236,-0.141930759,3.685754061,-0.006161648,-0.005758321,0.377613395,0.925925016
1713723153789253120.000000,-0.902621269,-0.141510218,3.686869383,-0.006171879,-0.006096183,0.377468228,0.925981939
1713723153822607872.000000,-0.902579725,-0.141555950,3.687349558,-0.006682872,-0.006663367,0.377823770,0.925829470
1713723153855962624.000000,-0.902447581,-0.141577765,3.687861681,-0.006689175,-0.006417422,0.377719551,0.925873697
1713723153889317120.000000,-0.902914047,-0.141609490,3.687995195,-0.006896610,-0.006255298,0.377621144,0.925913453
1713723153922671616.000000,-0.902762949,-0.141611338,3.689913034,-0.007521385,-0.006176677,0.377797604,0.925837100
1713723153956026112.000000,-0.902860403,-0.141582176,3.690258503,-0.007272403,-0.006568529,0.377875984,0.925804377
1713723153989380352.000000,-0.902838349,-0.141598657,3.691142559,-0.007334283,-0.006479764,0.377972037,0.925765276
1713723154022734848.000000,-0.902894020,-0.141575441,3.691227913,-0.006688733,-0.005841393,0.377928555,0.925792217
1713723154056089344.000000,-0.902873814,-0.141668990,3.689827919,-0.008655307,-0.006417636,0.378018022,0.925735593
1713723154089443840.000000,-0.902850330,-0.141912967,3.690303802,-0.008695705,-0.005783282,0.378164232,0.925679684
1713723154122798336.000000,-0.902754903,-0.141857654,3.691003561,-0.007511097,-0.005732178,0.378336787,0.925619781
1713723154156153088.000000,-0.902857959,-0.141883999,3.691071272,-0.008566042,-0.005584850,0.378272057,0.925638080
1713723154189507328.000000,-0.903224945,-0.141832605,3.692379713,-0.008681560,-0.006012050,0.378514022,0.925535381
1713723154222862848.000000,-0.903143287,-0.141788051,3.693020105,-0.008348079,-0.005337372,0.378484130,0.925554752
1713723154256216832.000000,-0.903183460,-0.141785860,3.693466187,-0.006586184,-0.004852850,0.378675699,0.925493300
1713723154289570048.000000,-0.903174937,-0.141627267,3.693901300,-0.008270796,-0.005146398,0.378427655,0.925579607
1713723154322923776.000000,-0.903268099,-0.141424850,3.696791172,-0.007745267,-0.005315211,0.378047556,0.925738573
1713723154356276736.000000,-0.903188884,-0.141475916,3.697476864,-0.008016502,-0.004636709,0.377750039,0.925861299
1713723154389629952.000000,-0.903194308,-0.141451731,3.697804451,-0.005873080,-0.003583016,0.377867162,0.925834298
1713723154422983680.000000,-0.903116584,-0.141422033,3.694398642,-0.009146717,-0.005193018,0.377366066,0.926004529
1713723154456336640.000000,-0.903012693,-0.141473398,3.691498995,-0.009269327,-0.005374353,0.376982242,0.926158547
1713723154489690112.000000,-0.902723968,-0.141634837,3.692279816,-0.007382432,-0.003812613,0.377081126,0.926142991
1713723154523043072.000000,-0.903089345,-0.141353771,3.692356110,-0.006359668,-0.003439791,0.377038509,0.926169395
1713723154556396544.000000,-0.902929723,-0.141320214,3.692633390,-0.009909605,-0.005517259,0.376435399,0.926373422
1713723154589749504.000000,-0.903052449,-0.141325161,3.693837643,-0.009455953,-0.005482689,0.376638293,0.926295996
1713723154623102720.000000,-0.903039873,-0.141456574,3.694525003,-0.007588840,-0.003665963,0.376728088,0.926285565
1713723154656455424.000000,-0.903469443,-0.141131073,3.694745302,-0.008782657,-0.004655155,0.376460344,0.926379442
1713723154689808896.000000,-0.903082430,-0.141275704,3.695025206,-0.010183463,-0.005789920,0.376411349,0.926378667
1713723154723161600.000000,-0.903148353,-0.141288310,3.696313381,-0.009312429,-0.004941704,0.376554191,0.926334679
1713723154756514560.000000,-0.903269529,-0.141285866,3.696461201,-0.008096794,-0.004442264,0.376677692,0.926298440
1713723154789867520.000000,-0.903403938,-0.141206846,3.696829557,-0.010512197,-0.005509445,0.376814723,0.926212609
1713723154823220480.000000,-0.903329492,-0.141230553,3.697455645,-0.009347863,-0.004962039,0.376697123,0.926276088
1713723154856573696.000000,-0.902989507,-0.141179264,3.695155382,-0.008868052,-0.005610383,0.376108408,0.926516235
1713723154889925888.000000,-0.903116226,-0.141106144,3.695416689,-0.009106557,-0.005712206,0.376067728,0.926529825
1713723154923279104.000000,-0.903068781,-0.141032964,3.695783138,-0.009268313,-0.005955126,0.376222283,0.926463962
1713723154956631552.000000,-0.903055131,-0.140959918,3.696277618,-0.009269765,-0.005530272,0.375762463,0.926653206
1713723154989984000.000000,-0.903055966,-0.141124040,3.697232246,-0.008529845,-0.005186727,0.375609845,0.926724136
1713723155023337216.000000,-0.903178275,-0.141038090,3.697573185,-0.010189339,-0.005396323,0.375534356,0.926736772
1713723155056689408.000000,-0.903153658,-0.141179234,3.697973728,-0.009541449,-0.005395761,0.375630260,0.926704824
1713723155090041856.000000,-0.903120518,-0.141108140,3.698427677,-0.009487922,-0.005122415,0.375670731,0.926690519
1713723155123395072.000000,-0.903421819,-0.141000196,3.699544668,-0.007891075,-0.004556350,0.375592619,0.926740050
1713723155156747008.000000,-0.903537214,-0.141242296,3.699835777,-0.010583623,-0.005427984,0.375891119,0.926587522
1713723155190099712.000000,-0.903324604,-0.141297430,3.700129271,-0.009708242,-0.005648670,0.375683784,0.926679850
1713723155223452416.000000,-0.903374970,-0.141057879,3.699429750,-0.008835279,-0.004788212,0.375771075,0.926658034
1713723155256805376.000000,-0.903365731,-0.141034976,3.700297117,-0.009451699,-0.005253398,0.375343502,0.926822782
1713723155290159104.000000,-0.903373361,-0.140992865,3.700757980,-0.010533895,-0.005668781,0.375423074,0.926776409
1713723155323511552.000000,-0.903304458,-0.141078696,3.701243401,-0.010610784,-0.005636120,0.375586331,0.926709533
1713723155356865280.000000,-0.903235018,-0.140943021,3.701621056,-0.008515269,-0.005329127,0.375728786,0.926675260
1713723155390217984.000000,-0.903523982,-0.141002998,3.702329874,-0.010340528,-0.005421293,0.375072211,0.926922083
1713723155423571712.000000,-0.903492630,-0.141191542,3.702623844,-0.010446412,-0.005979238,0.375144243,0.926888287
1713723155456924160.000000,-0.903347731,-0.141156182,3.703238487,-0.009442343,-0.005363141,0.375163436,0.926895082
1713723155490277632.000000,-0.903539658,-0.141073182,3.703449488,-0.008220932,-0.004826084,0.375236154,0.926880240
1713723155523630336.000000,-0.903401792,-0.140952349,3.704718590,-0.010278321,-0.006135826,0.374719590,0.927060962
1713723155556983552.000000,-0.903539658,-0.140964821,3.705045938,-0.009064798,-0.005030192,0.374651700,0.927107692
1713723155590336000.000000,-0.903493762,-0.140862048,3.705472231,-0.007603382,-0.004533660,0.374435753,0.927210689
1713723155623689216.000000,-0.903266609,-0.140968263,3.705703735,-0.009077111,-0.005322530,0.374158204,0.927305222
1713723155657041664.000000,-0.903403401,-0.140840963,3.705660820,-0.007696210,-0.005008953,0.374295205,0.927264154
1713723155690394624.000000,-0.903484344,-0.140792683,3.705983400,-0.007500845,-0.004027782,0.374280691,0.927276433
1713723155723747584.000000,-0.903587103,-0.140791252,3.706306934,-0.006681748,-0.004153541,0.374102265,0.927354157
1713723155757100032.000000,-0.903608680,-0.140713319,3.706704140,-0.007265513,-0.004011238,0.373999655,0.927391768
1713723155790453248.000000,-0.903303385,-0.140480205,3.707471609,-0.005145543,-0.004230537,0.374227375,0.927313149
1713723155823805696.000000,-0.903535604,-0.140569761,3.708059788,-0.006364396,-0.004132632,0.374634624,0.927141488
1713723155857158144.000000,-0.903620005,-0.140627727,3.708378315,-0.006236256,-0.004346518,0.374738306,0.927099466
1713723155890511104.000000,-0.903478742,-0.140581474,3.709011078,-0.006373236,-0.003936276,0.374844223,0.927057564
1713723155923863296.000000,-0.903415918,-0.140407681,3.710708618,-0.005587939,-0.003965724,0.374223262,0.927313387
1713723155957215744.000000,-0.903638601,-0.140692011,3.711468220,-0.007264831,-0.004710703,0.374699593,0.927105844
1713723155990568448.000000,-0.903578043,-0.140713334,3.711782932,-0.007401799,-0.004399899,0.374762058,0.927081048
1713723156023920896.000000,-0.903612971,-0.140750557,3.712394714,-0.006044086,-0.004234913,0.374937326,0.927020848
1713723156057272832.000000,-0.903626084,-0.140448198,3.710819721,-0.006752561,-0.004531337,0.374504328,0.927189529
1713723156090625536.000000,-0.903218329,-0.140729129,3.711087227,-0.006226968,-0.005112691,0.374530703,0.927179515
1713723156123978240.000000,-0.903456509,-0.140519202,3.713001966,-0.006988097,-0.005018260,0.374807775,0.927062690
1713723156157329920.000000,-0.903320432,-0.140861481,3.711665869,-0.006623758,-0.005047489,0.374994189,0.926989794
1713723156190682368.000000,-0.903728962,-0.140298381,3.714861155,-0.006113270,-0.004744583,0.374174386,0.927326143
1713723156224035072.000000,-0.903943539,-0.140310824,3.714887619,-0.004831151,-0.003818530,0.373600215,0.927569389
1713723156257388544.000000,-0.904024124,-0.140217379,3.715250969,-0.006345445,-0.004405652,0.373967737,0.927409589
1713723156290742528.000000,-0.903924763,-0.140291318,3.715652227,-0.005267154,-0.004173588,0.373374373,0.927656412
1713723156324097024.000000,-0.903644621,-0.140019402,3.716516495,-0.005127218,-0.005001558,0.373963147,0.927415967
1713723156357450496.000000,-0.903949976,-0.139984459,3.716852665,-0.005191806,-0.004814912,0.373624772,0.927552938
1713723156390804480.000000,-0.903853893,-0.139991745,3.717438698,-0.004515090,-0.005026095,0.373305231,0.927684009
1713723156424158208.000000,-0.903915167,-0.139755666,3.717498302,-0.003889798,-0.005029695,0.374118179,0.927359283
1713723156457512448.000000,-0.904011607,-0.140098244,3.717733622,-0.005282004,-0.005442611,0.373924494,0.927428126
1713723156490865920.000000,-0.903861642,-0.140148729,3.716580629,-0.006457011,-0.005321287,0.373978287,0.927399755
1713723156524219648.000000,-0.903765976,-0.140208974,3.717056990,-0.004122139,-0.004934048,0.373628110,0.927556336
1713723156557573888.000000,-0.903904796,-0.139933333,3.717212200,-0.004355432,-0.004811176,0.373885512,0.927452147
1713723156590927360.000000,-0.904166579,-0.140001938,3.717518806,-0.007420598,-0.005764855,0.373843968,0.927444041
1713723156624280832.000000,-0.903912961,-0.139827758,3.720173597,-0.006640344,-0.005871388,0.374639481,0.927128255
1713723156657634816.000000,-0.904412627,-0.140733555,3.720980406,-0.004842635,-0.004184279,0.375050634,0.926982284
1713723156690988288.000000,-0.904121041,-0.139976919,3.718449354,-0.006785688,-0.005050715,0.374869943,0.927038848
1713723156724341760.000000,-0.904014945,-0.140048787,3.718937397,-0.008514582,-0.006018769,0.374919683,0.926998675
1713723156757695488.000000,-0.903956175,-0.139998928,3.721996546,-0.006569907,-0.005572657,0.374647766,0.927127242
1713723156791048704.000000,-0.904598534,-0.140639290,3.722409248,-0.005739436,-0.003628602,0.374975741,0.927009821
1713723156824402688.000000,-0.904939294,-0.138916686,3.719210386,-0.007228131,-0.005407145,0.375446051,0.926800311
1713723156857755904.000000,-0.904585958,-0.140648916,3.723030806,-0.009378362,-0.005352659,0.375885397,0.926603258
1713723156891109376.000000,-0.903719366,-0.140417665,3.713014841,-0.007416217,-0.004642837,0.374453485,0.927204430
1713723156924463104.000000,-0.903828502,-0.140347898,3.713300705,-0.007591543,-0.004776025,0.374591947,0.927146375
1713723156957816064.000000,-0.904130697,-0.140279323,3.713548183,-0.010290550,-0.005334166,0.374855965,0.927010655
1713723156991169792.000000,-0.903843939,-0.140751809,3.714267969,-0.010084316,-0.005375302,0.375324190,0.926823139
1713723157024523008.000000,-0.903830886,-0.140272051,3.714860439,-0.006921778,-0.004249912,0.374858379,0.927046537
1713723157057876224.000000,-0.903948247,-0.140213177,3.715181351,-0.009606553,-0.005662990,0.374876678,0.927007675
1713723157091229440.000000,-0.903735816,-0.140310615,3.715595245,-0.009436365,-0.006132714,0.374808282,0.927034080
1713723157124582656.000000,-0.903628051,-0.140341386,3.716179848,-0.008020671,-0.004836937,0.375280231,0.926864147
1713723157157936128.000000,-0.903829575,-0.140315473,3.715576887,-0.007532635,-0.005040469,0.374988377,0.926985204
1713723157191288832.000000,-0.903925538,-0.140225291,3.716489792,-0.008628296,-0.005444207,0.374534935,0.927156746
1713723157224642560.000000,-0.904188871,-0.139802456,3.726719141,-0.008150008,-0.005733146,0.374511898,0.927168608
1713723157257995520.000000,-0.904137790,-0.139770404,3.727065086,-0.006445245,-0.005551916,0.374752164,0.927086055
1713723157291349248.000000,-0.904320657,-0.139666349,3.727238894,-0.006953249,-0.005388485,0.374957412,0.927000284
1713723157324702208.000000,-0.904257894,-0.139648795,3.727552176,-0.007422548,-0.006341218,0.374577224,0.927144349
1713723157358055680.000000,-0.903823316,-0.140273228,3.717164993,-0.007364023,-0.005632999,0.374758005,0.927076340
1713723157391408384.000000,-0.903852820,-0.140143529,3.717445135,-0.005267084,-0.005456949,0.375088692,0.926957905
1713723157424762112.000000,-0.904153228,-0.139958858,3.717598677,-0.006304320,-0.005412891,0.374736041,0.927094340
1713723157458114816.000000,-0.903982341,-0.140171483,3.717855453,-0.006771132,-0.005789656,0.374546885,0.927165210
1713723157491468032.000000,-0.904236734,-0.139654547,3.730400085,-0.005282400,-0.005662202,0.375100315,0.926951885
1713723157524820736.000000,-0.904283226,-0.139558285,3.730673313,-0.005021191,-0.005566239,0.374896467,0.927036405
1713723157558174208.000000,-0.904381633,-0.139507443,3.730990410,-0.005469154,-0.005790902,0.374782741,0.927078485
1713723157591526656.000000,-0.904294312,-0.139568046,3.731430292,-0.005304886,-0.005526833,0.375007421,0.926990211
1713723157624880128.000000,-0.903937757,-0.140083686,3.719472885,-0.004576460,-0.005295856,0.375975162,0.926603317
1713723157658232576.000000,-0.903986990,-0.139984235,3.719736576,-0.004286000,-0.004966435,0.376264185,0.926489234
1713723157691586048.000000,-0.904087245,-0.140035227,3.719951153,-0.004274564,-0.004914638,0.376599908,0.926353157
1713723157724938752.000000,-0.904035807,-0.140068412,3.720197439,-0.004299614,-0.004682148,0.377045453,0.926172972
1713723157758291200.000000,-0.904025197,-0.140061036,3.721246243,-0.003969377,-0.004915689,0.376675844,0.926323652
1713723157791644416.000000,-0.904081166,-0.140056133,3.721424580,-0.003474110,-0.004496671,0.377727360,0.925899506
1713723157824996608.000000,-0.904242992,-0.139984727,3.721655607,-0.003606545,-0.004606462,0.378319949,0.925656438
1713723157858349312.000000,-0.904253483,-0.140112504,3.721869707,-0.003826635,-0.004186043,0.378278613,0.925674438
1713723157891702528.000000,-0.904197991,-0.140023753,3.721574306,-0.001706630,-0.003317067,0.376971126,0.926217496
1713723157925054720.000000,-0.904252470,-0.139820799,3.721739292,-0.000830853,-0.002467809,0.377680182,0.925932467
1713723157958407680.000000,-0.904358387,-0.139585540,3.722026110,-0.002498910,-0.004296126,0.378472060,0.925599396
1713723157991760128.000000,-0.904244661,-0.139846697,3.722461462,-0.001082196,-0.002829502,0.378987581,0.925396800
1713723158025112576.000000,-0.904326081,-0.139784262,3.723344803,-0.001283958,-0.002912119,0.377448887,0.926024973
1713723158058465280.000000,-0.904347062,-0.139813885,3.723571301,-0.000884918,-0.002538508,0.378106326,0.925758302
1713723158091817728.000000,-0.904428959,-0.139710829,3.723976374,-0.002326123,-0.003235118,0.378257841,0.925691724
1713723158125169920.000000,-0.904207408,-0.139779747,3.724472046,-0.002577291,-0.004271317,0.377813071,0.925868511
1713723158158522112.000000,-0.904313862,-0.139765754,3.725242615,0.000821611,-0.000857738,0.376902133,0.926252425
1713723158191874816.000000,-0.904386282,-0.139603138,3.725509644,-0.001536602,-0.002439237,0.377379030,0.926054418
1713723158225227008.000000,-0.904282391,-0.139695302,3.725882769,-0.003762718,-0.004353339,0.376648486,0.926338434
1713723158258581504.000000,-0.903548002,-0.140502766,3.726612568,-0.003313875,-0.002607576,0.376029998,0.926597893
1713723158291935488.000000,-0.904410362,-0.139770657,3.726440907,-0.001117764,-0.002047896,0.376090586,0.926580071
1713723158325289216.000000,-0.904146552,-0.139615744,3.727366924,-0.004331456,-0.003522882,0.375319362,0.926878750
1713723158358643200.000000,-0.904181302,-0.139728203,3.727005959,-0.003281275,-0.003028477,0.376025170,0.926598668
1713723158391997696.000000,-0.904260337,-0.139695093,3.727447748,-0.002082811,-0.002160162,0.375607610,0.926774025
1713723158425351680.000000,-0.904457867,-0.139663547,3.728507042,-0.003053812,-0.003018282,0.375778854,0.926699460
1713723158458705152.000000,-0.904547691,-0.139714018,3.728784561,-0.003831288,-0.002859586,0.375303268,0.926889777
1713723158492058880.000000,-0.904423237,-0.139749810,3.729375124,-0.003308890,-0.002343548,0.374975532,0.927025855
1713723158525413120.000000,-0.904406071,-0.139662251,3.729512930,-0.001639682,-0.001915438,0.374880135,0.927069902
1713723158558766848.000000,-0.904284239,-0.139358833,3.730635166,-0.003359840,-0.003376854,0.374755830,0.927111328
1713723158592120576.000000,-0.904346287,-0.139429837,3.730868340,-0.002855832,-0.003169986,0.374641359,0.927160025
1713723158625474816.000000,-0.904299140,-0.139473215,3.731254816,-0.001788321,-0.002175159,0.374219567,0.927335918
1713723158658828032.000000,-0.904516518,-0.139401808,3.731286526,-0.001217577,-0.001782864,0.373984098,0.927432656
1713723158692181760.000000,-0.904224277,-0.139722556,3.728543997,-0.002565668,-0.002931499,0.373108715,0.927779436
1713723158725535744.000000,-0.904382110,-0.139689013,3.728643179,-0.001155882,-0.001304090,0.372987866,0.927834630
1713723158758889472.000000,-0.904519379,-0.139671311,3.728927374,-0.001467039,-0.001313092,0.373063713,0.927803695
1713723158792242944.000000,-0.904502630,-0.139606223,3.729196548,-0.001820219,-0.001701800,0.372814119,0.927902699
1713723158825596672.000000,-0.904305100,-0.139637634,3.730262995,-0.000775655,-0.002031860,0.373054743,0.927806854
1713723158858949888.000000,-0.904463470,-0.139921933,3.730514765,-0.001464066,-0.001458126,0.373138577,0.927773297
1713723158892303360.000000,-0.904574156,-0.140060395,3.730784416,-0.001413100,-0.001732211,0.372949600,0.927848995
1713723158925657344.000000,-0.904436886,-0.139880210,3.731119156,-0.002067496,-0.001750902,0.372667611,0.927960992
1713723158959010560.000000,-0.904408216,-0.139538795,3.731961012,0.000150974,-0.001756742,0.372821718,0.927901328
1713723158992364288.000000,-0.904404759,-0.139735654,3.732191563,-0.001757721,-0.001827787,0.372772127,0.927919507
1713723159025717504.000000,-0.904390872,-0.139792055,3.732512951,-0.000791419,-0.002082920,0.372394294,0.928071976
1713723159059070720.000000,-0.904358864,-0.139829725,3.732865334,-0.002294182,-0.001888645,0.372993231,0.927829385
1713723159092424704.000000,-0.904630780,-0.139666185,3.733302355,0.000081444,-0.001480026,0.372498751,0.928031504
1713723159125777408.000000,-0.904595733,-0.139743611,3.733556747,-0.001715097,-0.001816088,0.372638077,0.927973449
1713723159159131136.000000,-0.904600859,-0.139870510,3.733829975,-0.001869183,-0.002384011,0.372699440,0.927947223
1713723159192484096.000000,-0.904547095,-0.139874503,3.734333754,-0.001024656,-0.002149409,0.372809678,0.927904844
1713723159225837824.000000,-0.904801011,-0.139737487,3.734690666,0.000514186,-0.001424901,0.373231053,0.927737236
1713723159259191040.000000,-0.905075729,-0.139801353,3.734711409,-0.000879699,-0.002086618,0.373488933,0.927631915
1713723159292544256.000000,-0.905390024,-0.139288783,3.734869480,0.000223948,-0.002226858,0.373321801,0.927699268
1713723159325898240.000000,-0.904790640,-0.139685571,3.735702991,0.001380074,-0.002386634,0.373066962,0.927800357
1713723159359251200.000000,-0.912525296,-0.130877897,3.733643055,0.004955716,0.000612451,0.375424206,0.926839650
1713723159392604928.000000,-0.914277732,-0.129257843,3.733402014,0.006424695,0.000516255,0.375520110,0.926791847
1713723159425957888.000000,-0.915815353,-0.128426477,3.733414173,0.006619089,0.001187976,0.375672638,0.926728070
1713723159459311360.000000,-0.914310157,-0.129132524,3.736664295,0.007491122,-0.000771128,0.376724482,0.926294744
1713723159492664320.000000,-0.914649129,-0.128929511,3.736625433,0.007034128,-0.000065480,0.376949161,0.926207244
1713723159526017792.000000,-0.915667236,-0.128592566,3.736655951,0.006948762,-0.000755331,0.377330661,0.926052213
1713723159559370752.000000,-0.907355726,-0.143274829,3.737593174,-0.001400920,0.000751664,0.373430759,0.927656770
1713723159592723968.000000,-0.907008469,-0.144047424,3.737454653,0.002328191,0.001809995,0.373676270,0.927554548
1713723159626077184.000000,-0.907513738,-0.143204808,3.737356186,-0.000339330,0.000925212,0.373993069,0.927431047
1713723159659430144.000000,-0.907092929,-0.137205034,3.736072063,0.004896685,-0.004292961,0.374470592,0.927215993
1713723159692783104.000000,-0.906531572,-0.137646347,3.737081766,0.007114825,-0.003571915,0.374870688,0.927042961
1713723159726136320.000000,-0.905655980,-0.139232263,3.737637758,0.009168391,-0.002841548,0.375067115,0.926948011
1713723159759489024.000000,-0.906448185,-0.138098523,3.737830162,0.005476621,-0.004448826,0.375351340,0.926855803
1713723159792842496.000000,-0.906911612,-0.137768775,3.737366676,0.005318730,-0.005173861,0.375801563,0.926670492
1713723159826194688.000000,-0.908840358,-0.145715743,3.738836765,-0.000042722,0.001550388,0.373979419,0.927435756
1713723159859548160.000000,-0.908535898,-0.146377087,3.739050865,-0.000146405,0.001255469,0.374099642,0.927387774
1713723159892900608.000000,-0.909877241,-0.145324782,3.738660097,-0.003021428,-0.000072630,0.374435902,0.927247882
1713723159926253312.000000,-0.909043312,-0.145679578,3.738653421,-0.002456012,-0.000455640,0.375062317,0.926996291
1713723159959606528.000000,-0.912574768,-0.131545976,3.732387304,0.009538813,-0.003532248,0.378307551,0.925624073
1713723159992958720.000000,-0.912534058,-0.131668732,3.732914686,0.006875051,-0.005702200,0.378438085,0.925583541
1713723160026311936.000000,-0.913662910,-0.131831571,3.733057261,0.005788985,-0.007349565,0.378881633,0.925397873
1713723160059664128.000000,-0.911960006,-0.133833125,3.732234001,0.006765025,-0.005102281,0.379459381,0.925169647
1713723160093016832.000000,-0.911222458,-0.136474743,3.734832287,0.010220123,-0.005353370,0.380297899,0.924792111
1713723160126369792.000000,-0.910674155,-0.137429997,3.734513044,0.005539128,-0.007300934,0.379911244,0.924977601
1713723160159721728.000000,-0.910236061,-0.138347894,3.734488487,0.004228799,-0.008360155,0.380060524,0.924914241
1713723160193074176.000000,-0.907914460,-0.140041471,3.736083031,0.002617285,-0.009551279,0.378247738,0.925651431
1713723160226427136.000000,-0.913420796,-0.149600789,3.736045122,-0.002906498,0.002158976,0.375540346,0.926798999
1713723160259781888.000000,-0.913107276,-0.150095955,3.735858917,-0.008704145,-0.000458488,0.374707818,0.927101970
1713723160293135872.000000,-0.912508726,-0.151156098,3.736419678,-0.013878983,-0.000984227,0.374492198,0.927125692
1713723160326490368.000000,-0.906650007,-0.150120899,3.734308004,0.008908134,-0.004176463,0.384067953,0.923252404
1713723160359844864.000000,-0.905494153,-0.152794346,3.730357647,-0.001481069,-0.007839484,0.379334182,0.925225377
1713723160393199360.000000,-0.905435145,-0.152969420,3.730845451,-0.002148633,-0.009364564,0.379897207,0.924978852
1713723160426553856.000000,-0.905639708,-0.155208707,3.730915785,-0.003102634,-0.008707154,0.379980236,0.924948454
1713723160459908608.000000,-0.912709832,-0.150145546,3.731819868,-0.004314814,0.006717208,0.376218319,0.926496685
1713723160493263104.000000,-0.912690520,-0.150185794,3.731779814,-0.006870995,0.006077506,0.376400918,0.926411510
1713723160526617344.000000,-0.913497269,-0.150275424,3.731954098,-0.007796804,0.004913237,0.376680315,0.926297486
1713723160559971072.000000,-0.912920177,-0.150850907,3.734240294,-0.006188161,0.005437231,0.376998156,0.926177382
1713723160593325312.000000,-0.911538959,-0.151388749,3.735985041,-0.005746355,0.004412690,0.376824677,0.926256299
1713723160626679552.000000,-0.912373245,-0.150108665,3.736883640,-0.007912868,0.002387234,0.377006948,0.926173568
1713723160660034304.000000,-0.914476871,-0.151784301,3.736052275,-0.006176190,0.005981511,0.378040284,0.925749242
1713723160693388544.000000,-0.914103746,-0.151440263,3.737274647,-0.005257614,0.005324997,0.377877772,0.925825298
1713723160726742784.000000,-0.914233923,-0.151855066,3.738114834,-0.004293985,0.005205553,0.377575994,0.925954044
1713723160760096512.000000,-0.914826632,-0.151650026,3.738792896,-0.005632937,0.005303230,0.378422052,0.925600886
1713723160793450496.000000,-0.916312814,-0.151551932,3.738934040,-0.005634261,0.005186235,0.377854139,0.925833464
1713723160826804992.000000,-0.915704310,-0.152519420,3.740484953,-0.003261312,0.007013489,0.377549827,0.925957024
1713723160860158976.000000,-0.915441632,-0.152109310,3.741353512,-0.003538891,0.006648501,0.377556860,0.925955832
1713723160893512704.000000,-0.917723060,-0.150914595,3.741198301,-0.005173322,0.004185963,0.377440929,0.926009774
1713723160926866688.000000,-0.913366377,-0.150972024,3.737028837,-0.003189659,0.004355786,0.377883404,0.925837517
1713723160960220928.000000,-0.913113356,-0.151140422,3.737487078,-0.001547563,0.005118425,0.377379626,0.926043212
1713723160993574912.000000,-0.914402068,-0.150614172,3.737353563,-0.002761182,0.003586658,0.376271963,0.926498234
1713723161026928640.000000,-0.915081382,-0.151558906,3.737488270,-0.002147869,0.004333057,0.378107667,0.925749063
1713723161060282368.000000,-0.914543867,-0.152309835,3.739549875,-0.001344497,0.005589121,0.377873868,0.925839305
1713723161093636608.000000,-0.914386570,-0.152806938,3.739308834,-0.001149677,0.005641182,0.376992464,0.926198483
1713723161126990592.000000,-0.916583359,-0.151938841,3.738642693,-0.002807282,0.004402021,0.376362652,0.926457763
1713723161160343808.000000,-0.917340755,-0.152771249,3.739447832,-0.001887188,0.005252416,0.377923042,0.925820231
1713723161193698048.000000,-0.917337000,-0.153117731,3.741181850,-0.000861728,0.007235283,0.377424717,0.926011682
1713723161227051776.000000,-0.917107284,-0.153332397,3.741503716,-0.001840723,0.006436092,0.376869768,0.926242113
1713723161260404736.000000,-0.918956518,-0.152529240,3.741125345,-0.003528335,0.005043974,0.377031803,0.926179886
1713723161293758720.000000,-0.919665813,-0.152966321,3.741567135,-0.002313252,0.005778800,0.376618862,0.926347375
1713723161327111424.000000,-0.913460076,-0.150942817,3.740277052,0.000505127,0.001354986,0.376695722,0.926335931
1713723161360465152.000000,-0.914121389,-0.151306510,3.739663363,-0.001569712,0.000200282,0.376586497,0.926380157
1713723161393818112.000000,-0.915343165,-0.150984287,3.739317417,-0.002364677,0.000028050,0.376407892,0.926451087
1713723161427171584.000000,-0.915802419,-0.151293695,3.739808321,0.000419151,0.001877456,0.377554834,0.925985217
1713723161460524544.000000,-0.914529979,-0.151440337,3.742834091,-0.000204104,0.000862839,0.376829833,0.926282108
1713723161493877760.000000,-0.915742278,-0.151203156,3.743737221,-0.001769416,-0.000472929,0.375647545,0.926760793
1713723161527230976.000000,-0.914955199,-0.151949808,3.745208263,-0.001266859,-0.000607570,0.375561029,0.926796615
1713723161560584192.000000,-0.913517475,-0.151893869,3.747396708,0.000140340,-0.000615960,0.375462562,0.926837444
1713723161593936896.000000,-0.915073931,-0.151551589,3.745341778,-0.000627435,-0.001112993,0.377480656,0.926016569
1713723161627290368.000000,-0.915437877,-0.151705205,3.747040987,-0.001274872,-0.001289381,0.376540244,0.926398516
1713723161660643072.000000,-0.915214300,-0.151951030,3.748157263,-0.001599164,-0.001586341,0.376230866,0.926523268
1713723161693996288.000000,-0.915167570,-0.151982620,3.749083519,-0.001964169,-0.002065635,0.376212060,0.926529229
1713723161727348736.000000,-0.915630758,-0.151704714,3.749244928,-0.002891249,-0.003048435,0.376114815,0.926563561
1713723161760701952.000000,-0.913538873,-0.150952742,3.744162321,-0.003497534,-0.006564218,0.374614269,0.927150905
1713723161794054656.000000,-0.913325608,-0.151418850,3.745207548,-0.003246389,-0.006094093,0.374346226,0.927263379
1713723161827407360.000000,-0.913538098,-0.151277363,3.745383739,-0.004139623,-0.006837806,0.374013484,0.927388906
1713723161860760576.000000,-0.913624644,-0.151484624,3.745949745,-0.005641144,-0.008252116,0.373535156,0.927562177
1713723161894112768.000000,-0.914074123,-0.151363924,3.746991158,-0.004509968,-0.007286047,0.374162018,0.927323759
1713723161927465984.000000,-0.913913012,-0.151678979,3.747124195,-0.004602377,-0.007600992,0.373859406,0.927442849
1713723161960818176.000000,-0.914232969,-0.151505604,3.747826815,-0.006329240,-0.008289455,0.373020947,0.927764356
1713723161994170880.000000,-0.913985729,-0.152002901,3.748282433,-0.005594303,-0.008160825,0.373111367,0.927733839
1713723162027523840.000000,-0.913479686,-0.150785923,3.746730328,-0.005029169,-0.009979572,0.373574317,0.927532971
1713723162060875776.000000,-0.913460493,-0.150796935,3.747302532,-0.006052364,-0.011409638,0.372878194,0.927790463
1713723162094228480.000000,-0.913427472,-0.150802344,3.747954130,-0.006404778,-0.011627985,0.372574121,0.927907526
1713723162127581184.000000,-0.913543522,-0.151069000,3.748341084,-0.005840219,-0.011138119,0.372365415,0.928000987
1713723162160933376.000000,-0.913912892,-0.150678292,3.749592304,-0.006207760,-0.012100932,0.373057812,0.927708387
1713723162194285568.000000,-0.913989604,-0.150888473,3.750011444,-0.006675034,-0.012616707,0.372646213,0.927863717
1713723162227638528.000000,-0.914021254,-0.151060253,3.750851393,-0.006450429,-0.012592957,0.372673839,0.927854538
1713723162260996864.000000,-0.914303005,-0.151330754,3.751260757,-0.006052252,-0.012397246,0.372660249,0.927865326
1713723162294355456.000000,-0.913500607,-0.150673255,3.749334574,-0.006841498,-0.014896252,0.372708589,0.927803695
1713723162327714048.000000,-0.913752973,-0.150850251,3.749628067,-0.007411824,-0.015464306,0.372339815,0.927938044
1713723162361072640.000000,-0.913738370,-0.151120082,3.750440836,-0.006089654,-0.015474928,0.371963859,0.928098261
1713723162394430976.000000,-0.913846374,-0.150980994,3.750727892,-0.005652632,-0.015306529,0.371782511,0.928176463
1713723162427789312.000000,-0.914095879,-0.150558516,3.751776695,-0.007784656,-0.016747382,0.372969806,0.927659690
1713723162461147904.000000,-0.913932920,-0.150909424,3.752402067,-0.008664298,-0.017580511,0.372163594,0.927960217
1713723162494506240.000000,-0.913674831,-0.151011378,3.753039837,-0.006423277,-0.017317992,0.371422261,0.928280354
1713723162527864576.000000,-0.913977146,-0.150844738,3.752968550,-0.007761454,-0.017424174,0.371288866,0.928321481
1713723162561222912.000000,-0.914044142,-0.150456250,3.754080772,-0.009735022,-0.019841330,0.372749120,0.927668929
1713723162594581504.000000,-0.913753629,-0.150724724,3.754947901,-0.008942537,-0.019700369,0.371469289,0.928193152
1713723162627939840.000000,-0.913383126,-0.150922835,3.755266905,-0.006785736,-0.020027841,0.371728867,0.928100467
1713723162661298432.000000,-0.913707912,-0.150660411,3.755184412,-0.010583006,-0.022137541,0.371569276,0.928080916
1713723162694657024.000000,-0.914109588,-0.150550500,3.754667044,-0.010554362,-0.021863939,0.373519599,0.927304566
1713723162728015360.000000,-0.914111853,-0.150852844,3.755443096,-0.007609821,-0.021364052,0.372948438,0.927574933
1713723162761373696.000000,-0.914174795,-0.150851697,3.755547523,-0.007075754,-0.021374883,0.373141140,0.927501380
1713723162794732032.000000,-0.915095389,-0.150126711,3.755451441,-0.009126166,-0.023473853,0.371028215,0.928279996
1713723162828090880.000000,-0.914257765,-0.150731415,3.756347418,-0.009011545,-0.023486260,0.371985048,0.927897871
1713723162861449216.000000,-0.913986444,-0.150850356,3.757138729,-0.006808441,-0.023971802,0.373096943,0.927457690
1713723162894807552.000000,-0.915660441,-0.151984900,3.760261536,-0.009831161,-0.021750763,0.375676751,0.926443338
1713723162928165888.000000,-0.915499330,-0.151713490,3.760498047,-0.009699196,-0.023645557,0.374897003,0.926714182
1713723162961524480.000000,-0.915556669,-0.151831016,3.761213064,-0.008987666,-0.023455713,0.375180960,0.926611245
1713723162994882816.000000,-0.915388107,-0.151999563,3.761437416,-0.006803816,-0.022990065,0.375406951,0.926549971
1713723163028241152.000000,-0.917590141,-0.153182134,3.763934374,-0.011139401,-0.020459786,0.376468837,0.926136374
1713723163061600256.000000,-0.916517377,-0.153087571,3.764122248,-0.011179187,-0.022866171,0.376079142,0.926237941
1713723163094958592.000000,-0.916258752,-0.153217345,3.765177965,-0.009012500,-0.022203809,0.375800133,0.926390886
1713723163128316928.000000,-0.916175306,-0.152827427,3.765010118,-0.007987207,-0.022454290,0.375645041,0.926457167
1713723163161675264.000000,-0.915569067,-0.151263729,3.762190104,-0.009375632,-0.024601005,0.376406759,0.926080346
1713723163195033856.000000,-0.915416360,-0.151175916,3.762861729,-0.008918842,-0.024407206,0.375905782,0.926293492
1713723163228391936.000000,-0.914701700,-0.151333749,3.763804197,-0.006286709,-0.024023922,0.375760257,0.926384151
1713723163261772032.000000,-0.914832652,-0.150733486,3.764328480,-0.008099916,-0.025354264,0.375548989,0.926420331
1713723163295151872.000000,-0.918030024,-0.155143380,3.762532473,-0.012462771,-0.020955637,0.376848519,0.925953984
1713723163328532736.000000,-0.918211997,-0.155399844,3.763048410,-0.011839425,-0.019525856,0.376954287,0.925950348
1713723163361913344.000000,-0.917728662,-0.155723765,3.763537169,-0.010356151,-0.018214703,0.377649575,0.925711513
1713723163395294720.000000,-0.918201685,-0.154774055,3.764611959,-0.013299098,-0.020580234,0.377455175,0.925703645
1713723163428676096.000000,-0.919507742,-0.157811552,3.762460709,-0.014749840,-0.018245846,0.377451807,0.925731957
1713723163462057472.000000,-0.918855071,-0.158411041,3.763731480,-0.013520384,-0.017335460,0.377490431,0.925752521
1713723163495440128.000000,-0.919250607,-0.157891586,3.763896227,-0.013188903,-0.017120291,0.378255606,0.925448954
1713723163528822016.000000,-0.919053674,-0.157265216,3.765114784,-0.015534377,-0.019674610,0.378342241,0.925326347
1713723163562204672.000000,-0.918441594,-0.157150239,3.766587734,-0.013791658,-0.019387664,0.378417850,0.925329089
1713723163595587584.000000,-0.918483198,-0.156528562,3.767888784,-0.011241938,-0.019439798,0.377872825,0.925585151
1713723163628970496.000000,-0.914780498,-0.150660232,3.762078047,-0.006247194,-0.026687356,0.376164526,0.926147461
1713723163662353664.000000,-0.914416194,-0.149927244,3.764217615,-0.005703188,-0.028064575,0.376024097,0.926167309
1713723163695737600.000000,-0.913690984,-0.149883643,3.765594244,-0.005379874,-0.028477877,0.375934869,0.926192820
1713723163729121792.000000,-0.913333893,-0.149737000,3.766395807,-0.004164690,-0.028679304,0.376460969,0.925979137
1713723163762505472.000000,-0.921755791,-0.161069840,3.763873577,-0.016220713,-0.014047157,0.377719343,0.925671518
1713723163795890432.000000,-0.921527922,-0.160446092,3.765354633,-0.015601553,-0.014802502,0.377566218,0.925732851
1713723163829275136.000000,-0.920539498,-0.160154790,3.767360926,-0.013821781,-0.014626010,0.377545357,0.925772429
1713723163862660096.000000,-0.920740128,-0.159287214,3.768117666,-0.012684873,-0.014775883,0.377365083,0.925859869
1713723163896045568.000000,-0.921361506,-0.157123461,3.767856598,-0.012623474,-0.016050885,0.376792520,0.926072598
1713723163929431552.000000,-0.920719862,-0.156891882,3.769618750,-0.011860344,-0.016273608,0.377054632,0.925972164
1713723163962817536.000000,-0.919880390,-0.156782642,3.771003962,-0.009401946,-0.016030774,0.377719194,0.925733745
1713723163996203776.000000,-0.920503795,-0.155972704,3.771545410,-0.010758253,-0.016988086,0.377389759,0.925836205
1713723164029590016.000000,-0.915132165,-0.150556460,3.765782595,-0.005820480,-0.025963914,0.374936104,0.926668763
1713723164062976768.000000,-0.914296627,-0.150849432,3.767618895,-0.004169505,-0.025868515,0.374851942,0.926714361
1713723164096364032.000000,-0.914175272,-0.150821328,3.767771244,-0.003693718,-0.025770390,0.374800831,0.926739812
1713723164129751552.000000,-0.914667368,-0.150330275,3.768037319,-0.005738554,-0.027219960,0.375196338,0.926527858
1713723164163138816.000000,-0.915374577,-0.150412664,3.768789530,-0.005382787,-0.025253583,0.374637067,0.926811934
1713723164196527104.000000,-0.915064931,-0.150545120,3.769546986,-0.002403738,-0.024356067,0.374132454,0.927052319
1713723164229914112.000000,-0.915084362,-0.150339216,3.769742489,-0.004516976,-0.025326200,0.374138325,0.927016079
1713723164263271424.000000,-0.914916992,-0.150406420,3.770045757,-0.006432578,-0.027041150,0.373699188,0.927133441
1713723164296627456.000000,-0.915764809,-0.150350794,3.771471262,-0.005055394,-0.024671549,0.374442875,0.926907957
1713723164329984256.000000,-0.915493846,-0.150196120,3.771875143,-0.001689531,-0.024053628,0.374089330,0.927079141
1713723164363340544.000000,-0.915468216,-0.150051758,3.772045374,-0.004897626,-0.025153406,0.373984218,0.927080989
1713723164396697344.000000,-0.915448904,-0.150082439,3.772624254,-0.005859471,-0.025889711,0.372932851,0.927478611
1713723164430053376.000000,-0.914887905,-0.150174990,3.773689270,-0.004281932,-0.025398729,0.372393459,0.927717447
1713723164463410176.000000,-0.915382445,-0.150336549,3.773686171,-0.002956811,-0.023782717,0.373189986,0.927445412
1713723164496766208.000000,-0.915543616,-0.150551304,3.770064831,-0.006427085,-0.024373552,0.372835606,0.927554965
1713723164530122752.000000,-0.915318608,-0.150472596,3.770588398,-0.005225449,-0.023843853,0.372532129,0.927698314
1713723164563479552.000000,-0.915312171,-0.150428474,3.771253109,-0.003674273,-0.023168772,0.372077972,0.927905023
1713723164596835840.000000,-0.915494323,-0.150110126,3.771444321,-0.004241405,-0.023654245,0.372041464,0.927905023
1713723164630192640.000000,-0.915613890,-0.150499299,3.772396088,-0.005302747,-0.023403540,0.372355193,0.927780092
1713723164663548928.000000,-0.915742338,-0.150368571,3.772899151,-0.005040663,-0.022783447,0.371884108,0.927985907
1713723164696905728.000000,-0.915743113,-0.150479972,3.773245573,-0.003345708,-0.022176510,0.371593744,0.928124547
1713723164730261760.000000,-0.915906727,-0.150359079,3.773382425,-0.005249602,-0.022390138,0.371430129,0.928176105
1713723164763618560.000000,-0.915456295,-0.150074899,3.773413420,-0.004945465,-0.024144884,0.371505052,0.928103745
1713723164796974336.000000,-0.915729642,-0.150537089,3.775109529,-0.004423996,-0.022879267,0.371742219,0.928043544
1713723164830331136.000000,-0.915822923,-0.150553301,3.775228977,-0.002840563,-0.021637963,0.371263772,0.928271055
1713723164863687168.000000,-0.916389465,-0.150415629,3.775763750,-0.005949859,-0.022342773,0.370913535,0.928379595
1713723164897043712.000000,-0.916098118,-0.150738880,3.776294470,-0.005815560,-0.022602413,0.371427089,0.928168774
1713723164930400256.000000,-0.915795922,-0.150445521,3.774210215,-0.003701588,-0.022439048,0.372362226,0.927808762
1713723164963756544.000000,-0.915978491,-0.150431171,3.774465084,-0.002676376,-0.021499049,0.372676700,0.927708328
1713723164997113088.000000,-0.916394830,-0.149979249,3.774559021,-0.004771088,-0.022918556,0.372384608,0.927783191
1713723165030469120.000000,-0.915983796,-0.150320634,3.775326729,-0.004752884,-0.023021882,0.372566402,0.927707791
1713723165063825920.000000,-0.916058660,-0.150590211,3.775673866,-0.003050841,-0.021445554,0.372490138,0.927783370
1713723165097181696.000000,-0.916157246,-0.150332391,3.775815725,-0.003570778,-0.021976013,0.372176170,0.927895069
1713723165130538496.000000,-0.916284978,-0.150269508,3.777134180,-0.005475290,-0.022975175,0.372248858,0.927832425
1713723165163894784.000000,-0.915967405,-0.150492281,3.777786255,-0.004306398,-0.022378936,0.372599751,0.927712262
1713723165197251072.000000,-0.916186690,-0.150649950,3.778156281,-0.002783598,-0.020570992,0.373241365,0.927502036
1713723165230607872.000000,-0.916384935,-0.150286019,3.778073311,-0.004749318,-0.022511601,0.372407407,0.927784204
1713723165263965952.000000,-0.916503072,-0.150467843,3.779378414,-0.005289621,-0.022303056,0.372937888,0.927573144
1713723165297324288.000000,-0.916578650,-0.150413588,3.779964209,-0.003237725,-0.020843517,0.373246878,0.927492261
1713723165330682368.000000,-0.916723609,-0.150293380,3.779922485,-0.002310124,-0.020191299,0.372959197,0.927625179
1713723165364040960.000000,-0.917047679,-0.149870917,3.779781580,-0.004610873,-0.022175875,0.372382015,0.927803159
1713723165397399040.000000,-0.915974855,-0.150291070,3.778473377,-0.004513681,-0.022312589,0.372013122,0.927948296
1713723165430757376.000000,-0.916109920,-0.150426015,3.778843880,-0.003718462,-0.020556463,0.372629285,0.927745163
1713723165464115456.000000,-0.916325331,-0.150354058,3.778762341,-0.005092520,-0.021904409,0.372109741,0.927916348
1713723165497473792.000000,-0.916046739,-0.150243640,3.779366970,-0.004723634,-0.021607017,0.371869594,0.928021491
1713723165530832128.000000,-0.917004406,-0.150489956,3.783757448,-0.003839938,-0.019411378,0.372551084,0.927800715
1713723165564190208.000000,-0.917030990,-0.150441408,3.783874035,-0.003729313,-0.019725600,0.372578561,0.927783549
1713723165597548544.000000,-0.917107224,-0.150457963,3.784310102,-0.004425847,-0.019373495,0.372451842,0.927838802
1713723165630906880.000000,-0.917052090,-0.150576919,3.784663200,-0.004291025,-0.018795690,0.372440249,0.927855968
1713723165664265216.000000,-0.917180717,-0.150456518,3.785598040,-0.003433348,-0.018651471,0.371691227,0.928162754
1713723165697623296.000000,-0.917206764,-0.150474951,3.785820961,-0.003830593,-0.017820861,0.371663839,0.928188443
1713723165730981632.000000,-0.917285144,-0.150488660,3.786239386,-0.004502700,-0.018341124,0.370949417,0.928461015
1713723165764339968.000000,-0.917312980,-0.150582150,3.786616802,-0.004300837,-0.017211970,0.371032000,0.928450584
1713723165797698304.000000,-0.916228771,-0.150093734,3.782438993,-0.002038949,-0.018898679,0.370650142,0.928578079
1713723165831056640.000000,-0.916527987,-0.150216222,3.782624006,-0.004312001,-0.018859047,0.370471418,0.928642452
1713723165864414464.000000,-0.916478276,-0.150471687,3.783141136,-0.003757128,-0.019046577,0.370385021,0.928675473
1713723165897773312.000000,-0.916525543,-0.150398105,3.783503294,-0.003216353,-0.017438242,0.370492548,0.928666234
1713723165931131136.000000,-0.916784763,-0.150196031,3.786382914,-0.002499636,-0.018524865,0.370124042,0.928794265
1713723165964489472.000000,-0.916659415,-0.150317088,3.786712885,-0.003626578,-0.018707508,0.369806290,0.928913474
1713723165997847552.000000,-0.916608810,-0.150497004,3.787240267,-0.001887724,-0.018099278,0.369876027,0.928902924
1713723166031206400.000000,-0.916770339,-0.150412142,3.787378311,-0.002749565,-0.017346559,0.369641215,0.929008603
1713723166064564224.000000,-0.916481137,-0.149921313,3.785072327,-0.001369741,-0.018608298,0.369574934,0.929013669
1713723166097922560.000000,-0.916549683,-0.150310278,3.786911726,-0.002645809,-0.017847430,0.369601756,0.929015100
1713723166131280896.000000,-0.916637301,-0.150495544,3.787365198,-0.000573273,-0.016961500,0.369774729,0.928966403
1713723166164639232.000000,-0.916703820,-0.150401622,3.787519932,-0.002044761,-0.016705874,0.369474262,0.929088593
1713723166197997568.000000,-0.916790962,-0.150504336,3.787871838,-0.003801216,-0.017620370,0.369065791,0.929228544
1713723166231355904.000000,-0.916497469,-0.150106683,3.786073208,-0.001578842,-0.017618805,0.369638860,0.929007173
1713723166264713984.000000,-0.916530311,-0.150298879,3.786284685,0.001576730,-0.015686717,0.370116919,0.928851426
1713723166298072576.000000,-0.917278349,-0.150019288,3.786237717,-0.001993368,-0.016125381,0.369588405,0.929053485
1713723166331430656.000000,-0.916980386,-0.150432482,3.786925554,-0.002860471,-0.016759118,0.369185954,0.929200113
1713723166364788992.000000,-0.916262388,-0.150794208,3.789482594,-0.001001362,-0.016860407,0.369388223,0.929121673
1713723166398147072.000000,-0.917173624,-0.150172189,3.793244123,0.000557715,-0.016029380,0.369323492,0.929162502
1713723166431505664.000000,-0.917863488,-0.149879441,3.793754816,-0.002045834,-0.015523016,0.368213207,0.929609597
1713723166464864000.000000,-0.917431951,-0.150413945,3.794173241,-0.001997404,-0.015666686,0.369081318,0.929262936
1713723166498222080.000000,-0.917494833,-0.150639728,3.794525146,-0.000121748,-0.014424644,0.370142072,0.928863168
1713723166531580416.000000,-0.917761803,-0.149948463,3.794617653,-0.000512161,-0.015406860,0.369579315,0.929071307
1713723166564939008.000000,-0.916616559,-0.149855107,3.789601326,-0.001570662,-0.018097768,0.370180756,0.928782165
1713723166598297088.000000,-0.916563809,-0.149997324,3.790046215,-0.000749446,-0.017408278,0.370372266,0.928719997
1713723166631655424.000000,-0.916529417,-0.150271729,3.790231705,0.001177165,-0.015958477,0.371313006,0.928369880
1713723166665014016.000000,-0.916911244,-0.149721116,3.790495634,-0.001221599,-0.017019197,0.370735109,0.928581953
1713723166698372352.000000,-0.916604221,-0.149973884,3.790982008,-0.001820978,-0.017908724,0.370175749,0.928787351
1713723166731730432.000000,-0.916657388,-0.150057301,3.792201281,-0.000235611,-0.016772503,0.370618999,0.928633511
1713723166765088768.000000,-0.916847587,-0.149905071,3.792380333,0.000247419,-0.016701728,0.370677978,0.928611279
1713723166798447360.000000,-0.917052627,-0.149845839,3.792649984,-0.001876764,-0.017032394,0.370333672,0.928740799
1713723166831805696.000000,-0.916802406,-0.150103539,3.793105125,-0.001791050,-0.017122509,0.370707899,0.928589940
1713723166865163776.000000,-0.916934133,-0.150002033,3.793538094,0.000463644,-0.016502185,0.371561795,0.928261518
1713723166898522112.000000,-0.917940319,-0.150174856,3.800139189,-0.001529939,-0.015431067,0.371085286,0.928469300
1713723166931880704.000000,-0.917887092,-0.150215134,3.800490379,-0.002141754,-0.016178656,0.371274978,0.928379595
1713723166965239040.000000,-0.917906463,-0.150395736,3.801041842,-0.001125208,-0.014969889,0.371519268,0.928303838
1713723166998597376.000000,-0.918082237,-0.150269970,3.801258087,0.000270885,-0.014578464,0.371901035,0.928157866
1713723167031955712.000000,-0.917154253,-0.149886206,3.793303490,-0.000904934,-0.016049074,0.374031752,0.927276671
1713723167065314304.000000,-0.917206645,-0.149887592,3.793597698,-0.000820801,-0.015973300,0.374427348,0.927118361
1713723167098672640.000000,-0.917200565,-0.149951771,3.794095993,-0.000017436,-0.015473592,0.374610603,0.927053213
1713723167132030720.000000,-0.917322695,-0.149905801,3.794396162,0.000493126,-0.015012537,0.374776542,0.926993549
1713723167165389056.000000,-0.917283416,-0.150015712,3.794646502,-0.001002742,-0.015623667,0.374484807,0.927100956
1713723167198747904.000000,-0.918554366,-0.150293529,3.803945780,-0.001100664,-0.014080235,0.373312712,0.927598059
1713723167232106240.000000,-0.918521464,-0.150317848,3.804203033,0.000887562,-0.013251191,0.373660594,0.927470446
1713723167265465088.000000,-0.918717086,-0.149999335,3.804447651,0.000478537,-0.013179927,0.373766959,0.927428901
1713723167298824192.000000,-0.918640852,-0.150030792,3.804705381,-0.001014523,-0.013349685,0.373418689,0.927566350
1713723167332182784.000000,-0.918294907,-0.149962753,3.805430174,0.000016729,-0.012481159,0.372637302,0.927893102
1713723167365541632.000000,-0.917878628,-0.150578529,3.796200752,-0.001999385,-0.007947967,0.377048522,0.926157296
1713723167398900736.000000,-0.918010950,-0.150162682,3.796017647,-0.004440743,-0.007900433,0.376395106,0.926414967
1713723167432259840.000000,-0.917747974,-0.150479034,3.796890020,-0.005678717,-0.006265329,0.376482695,0.926385105
1713723167465618944.000000,-0.917511880,-0.150571644,3.797234535,-0.003498776,-0.002895724,0.376178652,0.926536024
1713723167498977536.000000,-0.916279137,-0.148581699,3.795852661,-0.003552023,-0.007305396,0.371777266,0.928286493
1713723167532336640.000000,-0.916924477,-0.148472622,3.806460381,-0.006529793,-0.005215608,0.370463997,0.928809285
1713723167565695488.000000,-0.917019844,-0.149053723,3.807521820,-0.005895605,-0.000800125,0.371689409,0.928338110
1713723167599054336.000000,-0.916968703,-0.148947850,3.807531595,-0.003627097,0.003133496,0.371220887,0.928532243
1713723167632413952.000000,-0.917624176,-0.148662448,3.807855368,-0.009259753,0.003569474,0.371656746,0.928317189
1713723167665772800.000000,-0.913665771,-0.148321301,3.797039032,-0.010143333,-0.003812352,0.364720017,0.931054235
1713723167699131392.000000,-0.916973174,-0.149307519,3.798864603,-0.008946849,0.008792333,0.375093937,0.926901996
1713723167732490496.000000,-0.918077946,-0.149195433,3.799676657,-0.011133549,0.012080680,0.378009468,0.925656021
1713723167765849600.000000,-0.918632925,-0.149316221,3.800373554,-0.013940200,0.015294428,0.379474759,0.924970686
1713723167799208704.000000,-0.918990016,-0.149801210,3.801255703,-0.013108523,0.019972263,0.380682200,0.924397349
1713723167832567808.000000,-0.911628067,-0.146047264,3.796047926,-0.009396861,0.000767424,0.358183622,0.933603585
1713723167865926656.000000,-0.909778237,-0.144685358,3.799645662,-0.014002126,0.002862608,0.362259448,0.931967795
1713723167899285504.000000,-0.909800529,-0.144772798,3.800189495,-0.014332951,0.004116451,0.362964720,0.931683600
1713723167932645120.000000,-0.909908712,-0.145302042,3.800777435,-0.012623175,0.008200809,0.364190787,0.931202769
1713723167966004224.000000,-0.910500824,-0.144942626,3.800965786,-0.015414812,0.008806725,0.364613414,0.930989742
1713723167999363072.000000,-0.910439432,-0.144915879,3.805765629,-0.016397703,0.001378876,0.355342507,0.934591293
1713723168032721920.000000,-0.913909197,-0.147282496,3.798973799,-0.016700283,0.015186532,0.368140668,0.929496109
1713723168066081024.000000,-0.913933754,-0.147170022,3.799155474,-0.016501766,0.015634585,0.368236631,0.929454207
1713723168099440384.000000,-0.914563119,-0.146403819,3.799129725,-0.018969489,0.015872538,0.369568050,0.928874493
1713723168132799488.000000,-0.914091349,-0.147038460,3.799877882,-0.019293096,0.016484965,0.369937390,0.928710043
1713723168166158080.000000,-0.912777126,-0.145306975,3.800258636,-0.015785281,0.015292719,0.365914196,0.930389047
1713723168199517184.000000,-0.911895216,-0.145217031,3.798038960,-0.018987112,0.011588765,0.368320912,0.929432631
1713723168232877568.000000,-0.911730230,-0.145161986,3.798366785,-0.019255025,0.011435158,0.368747473,0.929259837
1713723168266233088.000000,-0.911702991,-0.145340383,3.798761368,-0.019074250,0.013021003,0.370216578,0.928658366
1713723168299589376.000000,-0.912120402,-0.145013899,3.798974991,-0.017723985,0.013748471,0.371295512,0.928243816
1713723168332945920.000000,-0.912808180,-0.145195380,3.799895287,-0.020926062,0.014780557,0.372709066,0.927594543
1713723168366301696.000000,-0.909702420,-0.142299473,3.801042080,-0.020120941,0.010992157,0.366170824,0.930265188
1713723168399657728.000000,-0.908612072,-0.145478338,3.805496454,-0.023666970,0.015893921,0.358569562,0.933067679
1713723168433014272.000000,-0.908924103,-0.145491108,3.805342436,-0.025606960,0.015761027,0.360138595,0.932414174
1713723168466370048.000000,-0.909154773,-0.145275801,3.805728674,-0.025434570,0.015390278,0.360899180,0.932130873
1713723168499726336.000000,-0.908823013,-0.145405248,3.806073904,-0.025933472,0.015879111,0.360920012,0.932100952
1713723168533082368.000000,-0.908966720,-0.145400107,3.806202888,-0.023460981,0.017254062,0.361342251,0.931978405
1713723168566438144.000000,-0.903383315,-0.139386714,3.805479765,-0.025412045,0.015263462,0.357454598,0.933459938
1713723168599794432.000000,-0.901444852,-0.135916770,3.785456896,-0.019760102,0.003169523,0.360106081,0.932696760
1713723168633150464.000000,-0.900264680,-0.135562807,3.785564184,-0.017394401,0.002972106,0.359496951,0.932979465
1713723168666506240.000000,-0.899364352,-0.134602427,3.784599304,-0.017300252,0.002599810,0.359504223,0.932979524
1713723168699862528.000000,-0.899792969,-0.133104295,3.784063816,-0.018698284,0.000521591,0.359966904,0.932777524
1713723168733218304.000000,-0.894299030,-0.131154910,3.784622431,-0.020265620,0.002990294,0.359533906,0.932907224
1713723168766574080.000000,-0.896400213,-0.137917906,3.792848110,-0.023664450,0.018286956,0.357393831,0.933474839
1713723168799930368.000000,-0.894741178,-0.134952262,3.792879105,-0.026240358,0.014228460,0.357255042,0.933529794
1713723168833286400.000000,-0.893604577,-0.133311048,3.792397976,-0.026933607,0.012452161,0.357175946,0.933565676
1713723168866641920.000000,-0.890425265,-0.132494539,3.792714357,-0.025013557,0.012913098,0.356944919,0.933701158
1713723168899997952.000000,-0.887417376,-0.130972654,3.786480904,-0.023588352,0.018546069,0.356920958,0.933652580
1713723168933354240.000000,-0.895631552,-0.129665792,3.785874844,-0.016950155,-0.002968445,0.361497164,0.932214439
1713723168966709760.000000,-0.893341303,-0.127136320,3.783817291,-0.015554570,-0.003876475,0.362153739,0.931980550
1713723169000065792.000000,-0.889934301,-0.125541270,3.782842636,-0.012565270,-0.004016889,0.362130344,0.932034135
1713723169033422336.000000,-0.887974262,-0.123198830,3.781806469,-0.012335596,-0.004852826,0.362046868,0.932065725
1713723169066777600.000000,-0.889519393,-0.125788152,3.775820494,-0.025128523,0.009644555,0.356962383,0.933730960
1713723169100133632.000000,-0.887153268,-0.122963503,3.774741411,-0.023226621,0.008694721,0.356501788,0.933965445
1713723169133489664.000000,-0.884189665,-0.121514536,3.773804188,-0.019719055,0.009264262,0.356471539,0.934052110
1713723169166845440.000000,-0.883296072,-0.117752992,3.772214174,-0.021702901,0.007265299,0.356532544,0.934002578
1713723169200200960.000000,-0.881983101,-0.114941694,3.770291567,-0.020992378,0.006031708,0.356741875,0.933947682
1713723169233556992.000000,-0.880029202,-0.110472225,3.764631987,-0.021235691,0.009408737,0.356685996,0.933935642
1713723169266912768.000000,-0.892600775,-0.126186416,3.795598030,-0.003262632,-0.017199017,0.366141647,0.930394530
1713723169300268032.000000,-0.892419696,-0.121721193,3.793704271,-0.005042759,-0.019412136,0.366890460,0.930047989
1713723169333623296.000000,-0.891177952,-0.119779095,3.792660236,-0.004325083,-0.019758886,0.366973877,0.930011332
1713723169366978048.000000,-0.888755202,-0.118698135,3.791945457,-0.000050034,-0.018683210,0.366995454,0.930035174
1713723169400333568.000000,-0.887510538,-0.115957841,3.784442425,-0.001195836,-0.019264558,0.366219819,0.930328190
1713723169433688832.000000,-0.893487990,-0.125839114,3.799354553,-0.004523422,-0.017254062,0.367706388,0.929770947
1713723169467044096.000000,-0.892994761,-0.125036478,3.800015450,-0.002873886,-0.016329350,0.368078917,0.929646790
1713723169500399360.000000,-0.892187595,-0.125200748,3.800349236,0.000244403,-0.015136187,0.368407667,0.929541111
1713723169533754880.000000,-0.892863154,-0.123517066,3.799322128,-0.002236661,-0.016055332,0.368774682,0.929377496
1713723169567110144.000000,-0.888220727,-0.117534608,3.790308475,-0.001735202,-0.017839463,0.366931409,0.930075347
1713723169600465408.000000,-0.885054708,-0.114773348,3.783669710,-0.001146857,-0.015030648,0.367359638,0.929956853
1713723169633820416.000000,-0.884235859,-0.115586564,3.785404682,0.001197354,-0.013949013,0.367664993,0.929852962
1713723169667175424.000000,-0.885095894,-0.115394801,3.786591768,-0.002793495,-0.014963271,0.367105424,0.930054784
1713723169700530688.000000,-0.885374367,-0.115814626,3.788826704,-0.002737263,-0.014624937,0.366735816,0.930206180
1713723169733885696.000000,-0.881341457,-0.108732179,3.775227308,0.002016111,-0.014893007,0.366070837,0.930465698
1713723169767240960.000000,-0.892371893,-0.124643862,3.802388668,0.000677968,-0.013131820,0.365077347,0.930884421
1713723169800595968.000000,-0.893213987,-0.123704970,3.804893970,-0.002145467,-0.014650024,0.365406215,0.930730402
1713723169833951232.000000,-0.892694354,-0.124262705,3.806173325,-0.001278622,-0.013443764,0.365330309,0.930779994
1713723169867306240.000000,-0.891901612,-0.126077160,3.807936192,0.000467948,-0.012128782,0.365315378,0.930804729
1713723169900661504.000000,-0.888864160,-0.117123857,3.793897629,-0.000340505,-0.014565534,0.364591777,0.931053460
1713723169934016512.000000,-0.887553930,-0.113066062,3.796173096,-0.000011219,-0.014753262,0.364913076,0.930924714
1713723169967371264.000000,-0.886638284,-0.113380030,3.798778296,0.000714760,-0.013986055,0.365012437,0.930897355
1713723170000726272.000000,-0.885729074,-0.113485917,3.799907207,0.002076982,-0.013522895,0.365115136,0.930861890
1713723170034081280.000000,-0.885977089,-0.112434998,3.801079988,-0.000230226,-0.014128193,0.364835799,0.930964708
1713723170067436288.000000,-0.880640388,-0.104427800,3.787256956,0.001178640,-0.015913056,0.364258200,0.931161344
1713723170100791296.000000,-0.891271710,-0.123131275,3.805681467,0.001342760,-0.012813261,0.363720357,0.931419134
1713723170134146304.000000,-0.889385998,-0.121743783,3.804665804,0.001241213,-0.013394244,0.363604963,0.931456149
1713723170167501056.000000,-0.888431549,-0.119418725,3.803205252,-0.000669239,-0.014724245,0.363458425,0.931493878
1713723170200856064.000000,-0.887182772,-0.118037716,3.803419590,-0.000075738,-0.014587015,0.363156289,0.931614041
1713723170234211072.000000,-0.882835507,-0.111358717,3.791614532,0.003494482,-0.014214763,0.363138944,0.931620061
1713723170267566336.000000,-0.881105185,-0.108477041,3.785869122,-0.000353283,-0.013217900,0.363741547,0.931406140
1713723170300922368.000000,-0.881208420,-0.106355950,3.783108711,-0.001228077,-0.014537791,0.363852710,0.931342304
1713723170334278400.000000,-0.878971517,-0.105506688,3.783373356,0.001095297,-0.013122872,0.363487989,0.931505859
1713723170367634176.000000,-0.878873944,-0.105691150,3.784850359,0.001814191,-0.012544946,0.363813251,0.931385696
1713723170400989696.000000,-0.878800273,-0.103439569,3.784051895,-0.000466032,-0.014436397,0.363677114,0.931413054
1713723170434345472.000000,-0.871922731,-0.092694730,3.769553900,0.002517043,-0.014826961,0.362607777,0.931820512
1713723170467701760.000000,-0.890792847,-0.122237131,3.808685064,0.002416759,-0.010791994,0.362865001,0.931776106
1713723170501057024.000000,-0.890050590,-0.120129541,3.806979656,0.000280208,-0.012127098,0.362851232,0.931768179
1713723170534412800.000000,-0.889685154,-0.118986994,3.807431459,0.000401299,-0.012282263,0.362991869,0.931711316
1713723170567768576.000000,-0.887584090,-0.117622450,3.806828737,0.001733646,-0.011564903,0.363052785,0.931695163
1713723170601124608.000000,-0.885735393,-0.117195934,3.806121111,0.003708964,-0.011192867,0.362705261,0.931829333
1713723170634480128.000000,-0.885157108,-0.115011960,3.805507660,0.000786939,-0.012207494,0.362453908,0.931921482
1713723170667835648.000000,-0.851788998,-0.061111763,3.739300489,0.001536072,-0.013205672,0.363623023,0.931451380
1713723170701191424.000000,-0.850582600,-0.061388329,3.738215446,0.003920007,-0.011939339,0.363238662,0.931611419
1713723170734547456.000000,-0.849515975,-0.060303494,3.736283541,0.003957554,-0.011644034,0.363214523,0.931624413
1713723170767902976.000000,-0.849362850,-0.057521194,3.734731436,0.001663215,-0.012983739,0.363026053,0.931687057
1713723170801258240.000000,-0.846795917,-0.055155113,3.732364655,0.001493400,-0.012941253,0.362575918,0.931863189
1713723170834614016.000000,-0.889836431,-0.120364442,3.811643600,0.003781743,-0.010230516,0.362921834,0.931755781
1713723170867969792.000000,-0.889351487,-0.118336126,3.808569193,0.001751728,-0.010553217,0.363256216,0.931627929
1713723170901325568.000000,-0.888738990,-0.116874099,3.807181835,0.000693221,-0.011317772,0.363613516,0.931480885
1713723170934680576.000000,-0.886432350,-0.114982381,3.805914402,0.002333226,-0.010128802,0.363680124,0.931465983
1713723170968036352.000000,-0.876595914,-0.100091591,3.795254707,0.004705606,-0.012527111,0.362880528,0.931739628
1713723171001391872.000000,-0.889779508,-0.119836017,3.813273907,0.001165722,-0.010901240,0.364767581,0.931034029
1713723171034747648.000000,-0.888135850,-0.117214948,3.810260534,0.001777664,-0.011233663,0.365025133,0.930928230
1713723171068103168.000000,-0.884680152,-0.114312813,3.807634115,0.003175884,-0.010998322,0.364713609,0.931049407
1713723171101458432.000000,-0.882587433,-0.110611364,3.804784775,0.003162250,-0.011232658,0.364591986,0.931094289
1713723171134813952.000000,-0.859327316,-0.076343879,3.770995617,0.004330118,-0.014811996,0.362118751,0.932004213
1713723171168169472.000000,-0.856634378,-0.068074346,3.790391445,0.002474275,-0.011587316,0.362252325,0.932004750
1713723171201525248.000000,-0.852730274,-0.065266684,3.786163092,0.004252062,-0.011361464,0.362323940,0.931973279
1713723171234880768.000000,-0.849561870,-0.061318293,3.781065226,0.003218618,-0.011555429,0.362180084,0.932030976
1713723171268017664.000000,-0.847286642,-0.057616964,3.776352644,0.002458497,-0.012736226,0.362094790,0.932051003
1713723171301744640.000000,-0.840682745,-0.047333419,3.773474455,0.004430130,-0.012565240,0.361806452,0.932157993
1713723171335473664.000000,-0.848139703,-0.070435703,3.788852215,0.002895169,-0.011241712,0.362464815,0.931925178
1713723171369204992.000000,-0.845169783,-0.066141829,3.784009457,0.001617652,-0.012204106,0.362620145,0.931855798
1713723171402939392.000000,-0.841659665,-0.062032551,3.779912472,0.001992377,-0.012422974,0.362834454,0.931768656
1713723171436675584.000000,-0.838071704,-0.058608964,3.776271582,0.002745709,-0.011836478,0.362899005,0.931749284
1713723171470413824.000000,-0.889673173,-0.119106874,3.818744659,0.000490536,-0.008105054,0.366433173,0.930409014
1713723171504154624.000000,-0.886309028,-0.114164621,3.814082384,-0.000104593,-0.009036095,0.366493493,0.930376768
1713723171537898240.000000,-0.882263780,-0.109116092,3.810390949,0.000593080,-0.009186983,0.366580546,0.930340827
1713723171571644160.000000,-0.878207982,-0.104338393,3.806832790,0.000890459,-0.009276595,0.366490453,0.930375159
1713723171605391616.000000,-0.886713266,-0.111894071,3.827002764,0.000018653,-0.008280887,0.366520822,0.930373013
1713723171639142400.000000,-0.883960605,-0.107373804,3.824284315,0.000171059,-0.008609623,0.366597116,0.930339992
1713723171672895232.000000,-0.880539536,-0.106272772,3.822146177,0.000376185,-0.008023633,0.366298348,0.930462837
1713723171706650624.000000,-0.877485871,-0.103716433,3.820122719,0.000284796,-0.008587876,0.365957201,0.930592060
1713723171740408064.000000,-0.879164338,-0.105126947,3.831852436,0.000269159,-0.007420409,0.365244478,0.930882037
1713723171774168064.000000,-0.877423406,-0.101568267,3.830750465,0.000178382,-0.007899180,0.365067333,0.930947602
1713723171807930112.000000,-0.875762582,-0.098483369,3.830886602,0.000069780,-0.007570074,0.364519238,0.931165099
1713723171841694720.000000,-0.872916698,-0.097504377,3.831897259,0.001911345,-0.006767558,0.364181191,0.931301594
1713723171875461888.000000,-0.865336418,-0.091773450,3.827794075,0.000878598,-0.007625449,0.363361716,0.931616545
1713723171909230848.000000,-0.888895273,-0.117920429,3.822902679,-0.001839243,-0.005213710,0.364680231,0.931116462
1713723171943002880.000000,-0.885693908,-0.115533575,3.823270082,-0.001592920,-0.004426142,0.364455640,0.931208849
1713723171976776960.000000,-0.883177400,-0.115126535,3.824728966,0.000576980,-0.003480589,0.364178509,0.931322515
1713723172010553344.000000,-0.882350922,-0.111828968,3.825609922,-0.002317735,-0.004276723,0.363833934,0.931451142
1713723172044332544.000000,-0.887010753,-0.115865409,3.829349518,-0.002340009,-0.004496220,0.363795221,0.931465209
1713723172078113536.000000,-0.884103656,-0.113577411,3.830027580,-0.001902101,-0.003912951,0.363885939,0.931433380
1713723172111897344.000000,-0.882191718,-0.111621499,3.830753565,-0.000782240,-0.003887427,0.363946706,0.931411326
1713723172145682944.000000,-0.882453918,-0.109701172,3.832924604,-0.003130716,-0.004210816,0.363677144,0.931510329
1713723172179471616.000000,-0.878613949,-0.104872391,3.835129738,-0.002969279,-0.005197580,0.363035679,0.931756020
1713723172213262592.000000,-0.881171763,-0.109462231,3.840310335,-0.000898357,-0.003818521,0.363482535,0.931592762
1713723172247055616.000000,-0.880586922,-0.107924506,3.841315746,-0.000914570,-0.003830723,0.363766193,0.931482017
1713723172281127680.000000,-0.881757498,-0.104123563,3.843512297,-0.003868962,-0.005087371,0.364036620,0.931362689
1713723172314449664.000000,-0.879723430,-0.103909388,3.847782373,-0.002708087,-0.003660598,0.363630474,0.931532145
1713723172347770112.000000,-0.888710022,-0.117444158,3.828254700,-0.003678616,-0.000736757,0.363889664,0.931434572
1713723172381091328.000000,-0.888900638,-0.115867227,3.830628872,-0.004998535,-0.001997602,0.364029318,0.931371927
1713723172414411776.000000,-0.887689948,-0.115597457,3.834773779,-0.004948944,-0.001327040,0.363809764,0.931459188
1713723172447731968.000000,-0.887064755,-0.114486814,3.839410067,-0.004780053,-0.001527581,0.363826483,0.931453288
1713723172481051904.000000,-0.883999109,-0.110738710,3.836568594,-0.003978272,-0.001901436,0.363511384,0.931579411
1713723172514371584.000000,-0.888731420,-0.117330462,3.830283165,-0.005818050,-0.000500886,0.364160359,0.931317985
1713723172547690752.000000,-0.888424098,-0.117821649,3.835396051,-0.006566514,-0.000706288,0.363815665,0.931447566
1713723172581010176.000000,-0.885303378,-0.118293211,3.840224981,-0.004716259,0.000066367,0.363309324,0.931656659
1713723172614328320.000000,-0.883265018,-0.117899463,3.843279600,-0.005004597,0.000055910,0.363352835,0.931638181
1713723172647646720.000000,-0.888412535,-0.114916429,3.845655680,-0.006275059,-0.000674074,0.363355428,0.931629241
1713723172680964608.000000,-0.888832986,-0.115389287,3.853420496,-0.005077241,0.000407725,0.363512486,0.931575418
1713723172714282240.000000,-0.888286293,-0.116496891,3.858136654,-0.003084398,0.001472998,0.363515556,0.931581914
1713723172747599872.000000,-0.889727950,-0.115369663,3.862539291,-0.005501518,0.000586081,0.363363534,0.931631029
1713723172780916736.000000,-0.888508856,-0.116921343,3.833976746,-0.005661178,0.001460009,0.362148881,0.932101905
1713723172814233344.000000,-0.888166547,-0.116605841,3.835430384,-0.005213029,0.002052628,0.362810016,0.931846321
1713723172847549952.000000,-0.888106763,-0.116667345,3.836490631,-0.004673734,0.002248077,0.362499475,0.931969583
1713723172880865792.000000,-0.887839437,-0.115986958,3.838261843,-0.005781928,0.001910780,0.362188458,0.932085037
1713723172914181376.000000,-0.886928618,-0.115884304,3.839989424,-0.005587804,0.002471420,0.361553192,0.932331502
1713723172947497216.000000,-0.887792051,-0.115944371,3.842851639,-0.004820235,0.002861849,0.361376047,0.932403326
1713723172980811776.000000,-0.887730956,-0.115742832,3.844499111,-0.005096456,0.003591959,0.361315608,0.932422817
1713723173014126848.000000,-0.887723386,-0.115303002,3.846493006,-0.004763904,0.003570122,0.361241341,0.932453334
1713723173047440896.000000,-0.887495995,-0.114934608,3.848220825,-0.004995621,0.004106530,0.361319393,0.932419717
1713723173080755200.000000,-0.886311114,-0.114598207,3.849793911,-0.003825452,0.003711943,0.360259473,0.932836950
1713723173114068736.000000,-0.888546586,-0.116789006,3.837499380,-0.005840503,0.005795510,0.361405313,0.932372570
1713723173147382528.000000,-0.889319181,-0.116906725,3.839726925,-0.005753223,0.006391854,0.362095833,0.932101250
1713723173180695808.000000,-0.889857054,-0.116997734,3.842561007,-0.005787361,0.006717003,0.362312496,0.932014525
1713723173214008320.000000,-0.890069544,-0.117169894,3.844520569,-0.004629942,0.007631246,0.362165928,0.932070971
1713723173247320832.000000,-0.885857522,-0.113461792,3.862453938,-0.004880676,0.003524017,0.360069841,0.932905972
1713723173280632320.000000,-0.889609277,-0.116369992,3.847288370,-0.005024384,0.007523913,0.361326635,0.932395399
1713723173313953536.000000,-0.890291154,-0.116405748,3.849129677,-0.005055046,0.007963295,0.361620069,0.932277918
1713723173347274496.000000,-0.890850127,-0.116620354,3.850682497,-0.005510379,0.008187983,0.361484259,0.932326019
1713723173380595456.000000,-0.888433278,-0.116540775,3.840786457,-0.005494636,0.006606622,0.361459434,0.932348311
1713723173413916416.000000,-0.888631403,-0.116722889,3.842193365,-0.005725612,0.007544677,0.361124575,0.932469547
1713723173447236608.000000,-0.889093697,-0.116324842,3.843935013,-0.005831428,0.006949709,0.361101866,0.932482302
1713723173480556544.000000,-0.888947427,-0.116197325,3.845830679,-0.006318706,0.007054165,0.361128300,0.932468057
1713723173513875712.000000,-0.887649417,-0.115564495,3.845944881,-0.003851265,0.007064028,0.361231416,0.932441473
1713723173547194624.000000,-0.888140023,-0.115585327,3.846945763,-0.005441743,0.006859430,0.361598045,0.932292998
1713723173580514048.000000,-0.887858272,-0.115746513,3.848113537,-0.005650439,0.006437376,0.361585826,0.932299495
1713723173613832192.000000,-0.887808323,-0.115471229,3.849999428,-0.005005710,0.006989727,0.361951917,0.932157159
1713723173647150592.000000,-0.887631834,-0.115160286,3.851148605,-0.004156783,0.007272103,0.361913711,0.932173967
1713723173680468480.000000,-0.886887908,-0.114405550,3.849869967,-0.004315156,0.005891306,0.361644775,0.932287395
1713723173713785856.000000,-0.886999965,-0.114849202,3.850831509,-0.004459503,0.006572992,0.361423790,0.932367861
1713723173747103488.000000,-0.887055635,-0.114754073,3.851927757,-0.003461710,0.006533436,0.361734837,0.932251811
1713723173780420352.000000,-0.886913896,-0.113959044,3.852966070,-0.004051206,0.006242950,0.361800104,0.932226002
1713723173813737216.000000,-0.883881450,-0.110362545,3.854121208,-0.001443525,0.003963883,0.361646175,0.932305932
1713723173847053056.000000,-0.888378203,-0.116278388,3.845706224,-0.004851779,0.007942965,0.361592442,0.932289898
1713723173880369152.000000,-0.888196170,-0.116554081,3.846210957,-0.004088597,0.007293761,0.361341387,0.932396114
1713723173913684480.000000,-0.887785375,-0.115793407,3.847648621,-0.004441999,0.006786875,0.361413777,0.932370245
1713723173947000320.000000,-0.886943340,-0.116550609,3.848548174,-0.003592215,0.006825372,0.361364335,0.932392836
1713723173980314880.000000,-0.885249794,-0.112397939,3.861496925,-0.003330521,0.004491074,0.362087458,0.932127416
1713723174013629952.000000,-0.885279894,-0.113569811,3.860219479,-0.004290112,0.004843339,0.361794353,0.932235479
1713723174046944256.000000,-0.886334777,-0.114846967,3.863301277,-0.004150844,0.005545827,0.361773163,0.932240486
1713723174080258048.000000,-0.886531770,-0.114592776,3.864950895,-0.004242404,0.006158825,0.361364484,0.932394683
1713723174113571584.000000,-0.887124538,-0.114500538,3.866468430,-0.004282219,0.005880333,0.361377418,0.932391286
1713723174146884864.000000,-0.884280205,-0.114222080,3.864698410,-0.005333353,0.004400434,0.360990345,0.932543993
1713723174180197888.000000,-0.888477027,-0.116036378,3.849359035,-0.003556492,0.008318810,0.361586481,0.932294726
1713723174213510656.000000,-0.888840675,-0.116205074,3.849812746,-0.005183134,0.008520075,0.361012369,0.932507694
1713723174246823424.000000,-0.888959229,-0.116368242,3.850792170,-0.005079901,0.008313262,0.361086756,0.932481408
1713723174280135424.000000,-0.888765812,-0.116185941,3.852474213,-0.005057265,0.008355325,0.361150175,0.932456553
1713723174313470976.000000,-0.888179004,-0.115899511,3.853014708,-0.003882394,0.008419426,0.361235678,0.932428479
1713723174346854656.000000,-0.888417125,-0.115804799,3.854100466,-0.004995059,0.007948748,0.361806870,0.932205856
1713723174380056320.000000,-0.888425410,-0.115678608,3.854598999,-0.003881170,0.008659252,0.361426830,0.932352185
1713723174413748992.000000,-0.888547063,-0.115564570,3.855736256,-0.003421873,0.008794391,0.361384600,0.932369113
1713723174447443968.000000,-0.888528883,-0.115112014,3.856585741,-0.003903082,0.008503759,0.361268163,0.932415068
1713723174481140736.000000,-0.887079954,-0.115870498,3.857625484,-0.004127853,0.008175528,0.360795587,0.932599962
1713723174514839552.000000,-0.888412595,-0.115812093,3.852850437,-0.003953475,0.009105026,0.361533225,0.932306468
1713723174548540928.000000,-0.889748275,-0.115539983,3.855571270,-0.003069731,0.009234173,0.361723214,0.932234764
1713723174582243328.000000,-0.889823318,-0.115066051,3.856536865,-0.003462141,0.009682827,0.362043053,0.932104707
1713723174615948800.000000,-0.889889956,-0.115510583,3.857578516,-0.001933466,0.010207406,0.362041861,0.932103992
1713723174649655552.000000,-0.886398971,-0.114864290,3.862390995,-0.004252635,0.007555535,0.360996306,0.932527006
1713723174683364352.000000,-0.888235807,-0.115173288,3.857122660,-0.003402284,0.008617848,0.361509800,0.932322323
1713723174717075712.000000,-0.888538837,-0.114814885,3.859201431,-0.002618351,0.008414121,0.361332327,0.932395458
1713723174750788864.000000,-0.887908340,-0.115153410,3.859945059,-0.001275857,0.008939997,0.360916227,0.932554543
1713723174784504064.000000,-0.888317466,-0.114488386,3.860476255,-0.003256678,0.008105972,0.361096025,0.932487726
1713723174818221312.000000,-0.887502074,-0.114897758,3.861367702,-0.004520008,0.007384692,0.361165285,0.932461679
1713723174851940608.000000,-0.888374090,-0.115545616,3.856723309,-0.002711057,0.008526184,0.361819237,0.932205379
1713723174885661952.000000,-0.888414025,-0.115528025,3.856377602,-0.002487068,0.009079665,0.361331731,0.932389855
1713723174919385344.000000,-0.888792992,-0.114945002,3.857332468,-0.005200996,0.007815271,0.361126393,0.932469606
1713723174953111296.000000,-0.888498187,-0.115436256,3.859085560,-0.005724938,0.007759181,0.360812306,0.932588696
1713723174986838528.000000,-0.887448549,-0.113342442,3.858601809,-0.002880181,0.007626388,0.361626297,0.932287574
1713723175020568064.000000,-0.886667252,-0.113979243,3.862368107,-0.004263345,0.005235763,0.360566109,0.932709217
1713723175054300160.000000,-0.886973023,-0.114534810,3.863651991,-0.005341289,0.005606757,0.360310227,0.932800412
1713723175088033792.000000,-0.887587845,-0.115638964,3.866161346,-0.004549307,0.006171493,0.360634685,0.932675660
1713723175121769472.000000,-0.887684822,-0.116013147,3.866791725,-0.003995495,0.007349834,0.360222518,0.932828903
1713723175155507200.000000,-0.886001706,-0.113270625,3.861209393,-0.005647922,0.004273469,0.361821145,0.932220638
1713723175189247232.000000,-0.888446331,-0.115318730,3.860378504,-0.006098219,0.006958945,0.361609519,0.932283759
1713723175222988544.000000,-0.889563918,-0.116436191,3.863033772,-0.005262654,0.008359612,0.362213582,0.932042837
1713723175256732672.000000,-0.889410973,-0.115833826,3.863337517,-0.005103582,0.008026458,0.361872554,0.932179093
1713723175290478592.000000,-0.889318109,-0.115795359,3.864014864,-0.006563307,0.007252587,0.361530900,0.932308853
1713723175324226560.000000,-0.886283875,-0.113479249,3.867934227,-0.006027494,0.003323455,0.360509098,0.932730377
1713723175357976576.000000,-0.887266338,-0.114211798,3.868351936,-0.004585863,0.005399873,0.361350328,0.932403207
1713723175392006912.000000,-0.887245417,-0.114081539,3.868942738,-0.006334140,0.004187591,0.361495107,0.932343125
1713723175425286656.000000,-0.887406588,-0.114313781,3.869705439,-0.006802906,0.004346370,0.361016303,0.932524562
1713723175458565632.000000,-0.887730539,-0.114859045,3.871324539,-0.006184832,0.005242286,0.360948384,0.932550609
1713723175491844096.000000,-0.887578607,-0.114841953,3.870985031,-0.006709945,0.004925248,0.361636966,0.932281852
1713723175525122048.000000,-0.888592720,-0.115263812,3.864028931,-0.008165151,0.005736186,0.363761067,0.931438863
1713723175558399744.000000,-0.888482809,-0.115127988,3.864898443,-0.008313422,0.005726219,0.363364458,0.931592405
1713723175591675648.000000,-0.888551712,-0.115173958,3.865462780,-0.007406887,0.005707762,0.363917887,0.931384087
1713723175624951552.000000,-0.888544440,-0.114836380,3.866142511,-0.008142475,0.005140739,0.364005357,0.931347132
1713723175658226688.000000,-0.888278246,-0.115407817,3.866449833,-0.008621504,0.005758586,0.363646269,0.931479514
1713723175691501312.000000,-0.888365269,-0.114780717,3.868522167,-0.007749038,0.004827418,0.363750935,0.931451559
1713723175724775424.000000,-0.888340473,-0.114587173,3.869072437,-0.007272452,0.004946600,0.364091724,0.931321621
1713723175758048256.000000,-0.888256848,-0.114479259,3.870034933,-0.006360647,0.004590668,0.363980383,0.931373596
1713723175791321088.000000,-0.888169169,-0.114269048,3.870311499,-0.006523863,0.005007295,0.363670170,0.931491494
1713723175824592896.000000,-0.888314962,-0.114783667,3.869358540,-0.007680261,0.005452540,0.364431202,0.931182742
1713723175857863936.000000,-0.888664007,-0.115093000,3.867746353,-0.008109752,0.006283807,0.364859819,0.931005955
1713723175891134208.000000,-0.888465941,-0.114822917,3.868583918,-0.006266006,0.006303629,0.364897013,0.931005478
1713723175924404480.000000,-0.888623655,-0.114374787,3.869045734,-0.007367429,0.006007739,0.365523160,0.930753767
1713723175957672960.000000,-0.888594210,-0.114776708,3.869610310,-0.007592016,0.006428149,0.365257472,0.930853426
1713723175990941440.000000,-0.888491750,-0.114725277,3.870181322,-0.007150519,0.006606597,0.364348233,0.931211889
1713723176024209152.000000,-0.888364136,-0.114886232,3.870318413,-0.006366281,0.007554625,0.364475369,0.931160629
1713723176057476608.000000,-0.888568997,-0.114619769,3.870985746,-0.007573368,0.006985327,0.364914000,0.930984259
1713723176090742528.000000,-0.888395429,-0.114798672,3.871453047,-0.007432849,0.007375611,0.364951342,0.930967748
1713723176124008960.000000,-0.888322353,-0.114779711,3.872069597,-0.006048425,0.007404007,0.364973009,0.930969059
1713723176157273856.000000,-0.888350129,-0.114458382,3.872423649,-0.005894252,0.007732851,0.364578664,0.931121886
1713723176190538240.000000,-0.888519526,-0.114728600,3.871570110,-0.007066481,0.007209905,0.363727242,0.931450844
1713723176223801856.000000,-0.888473868,-0.115277238,3.871693134,-0.007580343,0.008254806,0.363247931,0.931625187
1713723176257064704.000000,-0.888263583,-0.115332343,3.872332335,-0.005983367,0.008430723,0.362693131,0.931851387
1713723176290327040.000000,-0.888615668,-0.114862293,3.872650623,-0.007053862,0.008359546,0.362962812,0.931739509
1713723176323589120.000000,-0.888236463,-0.115021057,3.873516798,-0.006650279,0.007683049,0.363253683,0.931634903
1713723176356849920.000000,-0.888560772,-0.114618987,3.873747587,-0.005961869,0.008162612,0.363500863,0.931539059
1713723176390098432.000000,-0.888636947,-0.114719592,3.873949289,-0.005629211,0.008493667,0.363712162,0.931455731
1713723176423380224.000000,-0.888849378,-0.114528343,3.874526262,-0.006325172,0.008270370,0.363549739,0.931516647
1713723176456661504.000000,-0.888814092,-0.114532486,3.874995947,-0.006414022,0.008739145,0.363576591,0.931501329
1713723176489941248.000000,-0.888391197,-0.114629179,3.875573635,-0.004978462,0.007962305,0.363427252,0.931575298
1713723176523221248.000000,-0.888418257,-0.114498392,3.875029802,-0.005541904,0.007801603,0.362848610,0.931799054
1713723176556500736.000000,-0.888661742,-0.114324458,3.875761747,-0.006453855,0.007084775,0.362333119,0.931999445
1713723176589779200.000000,-0.888285756,-0.114158861,3.876676798,-0.006439106,0.006885073,0.362202585,0.932051718
1713723176623056640.000000,-0.888350248,-0.114367440,3.876806736,-0.004560913,0.007862962,0.362004995,0.932131886
1713723176656333568.000000,-0.888301313,-0.114048906,3.877253771,-0.006208433,0.007248689,0.362967908,0.931752801
1713723176689610240.000000,-0.888514280,-0.114261128,3.878114939,-0.006139327,0.007301954,0.363012493,0.931735456
1713723176722886656.000000,-0.888564467,-0.114541434,3.878201485,-0.006493657,0.007845860,0.362789065,0.931815684
1713723176756161792.000000,-0.888692856,-0.114660785,3.878449440,-0.006089197,0.007924550,0.362950265,0.931754947
1713723176789436160.000000,-0.888809443,-0.114574917,3.879069805,-0.006697726,0.007306749,0.362857372,0.931792021
1713723176822709760.000000,-0.888522029,-0.113960490,3.879806042,-0.005610012,0.007083817,0.363285035,0.931634247
1713723176855983360.000000,-0.888360381,-0.113963090,3.879897594,-0.004849164,0.006149116,0.362987250,0.931761205
1713723176889255424.000000,-0.888446093,-0.114334330,3.879902840,-0.005438460,0.006430273,0.362336338,0.932009399
1713723176922527232.000000,-0.888608932,-0.114429802,3.880393505,-0.005694587,0.006028253,0.362521023,0.931938767
1713723176955798528.000000,-0.888508439,-0.114340447,3.880944490,-0.005937705,0.005856865,0.362292439,0.932027221
1713723176989069568.000000,-0.888849735,-0.114207029,3.881959915,-0.003602712,0.007997028,0.363723099,0.931465805
1713723177022339072.000000,-0.888391614,-0.113628969,3.880962849,-0.003516005,0.004715566,0.360624641,0.932692528
1713723177055608832.000000,-0.888269901,-0.113761909,3.881549358,-0.003237821,0.003372480,0.360323668,0.932815671
1713723177088877312.000000,-0.888046384,-0.113830648,3.882322073,-0.002081905,0.002486714,0.360851318,0.932617724
1713723177122145280.000000,-0.888237238,-0.113672689,3.882260799,-0.001186269,0.001837407,0.360703617,0.932677925
1713723177155412736.000000,-0.889221191,-0.114416137,3.882925510,-0.005295227,0.003287890,0.365743935,0.930694640
1713723177188679168.000000,-0.888563275,-0.113939866,3.883135557,-0.002564852,0.000712804,0.363789082,0.931477547
1713723177221945344.000000,-0.888426304,-0.113756835,3.883639812,-0.001661630,-0.001180668,0.363460988,0.931607246
1713723177255210752.000000,-0.888361216,-0.113279834,3.884418726,-0.001360077,-0.003269505,0.362694532,0.931901455
1713723177288475392.000000,-0.888183951,-0.113316596,3.885536671,0.000821729,-0.004828664,0.362036973,0.932150900
1713723177321739520.000000,-0.889016271,-0.114196658,3.884038448,-0.001594653,-0.002267258,0.366455674,0.930431426
1713723177355002368.000000,-0.889673650,-0.114561006,3.883898735,-0.001737672,-0.002436429,0.364360899,0.931253076
1713723177388265472.000000,-0.889300644,-0.114475176,3.883781195,-0.001708718,-0.003975188,0.362441152,0.931996703
1713723177421591808.000000,-0.889234006,-0.114691034,3.884568453,0.000460101,-0.005413187,0.361732781,0.932265997
1713723177454961664.000000,-0.889140487,-0.113894001,3.885640621,0.001624303,-0.007074054,0.360802263,0.932614088
1713723177488628224.000000,-0.890755057,-0.115010172,3.885000229,-0.001663486,-0.004948702,0.366948634,0.930226564
1713723177522296576.000000,-0.890467465,-0.114991695,3.885663509,-0.000802098,-0.006993608,0.366307259,0.930467367
1713723177555966976.000000,-0.889293849,-0.114551932,3.886639357,0.003962225,-0.010350745,0.363972425,0.931343853
1713723177589639424.000000,-0.889595330,-0.113712952,3.886595964,0.004484553,-0.012468596,0.363736033,0.931407809
1713723177623313152.000000,-0.889451385,-0.113836437,3.887003660,0.003958430,-0.014984044,0.362622023,0.931807458
1713723177656989696.000000,-0.891733825,-0.116083920,3.886633396,0.000658391,-0.008578934,0.370174140,0.928922594
1713723177690667008.000000,-0.894009531,-0.119640127,3.886124372,-0.000931636,-0.002135763,0.375274777,0.926910698
1713723177724346112.000000,-0.893876016,-0.117109835,3.886509418,-0.000854914,-0.006779923,0.372442305,0.928030252
1713723177758027008.000000,-0.890958607,-0.114909112,3.888135910,0.004904869,-0.015558435,0.365032285,0.930851936
1713723177791710464.000000,-0.889792264,-0.114503786,3.888693333,0.006375551,-0.019281425,0.363068670,0.931541026
1713723177825395200.000000,-0.894689023,-0.117452905,3.885612965,0.005054418,-0.008751642,0.376130372,0.926511645
1713723177859081216.000000,-0.896430969,-0.119779721,3.885933399,-0.000177665,-0.006376846,0.380486101,0.924764633
1713723177892769536.000000,-0.897082329,-0.120009914,3.885423660,0.000381881,-0.006811778,0.381025404,0.924539447
1713723177926459904.000000,-0.896203756,-0.119920239,3.885859013,0.001217290,-0.008487977,0.380329818,0.924811184
1713723177960151552.000000,-0.896426558,-0.120010614,3.885646820,0.002083773,-0.008898375,0.380451858,0.924755573
1713723177993844992.000000,-0.897856891,-0.122906506,3.883211613,-0.001894792,-0.006886526,0.385124832,0.922836840
1713723178027540736.000000,-0.899461031,-0.125425786,3.878877163,-0.006483397,-0.005054044,0.385836184,0.922530711
1713723178061237760.000000,-0.898494840,-0.126706898,3.879313469,-0.005660988,-0.005612857,0.385585010,0.922637880
1713723178094936576.000000,-0.899478257,-0.125737965,3.879807472,-0.004166905,-0.005158423,0.386031896,0.922461629
1713723178128637440.000000,-0.900935054,-0.125071481,3.879777193,-0.004692687,-0.006514957,0.386636853,0.922197104
1713723178162339840.000000,-0.901767254,-0.128723338,3.876494169,-0.007531142,-0.003672509,0.390938759,0.920378625
1713723178196044544.000000,-0.899963200,-0.134423956,3.873090267,-0.003405878,-0.005842400,0.392428368,0.919757783
1713723178229750272.000000,-0.901618719,-0.132556349,3.870586872,-0.009135702,-0.007032291,0.393582165,0.919217169
1713723178263458560.000000,-0.903357923,-0.132509291,3.869253635,-0.013989393,-0.004869484,0.393973470,0.919002473
1713723178297168128.000000,-0.905095458,-0.139969245,3.870720387,-0.010243098,-0.001376008,0.396580070,0.917941928
1713723178330879744.000000,-0.905843675,-0.147690669,3.837853432,-0.010227446,-0.000881643,0.400154203,0.916390300
1713723178364592896.000000,-0.907986045,-0.149067894,3.836068392,-0.012762230,-0.001168524,0.400588423,0.916168451
1713723178398307840.000000,-0.908234477,-0.151675999,3.834725857,-0.013225482,-0.000990743,0.401167959,0.915908515
1713723178432024832.000000,-0.908213198,-0.154645517,3.834182262,-0.013878685,-0.000701794,0.402019113,0.915525854
1713723178465787648.000000,-0.908375025,-0.156927362,3.830463648,-0.013109539,-0.000605621,0.403814256,0.914746881
1713723178499033344.000000,-0.907258153,-0.157177791,3.831573486,-0.013219761,-0.004747029,0.403145522,0.915028155
1713723178532278528.000000,-0.907760501,-0.158389598,3.831056595,-0.015030055,-0.005866316,0.402782530,0.915153563
1713723178565522432.000000,-0.906692326,-0.159944326,3.832513094,-0.014793203,-0.007145232,0.402813226,0.915134788
1713723178598765568.000000,-0.906737804,-0.158621714,3.832340956,-0.013712648,-0.007439835,0.403088599,0.915028036
1713723178632008192.000000,-0.910083234,-0.166506097,3.824730396,-0.016492328,-0.004690434,0.406785935,0.913362682
1713723178665248768.000000,-0.910026789,-0.165346518,3.826658249,-0.013816493,-0.009054931,0.405455083,0.913965762
1713723178698488832.000000,-0.909444988,-0.167309031,3.826333761,-0.014478796,-0.009274719,0.405066282,0.914125681
1713723178731728640.000000,-0.910322905,-0.166638225,3.824895382,-0.016085077,-0.009143814,0.406371057,0.913520813
1713723178764966400.000000,-0.911800742,-0.166939095,3.823404312,-0.016209664,-0.010197547,0.407511085,0.912999392
1713723178798204160.000000,-0.912873566,-0.174865216,3.819301605,-0.015914615,-0.009238844,0.409642130,0.912060738
1713723178831440384.000000,-0.910952091,-0.168998733,3.835860491,-0.007926516,-0.013199235,0.402656019,0.915221870
1713723178864676096.000000,-0.914398491,-0.166885391,3.835080624,-0.007812273,-0.013819398,0.402999818,0.915062368
1713723178897910272.000000,-0.916910112,-0.166640624,3.835121155,-0.007987902,-0.015028659,0.403498113,0.914822221
1713723178931143936.000000,-0.917426705,-0.167552352,3.837467670,-0.006232661,-0.014341530,0.403673857,0.914769351
1713723178964376576.000000,-0.913875699,-0.174585715,3.830503225,-0.006795904,-0.013367000,0.406473905,0.913539350
1713723178997608192.000000,-0.914928019,-0.172396272,3.843917608,-0.006175100,-0.017945072,0.404149383,0.914496124
1713723179030839296.000000,-0.915286601,-0.172150925,3.849786997,-0.006244806,-0.020180836,0.403326303,0.914812386
1713723179064068864.000000,-0.914175689,-0.171520188,3.854566813,-0.003275143,-0.019567523,0.403487712,0.914769948
1713723179097297408.000000,-0.916407526,-0.171940207,3.854611158,-0.003139405,-0.020042084,0.404484361,0.914319932
1713723179130525696.000000,-0.918302000,-0.175088182,3.842244148,-0.005319294,-0.018302793,0.406427830,0.913484156
1713723179163752192.000000,-0.919732451,-0.172940463,3.861278534,-0.003212900,-0.020122658,0.405240297,0.913983107
1713723179196978688.000000,-0.919936836,-0.172608659,3.863021612,-0.001216754,-0.019859178,0.405098975,0.914056301
1713723179230203136.000000,-0.920658469,-0.171157390,3.865139723,-0.000937587,-0.020899590,0.403872728,0.914575934
1713723179263427584.000000,-0.920192599,-0.171212018,3.867187262,-0.001669730,-0.021856051,0.403433055,0.914746583
1713723179296650752.000000,-0.924592257,-0.170535892,3.862620831,-0.000613341,-0.019420018,0.405675650,0.913810670
1713723179329872640.000000,-0.928823292,-0.168450847,3.840613365,0.000623318,-0.017473774,0.405722946,0.913828909
1713723179363093504.000000,-0.933206856,-0.165094331,3.842215538,0.003654065,-0.016426196,0.401623607,0.915650249
1713723179396313856.000000,-0.934091091,-0.164356440,3.843796492,0.004534431,-0.016275404,0.400850654,0.915987611
1713723179429533184.000000,-0.933071613,-0.164755389,3.846194267,0.005923667,-0.015338154,0.400022089,0.916357994
1713723179462750208.000000,-0.941322863,-0.169822171,3.813067913,-0.004752687,-0.006217010,0.416924685,0.908907413
1713723179495997952.000000,-0.933555841,-0.159539089,3.884955406,0.000137250,-0.021635044,0.404187083,0.914420485
1713723179529243904.000000,-0.934371710,-0.158810616,3.887982130,0.002379855,-0.019868586,0.404237777,0.914435089
1713723179562489600.000000,-0.935037732,-0.158488035,3.889758825,0.004959188,-0.017528359,0.404166996,0.914503813
1713723179595733760.000000,-0.937124372,-0.157853588,3.892036915,0.004585311,-0.018398969,0.403626740,0.914727271
1713723179628977408.000000,-0.945903659,-0.148803681,3.882988214,0.002228154,-0.020664006,0.404764950,0.914184570
1713723179662220032.000000,-0.963541269,-0.139078692,3.840716839,0.006101517,-0.014326373,0.406133503,0.913681149
1713723179695461632.000000,-0.964239955,-0.138292521,3.844790220,0.007719025,-0.012899103,0.406983167,0.913311958
1713723179728701952.000000,-0.966428638,-0.135074407,3.847701073,0.007439915,-0.013243479,0.407903612,0.912898660
1713723179761942016.000000,-0.966033340,-0.134185135,3.849831581,0.008531652,-0.013331127,0.407867879,0.912903786
1713723179795180288.000000,-0.975372195,-0.127910554,3.837642193,0.008226224,-0.013446122,0.406621188,0.913460851
1713723179828418560.000000,-0.980167150,-0.120683253,3.837645531,0.010095114,-0.013210736,0.405935764,0.913750350
1713723179861655296.000000,-0.981898487,-0.119497210,3.837367773,0.009659036,-0.013481223,0.405874163,0.913778543
1713723179894891008.000000,-0.981881857,-0.119129628,3.838708639,0.010463117,-0.012921800,0.405633450,0.913884580
1713723179928126208.000000,-0.936829329,-0.136691839,3.897847414,0.005088568,-0.021994002,0.404708207,0.914167225
1713723179961360128.000000,-0.938953996,-0.134623647,3.896711588,0.004489183,-0.022983059,0.404590219,0.914198279
1713723179994593024.000000,-0.940228522,-0.133146524,3.896094561,0.004257526,-0.023520961,0.404693991,0.914139748
1713723180027825664.000000,-0.938696027,-0.132943332,3.899453402,0.005770333,-0.022681918,0.404456526,0.914257705
1713723180061056768.000000,-0.946018815,-0.127862245,3.895485163,0.006807121,-0.021821396,0.404843688,0.914100170
1713723180094287104.000000,-0.942831993,-0.165808737,3.938469887,-0.002569674,-0.021497875,0.403267711,0.914825857
1713723180127516416.000000,-0.944069624,-0.165310979,3.939556360,-0.001421731,-0.021018757,0.403300792,0.914824963
1713723180160745216.000000,-0.944804728,-0.164713666,3.939624310,-0.000986514,-0.020710958,0.403057188,0.914939880
1713723180193972224.000000,-0.947042823,-0.163939103,3.939317226,-0.001544009,-0.021652117,0.402926594,0.914974868
1713723180227198976.000000,-0.947405636,-0.161346510,3.933050871,-0.002778675,-0.021703918,0.403292090,0.914809644
1713723180260424960.000000,-0.946329474,-0.162116557,3.939749002,-0.003023054,-0.022337090,0.402595848,0.915100336
1713723180293649408.000000,-0.944896460,-0.162853301,3.941370964,-0.002502571,-0.022343783,0.402300775,0.915231466
1713723180326873344.000000,-0.944548845,-0.162778288,3.942646503,-0.003483441,-0.023370221,0.402047783,0.915313840
1713723180360096256.000000,-0.944363475,-0.162712812,3.944171429,-0.004551685,-0.024147334,0.402068645,0.915279746
1713723180393317632.000000,-0.947503090,-0.160858676,3.936770439,-0.003629360,-0.022708343,0.402670830,0.915055990
1713723180426538752.000000,-0.945913911,-0.162779167,3.941959620,-0.003722264,-0.022467351,0.402368844,0.915194333
1713723180459769088.000000,-0.946545303,-0.162689686,3.942903280,-0.005896199,-0.024199737,0.402228206,0.915200591
1713723180493016064.000000,-0.945158660,-0.164229825,3.945411682,-0.006252314,-0.024304479,0.402332991,0.915149391
1713723180526262016.000000,-0.945298672,-0.167650446,3.939948082,-0.005524840,-0.023863094,0.402889132,0.914920986
1713723180559507712.000000,-0.956809640,-0.169813335,3.976622343,-0.006351040,-0.022838112,0.403780162,0.914548874
1713723180592751616.000000,-0.955486655,-0.172294065,3.976394176,-0.007561332,-0.023520576,0.403360903,0.914707422
1713723180625995008.000000,-0.952939630,-0.174473688,3.978835344,-0.007299862,-0.023328070,0.403230071,0.914772153
1713723180659237120.000000,-0.951545954,-0.176873192,3.981021643,-0.007579980,-0.023838181,0.402998358,0.914858758
1713723180692478464.000000,-0.951589644,-0.178990617,3.975860119,-0.008996638,-0.024164654,0.403763324,0.914500058
1713723180725719040.000000,-0.949267626,-0.183097020,3.981539249,-0.009795167,-0.023805045,0.402983516,0.914845169
1713723180758958336.000000,-0.948125601,-0.184601098,3.983414173,-0.009291369,-0.023781478,0.402572513,0.915032029
1713723180792196864.000000,-0.947401583,-0.185512930,3.985688686,-0.010411378,-0.024092970,0.402544796,0.915023923
1713723180825433856.000000,-0.947431624,-0.187478170,3.988453865,-0.011391573,-0.025324943,0.402492225,0.915002167
1713723180858670592.000000,-0.941894293,-0.197799459,3.982620955,-0.012171159,-0.024499187,0.402679682,0.914932132
1713723180891906560.000000,-0.963238835,-0.179855391,4.012927055,-0.007189406,-0.020997031,0.401705056,0.915500164
1713723180925140736.000000,-0.962619781,-0.181563959,4.014501095,-0.010274945,-0.022599688,0.401225358,0.915642977
1713723180958374400.000000,-0.960588276,-0.184778035,4.018079281,-0.011744536,-0.022244729,0.400834680,0.915805042
1713723180991607552.000000,-0.958298802,-0.192337394,4.014176846,-0.010607244,-0.021620136,0.401481211,0.915550649
1713723181024838912.000000,-0.962507606,-0.177763075,4.024108410,-0.008647132,-0.022487767,0.401288897,0.915634632
1713723181058070016.000000,-0.960703671,-0.181646794,4.025721073,-0.010738379,-0.022812504,0.401008964,0.915727139
1713723181091299840.000000,-0.958735645,-0.185712665,4.026818752,-0.011522643,-0.022047754,0.400646776,0.915894806
1713723181124528384.000000,-0.957420707,-0.190188974,4.028013706,-0.011727872,-0.022352237,0.400685966,0.915867686
1713723181157756672.000000,-0.954845607,-0.197637975,4.026662350,-0.012971816,-0.021484427,0.400904387,0.915776134
1713723181190983168.000000,-0.950583398,-0.202940732,4.030893326,-0.012915950,-0.021965174,0.401017755,0.915715873
1713723181224209664.000000,-0.949274838,-0.205419764,4.035005569,-0.015711809,-0.022492075,0.401105881,0.915620804
1713723181257434368.000000,-0.947206140,-0.207974538,4.038539410,-0.015831642,-0.021925597,0.401055694,0.915654421
1713723181290658816.000000,-0.947186351,-0.209920675,4.041577816,-0.017246176,-0.022112900,0.401219130,0.915552735
1713723181323881728.000000,-0.945110738,-0.223089114,4.033406734,-0.017897705,-0.021662425,0.401299745,0.915515661
1713723181357103872.000000,-0.940892816,-0.227774590,4.039713860,-0.017887846,-0.022099627,0.401364267,0.915477157
1713723181390324480.000000,-0.937821507,-0.230663717,4.044422150,-0.017369024,-0.021029448,0.400950432,0.915693641
1713723181423544832.000000,-0.939100087,-0.232662275,4.046936035,-0.020116331,-0.022626357,0.401182085,0.915497839
1713723181456790016.000000,-0.939076543,-0.234698325,4.049979687,-0.020884784,-0.022673188,0.401475012,0.915351093
1713723181490033920.000000,-0.937543571,-0.247185841,4.043412209,-0.019591903,-0.020479361,0.401690066,0.915337026
1713723181523276544.000000,-0.962085485,-0.179386467,4.067992687,-0.006029248,-0.021110212,0.400689781,0.915950775
1713723181556518656.000000,-0.961623609,-0.179227114,4.071979523,-0.009275826,-0.023363216,0.400764108,0.915836394
1713723181589759232.000000,-0.959426999,-0.177682891,4.080539703,-0.008868946,-0.023200529,0.400751919,0.915849864
1713723181622999552.000000,-0.957027078,-0.175977349,4.088026047,-0.006596854,-0.022620087,0.401405036,0.915597558
1713723181656238592.000000,-0.962452650,-0.192559451,4.071124554,-0.009574826,-0.021974366,0.400938123,0.915791571
1713723181689476608.000000,-0.960815310,-0.176643237,4.093332291,-0.008349047,-0.023656389,0.400835454,0.915806532
1713723181722713344.000000,-0.960299730,-0.176815599,4.098048210,-0.007608532,-0.022862947,0.401296258,0.915631294
1713723181755949568.000000,-0.961022079,-0.178431302,4.101427555,-0.007010689,-0.022890693,0.401239097,0.915660501
1713723181789184256.000000,-0.962278366,-0.177834317,4.104196548,-0.008536922,-0.023710255,0.401357919,0.915574551
1713723181822418432.000000,-0.966340423,-0.179573953,4.094923973,-0.007460102,-0.021593589,0.401024312,0.915782511
1713723181855651584.000000,-0.966469169,-0.178701580,4.097341061,-0.006616980,-0.021603107,0.401169002,0.915725410
1713723181888883712.000000,-0.967753768,-0.175993651,4.099924088,-0.006966620,-0.021579439,0.400730968,0.915915132
1713723181922115072.000000,-0.968618095,-0.173132941,4.103106976,-0.006433363,-0.022598751,0.400757104,0.915883005
1713723181955345152.000000,-0.967322409,-0.173580617,4.109503269,-0.006816616,-0.022371933,0.400896221,0.915824950
1713723181988574464.000000,-0.971975386,-0.172428146,4.112500668,-0.004584468,-0.021132663,0.400587231,0.916003466
1713723182021803008.000000,-0.972494960,-0.169898614,4.117068291,-0.005359154,-0.021420073,0.399965912,0.916263998
1713723182055030016.000000,-0.972944617,-0.168378487,4.121929646,-0.004290535,-0.021649357,0.399640590,0.916406214
1713723182088256512.000000,-0.972891748,-0.166481540,4.126245499,-0.004287123,-0.021046497,0.399060398,0.916673064
1713723182121482240.000000,-0.982627094,-0.164279014,4.123084545,-0.003636696,-0.020399170,0.399884343,0.916331410
1713723182154706176.000000,-0.979364216,-0.159144551,4.136789799,-0.004196369,-0.021484461,0.398898035,0.916734040
1713723182187929600.000000,-0.979579806,-0.158999294,4.138888836,-0.003120270,-0.020939561,0.398970455,0.916719437
1713723182221152000.000000,-0.982050419,-0.156571209,4.140992165,-0.002915303,-0.020650335,0.398452729,0.916951835
1713723182254374144.000000,-0.984819412,-0.154398978,4.144379616,-0.003150990,-0.021149680,0.398357481,0.916981041
1713723182287594240.000000,-0.990144014,-0.150303274,4.148668289,-0.001036435,-0.019839747,0.398476988,0.916963160
1713723182320813568.000000,-0.971082211,-0.176624283,4.139097214,-0.005777371,-0.020779036,0.400549233,0.916021407
1713723182354032640.000000,-0.971324086,-0.175287232,4.144844055,-0.006739885,-0.021737279,0.399737716,0.916347027
1713723182387249920.000000,-0.972149134,-0.174139917,4.148924351,-0.005848790,-0.021390740,0.399784625,0.916340828
1713723182420470528.000000,-0.972499371,-0.172915637,4.155282497,-0.004577171,-0.021534905,0.399984181,0.916257620
1713723182453839104.000000,-0.980965257,-0.169230059,4.153626919,-0.000922827,-0.019135261,0.400095522,0.916273236
1713723182487088640.000000,-0.984855771,-0.161591902,4.159808636,-0.002078547,-0.020089671,0.400168180,0.916219175
1713723182520337408.000000,-0.986935437,-0.160009429,4.163117886,-0.002030066,-0.020656975,0.399566859,0.916469097
1713723182553585408.000000,-0.986334503,-0.160196319,4.166730404,0.001451046,-0.019169478,0.399175614,0.916672945
1713723182586832128.000000,-0.987524390,-0.158355489,4.170875549,0.001931867,-0.018841904,0.399319381,0.916616321
1713723182620077568.000000,-0.984841466,-0.167278498,4.251801014,-0.005432363,-0.023363139,0.400901735,0.915807068
1713723182653322752.000000,-0.985443592,-0.167714804,4.255369186,-0.004774017,-0.022795498,0.400645882,0.915937006
1713723182686566656.000000,-0.985917568,-0.168398112,4.258734703,-0.002432541,-0.022179522,0.400777370,0.915903807
1713723182719809536.000000,-0.986606658,-0.168080151,4.259529591,-0.003887657,-0.022545388,0.400248408,0.916121066
1713723182753051392.000000,-0.975146294,-0.174314737,4.177889347,-0.006738689,-0.023470202,0.401190996,0.915668964
1713723182786292736.000000,-0.975110233,-0.175973311,4.182447433,-0.006860581,-0.023302723,0.400971085,0.915768623
1713723182819532800.000000,-0.974366069,-0.177989036,4.186124325,-0.004267741,-0.021547388,0.400759280,0.915920019
1713723182852772352.000000,-0.976259708,-0.177100018,4.188133240,-0.007417380,-0.022633985,0.400666505,0.915914357
1713723182886010368.000000,-0.977557421,-0.174243540,4.191013336,-0.007130733,-0.023653422,0.401149303,0.915679514
1713723182919248384.000000,-0.976883829,-0.176688671,4.194539547,-0.006029003,-0.021905389,0.401469260,0.915590763
1713723182952484352.000000,-0.978273630,-0.178011641,4.197277546,-0.006933709,-0.022776593,0.401586175,0.915511787
1713723182985719808.000000,-0.976534367,-0.175043255,4.199788094,-0.007627364,-0.023164824,0.401775390,0.915413499
1713723183018954496.000000,-0.976772726,-0.176463112,4.204012871,-0.007604127,-0.023056494,0.402003348,0.915316343
1713723183052188160.000000,-0.976655602,-0.177099288,4.207086563,-0.006964522,-0.022339024,0.402046263,0.915320337
1713723183085420800.000000,-0.977643549,-0.177041322,4.209964752,-0.007964133,-0.022592338,0.401964426,0.915341914
1713723183118652928.000000,-0.978080213,-0.177092686,4.210936069,-0.008451040,-0.022560678,0.401605964,0.915495634
1713723183151883520.000000,-0.978427708,-0.177466646,4.215048313,-0.007623577,-0.022060128,0.402204156,0.915252447
1713723183185113344.000000,-0.979350984,-0.177600861,4.218737125,-0.008063266,-0.022116611,0.402459741,0.915135026
1713723183218342656.000000,-0.980318129,-0.177961156,4.222235203,-0.007280761,-0.021729257,0.402831316,0.914987385
1713723183251570176.000000,-0.981273115,-0.177695438,4.225821495,-0.007828671,-0.021677751,0.403064430,0.914881408
1713723183284797440.000000,-0.978381872,-0.174575716,4.226290703,-0.006112666,-0.022444336,0.402704507,0.915034473
1713723183318023680.000000,-0.979021072,-0.175042406,4.229326248,-0.006446616,-0.022373110,0.403054386,0.914879858
1713723183351248640.000000,-0.979869306,-0.175737515,4.232487679,-0.005914700,-0.022184655,0.403204769,0.914821744
1713723183384473088.000000,-0.980766118,-0.176397771,4.235895634,-0.005756688,-0.022359261,0.403234094,0.914805591
1713723183417696768.000000,-0.981284857,-0.177070200,4.240711689,-0.005531374,-0.021939304,0.403449416,0.914722204
1713723183450918656.000000,-0.980503261,-0.177697048,4.244061470,-0.004211358,-0.021693720,0.403417706,0.914749086
1713723183484123648.000000,-0.980744302,-0.176995695,4.247016907,-0.004934739,-0.021723321,0.403348118,0.914775491
1713723183517717248.000000,-0.980415463,-0.177598655,4.249976635,-0.004415500,-0.021841519,0.403368086,0.914766490
1713723183551311104.000000,-0.979558110,-0.175757796,4.249748707,-0.003773507,-0.021274339,0.404021412,0.914494336
1713723183584906240.000000,-0.980033994,-0.175364435,4.252199650,-0.001927428,-0.020656319,0.404134542,0.914464235
1713723183618503168.000000,-0.980338275,-0.174386010,4.254760742,-0.003014319,-0.021436896,0.404372424,0.914338231
1713723183652101120.000000,-0.980337262,-0.174528062,4.257745743,-0.002074500,-0.021092832,0.404110968,0.914464414
1713723183685700096.000000,-0.980884850,-0.176913694,4.266897202,-0.001819758,-0.020280551,0.403866172,0.914591551
1713723183719300864.000000,-0.981472433,-0.176142365,4.270360470,-0.001121478,-0.019980717,0.404112339,0.914490461
1713723183752902144.000000,-0.982494891,-0.175082773,4.273921013,-0.002244450,-0.021012565,0.404298633,0.914382875
1713723183786505216.000000,-0.982747793,-0.175998241,4.279129028,-0.001578382,-0.020574756,0.404304892,0.914391458
1713723183820109056.000000,-0.982632160,-0.176611662,4.283203125,0.000272084,-0.019792607,0.404457033,0.914342821
1713723183853714688.000000,-0.984852791,-0.176114425,4.287133217,-0.001517647,-0.020583186,0.404251546,0.914414942
1713723183887321344.000000,-0.985047042,-0.177201539,4.292236805,-0.000569528,-0.020239554,0.404400349,0.914357901
1713723183920929280.000000,-0.985053420,-0.177873999,4.296784878,-0.000673101,-0.019429775,0.404419601,0.914366901
1713723183954537984.000000,-0.986051977,-0.177765816,4.300304413,-0.000517631,-0.020029016,0.404096693,0.914496839
1713723183988148736.000000,-0.987128615,-0.177430719,4.304978848,-0.001279081,-0.019990757,0.404262185,0.914423823
1713723184021760256.000000,-0.982124269,-0.174277484,4.289616585,0.001592983,-0.020135036,0.404399782,0.914359272
1713723184055373056.000000,-0.983599067,-0.173919767,4.293972492,0.000382919,-0.020461800,0.404193789,0.914444447
1713723184088986880.000000,-0.984658360,-0.174161702,4.298017979,0.000398753,-0.020981526,0.404312283,0.914380193
1713723184122601984.000000,-0.984598696,-0.175254643,4.302988529,0.000868741,-0.020293774,0.404541135,0.914294243
1713723184156218880.000000,-0.986000240,-0.179140463,4.309307098,0.001523141,-0.019278688,0.404112786,0.914504707
1713723184189836800.000000,-0.987147391,-0.177430406,4.315110683,0.000787160,-0.019931924,0.404094845,0.914499581
1713723184223456000.000000,-0.987516046,-0.176638991,4.321156979,0.001251727,-0.020158764,0.404131830,0.914477706
1713723184257075712.000000,-0.987445951,-0.176107049,4.327232361,0.002313836,-0.019769609,0.404361814,0.914382517
1713723184290697216.000000,-0.987957537,-0.175497085,4.332592487,0.002009035,-0.020053098,0.404256910,0.914423466
1713723184324319744.000000,-0.988341689,-0.175057262,4.337352276,0.002219869,-0.019875200,0.404304087,0.914406002
1713723184357944064.000000,-0.989014447,-0.174736112,4.342584133,0.001958259,-0.020278841,0.404338390,0.914382517
1713723184391569408.000000,-0.989108026,-0.175072759,4.347462654,0.002483818,-0.019782310,0.404164642,0.914468944
1713723184425195776.000000,-0.990165651,-0.175384164,4.352935314,0.002480167,-0.019780202,0.404147983,0.914476335
1713723184458823168.000000,-0.991288960,-0.175329894,4.358047962,0.002428030,-0.019388761,0.404137760,0.914489388
1713723184492655360.000000,-0.991911054,-0.175315261,4.363204002,0.002358485,-0.019897258,0.404333472,0.914392173
1713723184525871872.000000,-0.986428559,-0.173880726,4.333483219,0.002611758,-0.020093516,0.405547291,0.913849473
1713723184559087616.000000,-0.987034321,-0.174575776,4.338341236,0.002827106,-0.020555530,0.405777335,0.913736463
1713723184592301312.000000,-0.988071799,-0.174267352,4.343488693,0.001717792,-0.020875271,0.405893952,0.913680196
1713723184625514496.000000,-0.988533795,-0.175149381,4.348909855,0.001778618,-0.021199714,0.406014949,0.913618863
1713723184658725888.000000,-0.988913596,-0.175945550,4.354672909,0.001612184,-0.020973092,0.405794591,0.913722217
1713723184691936768.000000,-0.997547626,-0.178530544,4.377590656,0.002317020,-0.018785324,0.405862480,0.913738191
1713723184725146368.000000,-0.996663928,-0.177049667,4.387588501,0.000970256,-0.019811578,0.405453771,0.913900375
1713723184758353920.000000,-0.995605350,-0.176888615,4.397041321,0.001184452,-0.019717377,0.405275792,0.913981080
1713723184791561216.000000,-0.994579911,-0.177364647,4.406156063,0.002050044,-0.019435165,0.405275643,0.913985670
1713723184824766720.000000,-0.990511239,-0.174782097,4.360552788,0.001765077,-0.018541224,0.407741517,0.912907481
1713723184857970688.000000,-0.991413236,-0.173897266,4.368220329,0.001127065,-0.019547492,0.408144206,0.912707508
1713723184891174144.000000,-0.992178977,-0.174767196,4.377404690,0.001501313,-0.019214194,0.408385366,0.912606180
1713723184924376064.000000,-0.992260873,-0.174900532,4.385500908,0.002856662,-0.018618539,0.408193469,0.912701130
1713723184957576448.000000,-0.996594310,-0.175204277,4.387045860,0.000624084,-0.017820440,0.407451928,0.913052559
1713723184990775808.000000,-0.995095313,-0.175039828,4.394130707,0.000241029,-0.017733583,0.406978011,0.913265824
1713723185023974144.000000,-0.993046284,-0.174410895,4.401047707,0.000039575,-0.016115220,0.406623721,0.913453639
1713723185057171200.000000,-0.990667403,-0.170743704,4.405475616,-0.000029009,-0.015122136,0.406198055,0.913659990
1713723185090366720.000000,-0.987833321,-0.169627756,4.411069870,-0.002700511,-0.013213524,0.405701280,0.913906217
1713723185123561728.000000,-0.984623075,-0.166889444,4.414659977,-0.002653633,-0.010381008,0.405021280,0.914244533
1713723185156754432.000000,-0.988040030,-0.167064786,4.413496494,-0.004955211,-0.006337472,0.404956639,0.914300501
1713723185189946624.000000,-0.986234426,-0.164784938,4.418781757,-0.006228177,-0.003375940,0.403986782,0.914737463
1713723185223137024.000000,-0.984510958,-0.164380401,4.424806118,-0.007514736,-0.000163647,0.404363066,0.914567649
1713723185256326912.000000,-0.984578907,-0.161461920,4.429293633,-0.008898837,0.002997232,0.403740555,0.914825320
1713723185289515008.000000,-0.979216099,-0.165691227,4.397085190,-0.011747670,0.001590567,0.399278551,0.916753113
1713723185322702080.000000,-0.986173153,-0.170040920,4.398845196,-0.017250732,0.010815340,0.407476425,0.912988782
1713723185355887872.000000,-0.984787941,-0.160041451,4.445305824,-0.013934496,0.012206246,0.404945016,0.914153397
1713723185389072640.000000,-0.984434962,-0.158480003,4.449448586,-0.015822597,0.014485246,0.404258162,0.914393365
1713723185422255872.000000,-0.971482873,-0.161565751,4.398864746,-0.016769536,0.008316436,0.393567711,0.919105053
1713723185455438080.000000,-0.979733229,-0.175643116,4.395318985,-0.022392515,0.018001057,0.397924006,0.916968405
1713723185488612352.000000,-0.980785728,-0.176747680,4.397850037,-0.025221696,0.018622626,0.397873282,0.916904569
1713723185521827840.000000,-0.980425596,-0.177259594,4.400891781,-0.026467999,0.020201299,0.397131056,0.917157769
1713723185555042816.000000,-0.967849076,-0.158308417,4.414682388,-0.018522272,0.012192946,0.392726153,0.919388115
1713723185588256000.000000,-0.971801937,-0.165038437,4.415224075,-0.020826766,0.016695732,0.393066287,0.919122636
1713723185621468416.000000,-0.972287893,-0.164531648,4.419486046,-0.023942944,0.016595520,0.392999440,0.919077158
1713723185654678784.000000,-0.975379169,-0.168611005,4.424006462,-0.025700668,0.019357203,0.393625975,0.918707490
1713723185687888384.000000,-0.957585216,-0.151159585,4.429898262,-0.018215943,0.011820253,0.391553611,0.919899106
1713723185721096704.000000,-0.959142208,-0.146425754,4.474379063,-0.019742595,0.015897902,0.395883828,0.917950749
1713723185754304000.000000,-0.962049007,-0.146927297,4.477938175,-0.021508107,0.015048082,0.396319538,0.917737305
1713723185787509760.000000,-0.963064671,-0.148392975,4.483405113,-0.021579942,0.015356008,0.396653682,0.917586207
1713723185820713984.000000,-0.963249803,-0.150650114,4.487844467,-0.019034754,0.017775016,0.396608174,0.917618513
1713723185853917952.000000,-0.956870317,-0.140768185,4.487117290,-0.020838076,0.012577922,0.397557616,0.917254388
1713723185887119872.000000,-0.964930177,-0.146025538,4.492860794,-0.021502785,0.014286291,0.398235440,0.916919887
1713723185920320512.000000,-0.964287400,-0.145313621,4.496086597,-0.019763067,0.014608980,0.398652196,0.916772842
1713723185953520384.000000,-0.963882864,-0.144812062,4.498772621,-0.019499900,0.014994404,0.398989916,0.916625381
1713723185986718720.000000,-0.965377867,-0.142925754,4.502373695,-0.020655746,0.013335373,0.399642557,0.916341245
1713723186019915520.000000,-0.965046287,-0.142647520,4.506696701,-0.020204417,0.013798808,0.400208712,0.916097343
1713723186053111552.000000,-0.973503590,-0.156533986,4.460032940,-0.018991388,0.013991389,0.398058474,0.917056739
1713723186086306048.000000,-0.974618196,-0.156209797,4.462198734,-0.019943209,0.013117478,0.398651272,0.916791916
1713723186119499776.000000,-0.975656509,-0.155857921,4.465614319,-0.020889491,0.011714675,0.399081260,0.916602790
1713723186152691968.000000,-0.975166917,-0.156630337,4.469632626,-0.020149682,0.011715575,0.399280697,0.916532397
1713723186185882880.000000,-0.976736784,-0.154932022,4.475462914,-0.017158102,0.013010292,0.399774879,0.916360438
1713723186219072256.000000,-0.979195356,-0.160272121,4.475889206,-0.019857170,0.011439539,0.399125904,0.916609704
1713723186252260608.000000,-0.979146957,-0.161561191,4.479588509,-0.020271787,0.010519989,0.399121612,0.916613519
1713723186285448192.000000,-0.977836549,-0.162908494,4.483574390,-0.018382391,0.011104978,0.399302632,0.916567683
1713723186318633728.000000,-0.981150627,-0.154627979,4.489948750,-0.016224282,0.011391313,0.400336206,0.916153908
1713723186351818240.000000,-0.981927156,-0.155970961,4.493804932,-0.018047241,0.009568528,0.400120854,0.916234791
1713723186385001984.000000,-0.981287599,-0.156981602,4.498574734,-0.017878255,0.008954874,0.399987072,0.916302741
1713723186418183936.000000,-0.979207397,-0.158981070,4.502912998,-0.014762321,0.009750838,0.399870217,0.916401029
1713723186451365120.000000,-0.982728302,-0.155357540,4.499206066,-0.014928604,0.008850213,0.401143581,0.915850759
1713723186484528896.000000,-0.983614206,-0.155560255,4.503561974,-0.015503930,0.006810508,0.400722742,0.916042924
1713723186517743872.000000,-0.982186317,-0.156117156,4.508648872,-0.014472638,0.006554632,0.400447071,0.916182160
1713723186550957568.000000,-0.981468260,-0.156992778,4.511659622,-0.011916975,0.007151104,0.399708301,0.916537046
1713723186584170240.000000,-0.983793080,-0.156168848,4.514000416,-0.014448143,0.005518903,0.401774883,0.915607870
1713723186617382144.000000,-0.983598828,-0.157526344,4.519153118,-0.014561967,0.004461310,0.400499582,0.916170359
1713723186650592000.000000,-0.982855201,-0.158758834,4.524016857,-0.012172646,0.004995978,0.400244147,0.916314065
1713723186683800832.000000,-0.984260380,-0.157877401,4.526611805,-0.012053202,0.004284798,0.400024325,0.916415274
1713723186717009152.000000,-0.984789491,-0.155932844,4.529003620,-0.012602432,0.002599723,0.402548313,0.915308356
1713723186750215168.000000,-0.986717045,-0.159158289,4.533989429,-0.012022707,0.002868616,0.401230514,0.915893734
1713723186783420672.000000,-0.987043977,-0.160060063,4.537785530,-0.009695120,0.002677373,0.401174068,0.915946662
1713723186816624128.000000,-0.988340080,-0.159306616,4.540937901,-0.010716342,0.001783257,0.401166111,0.915940881
1713723186849826816.000000,-0.987044513,-0.156846136,4.536715031,-0.009417631,0.000223670,0.402366281,0.915430307
1713723186883028224.000000,-0.987053812,-0.158183247,4.537054062,-0.009237834,-0.001029599,0.400735855,0.916146457
1713723186916228864.000000,-0.987477720,-0.158811435,4.539556980,-0.007604353,-0.001635470,0.400901824,0.916088045
1713723186949427968.000000,-0.986317396,-0.154716313,4.551599503,-0.007950216,-0.002863757,0.402931303,0.915191174
1713723186982625536.000000,-0.989102840,-0.155760467,4.555557251,-0.007771175,-0.002594725,0.403160870,0.915092468
1713723187015821568.000000,-0.989247084,-0.158823505,4.562733650,-0.008094523,-0.003376995,0.400957137,0.916054845
1713723187049016832.000000,-0.988193393,-0.159090713,4.565910339,-0.006253739,-0.004599905,0.400385201,0.916314065
1713723187082211072.000000,-0.988990486,-0.158997059,4.570035458,-0.007658593,-0.005447421,0.400446445,0.916271985
1713723187115403776.000000,-0.991005480,-0.156612515,4.566194057,-0.005737286,-0.005515464,0.403025031,0.915154338
1713723187148594944.000000,-0.988084853,-0.157961473,4.569354057,-0.006510828,-0.007413183,0.401479304,0.915814996
1713723187181784832.000000,-0.987916768,-0.158755705,4.571898937,-0.004346522,-0.007817494,0.401341558,0.915884793
1713723187214973696.000000,-0.988910675,-0.158393443,4.574859142,-0.006159438,-0.009349237,0.401234001,0.915907204
1713723187248161280.000000,-0.988648653,-0.156486303,4.571126461,-0.004174594,-0.011108642,0.399547011,0.916635990
1713723187281348096.000000,-0.986062288,-0.158998996,4.574199677,-0.004331600,-0.012539110,0.397609800,0.917458713
1713723187314533120.000000,-0.985127389,-0.159734458,4.576484680,-0.001584163,-0.012987726,0.397051662,0.917703032
1713723187347717120.000000,-0.986430347,-0.158449426,4.578176498,-0.004185739,-0.014880015,0.397463292,0.917487860
1713723187380899328.000000,-0.991791070,-0.158054471,4.584570408,-0.003975804,-0.015047218,0.400273412,0.916263640
1713723187414080512.000000,-0.989570081,-0.159427509,4.588768005,-0.001582188,-0.015863683,0.398754418,0.916919172
1713723187447261184.000000,-0.988296807,-0.158480674,4.589321613,0.000261367,-0.016875051,0.398018509,0.917222142
1713723187480439552.000000,-0.990093768,-0.157265604,4.591540813,-0.002335787,-0.019985180,0.398264915,0.917049706
1713723187513696512.000000,-0.994551659,-0.159997240,4.598695755,-0.001256979,-0.018304124,0.401361138,0.915736139
1713723187547009536.000000,-0.992792785,-0.159174591,4.600483418,0.001994126,-0.019034708,0.399981081,0.916323543
1713723187580097792.000000,-0.993175566,-0.157017648,4.601315975,0.002451328,-0.020798450,0.399664432,0.916422307
1713723187613865728.000000,-0.992913187,-0.156625092,4.604383945,0.000696134,-0.023418233,0.399317384,0.916513443
1713723187647637504.000000,-0.999216259,-0.162238508,4.612124920,0.000411568,-0.020282190,0.403744906,0.914646685
1713723187681413120.000000,-0.996616066,-0.160870373,4.613161564,0.003511511,-0.021909552,0.402387172,0.915200651
1713723187715192320.000000,-0.997547388,-0.159601539,4.615217686,0.003317278,-0.023270648,0.402488768,0.915123105
1713723187748975360.000000,-0.996670306,-0.158160090,4.617314339,0.002777792,-0.026367204,0.401911259,0.915294707
1713723187782761472.000000,-1.003955007,-0.164493591,4.626659393,0.003419098,-0.022352204,0.404569328,0.914227724
1713723187816551424.000000,-0.999774337,-0.161825538,4.626466751,0.006964651,-0.024406344,0.403085649,0.914810300
1713723187850345472.000000,-0.999943316,-0.160109371,4.626862526,0.004496589,-0.027274080,0.402665794,0.914929628
1713723187884142592.000000,-0.999658167,-0.160224378,4.629405022,0.005265288,-0.028844168,0.402926624,0.914762557
1713723187917943808.000000,-1.005140066,-0.166695774,4.638617992,0.004756253,-0.025363607,0.405532330,0.913716435
1713723187951748096.000000,-1.002631426,-0.164454520,4.638834953,0.006158164,-0.028093630,0.404680938,0.914005578
1713723187985556480.000000,-1.003119469,-0.163789630,4.640933990,0.006125608,-0.029238725,0.404551923,0.914027035
1713723188019367936.000000,-1.003443718,-0.163372248,4.643536091,0.006506899,-0.030214751,0.404733956,0.913912117
1713723188053183232.000000,-1.007660985,-0.167244911,4.650494099,0.007464855,-0.028616888,0.406098485,0.913350642
1713723188087002880.000000,-1.003191948,-0.164609313,4.649408340,0.008033909,-0.031466410,0.405139357,0.913677990
1713723188120825600.000000,-1.003459096,-0.164127886,4.650969982,0.008055697,-0.033251066,0.405484051,0.913461685
1713723188154651392.000000,-1.002976179,-0.164265007,4.653527737,0.007773987,-0.034248102,0.405250221,0.913531065
1713723188188481280.000000,-1.012467742,-0.170995325,4.665970802,0.010458716,-0.029351421,0.407522947,0.912663221
1713723188222314752.000000,-1.010428548,-0.168283254,4.665994167,0.010366434,-0.031855822,0.407253027,0.912700832
1713723188256152064.000000,-1.010580540,-0.167943299,4.667716980,0.009533507,-0.034139894,0.407543778,0.912497520
1713723188289992704.000000,-1.009773493,-0.168958515,4.670856953,0.010347587,-0.034420699,0.407490820,0.912501812
1713723188323837440.000000,-1.008609056,-0.168976724,4.672734737,0.013023470,-0.034600362,0.407585829,0.912418246
1713723188357685248.000000,-1.012452602,-0.171506375,4.678031445,0.010852279,-0.034543294,0.407669365,0.912411511
1713723188391537152.000000,-1.008978486,-0.167891145,4.679581642,0.011938331,-0.037924781,0.405793637,0.913099587
1713723188425392384.000000,-1.008422613,-0.168077648,4.683155060,0.013214174,-0.038690343,0.405630738,0.913122237
1713723188459251712.000000,-1.008043766,-0.168298125,4.685078621,0.014773973,-0.038387049,0.405475527,0.913180053
1713723188493114112.000000,-1.014268398,-0.173272610,4.689912796,0.012749674,-0.037054457,0.408016503,0.912133217
1713723188526980096.000000,-1.011827588,-0.170729607,4.691687584,0.012972885,-0.039777759,0.406079352,0.912879527
1713723188560850176.000000,-1.008287311,-0.165828109,4.696198463,0.016302999,-0.041372798,0.405002117,0.913233697
1713723188595044352.000000,-1.008547664,-0.164979488,4.698067665,0.017282618,-0.041593000,0.405297995,0.913074493
1713723188628262400.000000,-1.028117895,-0.197516471,4.697231770,0.009132475,-0.034028832,0.411685437,0.910644710
1713723188661478400.000000,-1.017491102,-0.177442580,4.706334591,0.014159982,-0.039817750,0.408323675,0.911858439
1713723188694693888.000000,-1.016335130,-0.177820086,4.710875511,0.016693525,-0.038888074,0.408983588,0.911559880
1713723188727907328.000000,-1.015566945,-0.174417078,4.712597370,0.016790196,-0.042163163,0.408017606,0.911845386
1713723188761120256.000000,-1.016919494,-0.174416691,4.716634750,0.016594382,-0.043286469,0.408345073,0.911649764
1713723188794331904.000000,-1.022580147,-0.182762027,4.718053341,0.015886601,-0.040663950,0.409451067,0.911287010
1713723188827542272.000000,-1.019713998,-0.180324405,4.719419003,0.017361205,-0.042852763,0.408288330,0.911681414
1713723188860751104.000000,-1.016663909,-0.175216675,4.722932339,0.017795915,-0.046290785,0.407039106,0.912063360
1713723188893959168.000000,-1.015905738,-0.173579067,4.727256775,0.018696051,-0.047949366,0.406999052,0.911977589
1713723188927165952.000000,-1.038834810,-0.202089071,4.724338531,0.015622676,-0.036558077,0.413030237,0.909849107
1713723188960371200.000000,-1.030723333,-0.192090422,4.726143360,0.017053634,-0.041719642,0.410998553,0.910521209
1713723188993575936.000000,-1.028838515,-0.188702583,4.733340740,0.017379409,-0.044241983,0.410643011,0.910556376
1713723189026778624.000000,-1.027654648,-0.187469572,4.738714218,0.018926099,-0.045373999,0.410809278,0.910394907
1713723189059980288.000000,-1.025112271,-0.183353037,4.744697571,0.021145644,-0.046472963,0.410081327,0.910618722
1713723189093181440.000000,-1.039319992,-0.201877385,4.726265907,0.016636910,-0.042522956,0.412762880,0.909693241
1713723189126380800.000000,-1.038691998,-0.197980851,4.729661942,0.017412670,-0.044354469,0.411097556,0.910345137
1713723189159579136.000000,-1.035584211,-0.190434068,4.739846230,0.021218373,-0.044818390,0.408863038,0.911247551
1713723189192775936.000000,-1.027356148,-0.181892514,4.746147633,0.022097478,-0.047977053,0.407200694,0.911810040
1713723189225971968.000000,-1.023019791,-0.175837040,4.753612995,0.020378849,-0.050696392,0.405909330,0.912278533
1713723189259165952.000000,-1.057610154,-0.226061136,4.734458447,0.014269452,-0.038539194,0.410073608,0.911126137
1713723189292359680.000000,-1.048237562,-0.217215031,4.716992378,0.014931541,-0.035998702,0.407926470,0.912182689
1713723189325551872.000000,-1.049820423,-0.216190189,4.713579655,0.010723958,-0.033110749,0.406605929,0.912940502
1713723189358742784.000000,-1.050263286,-0.213338882,4.712951183,0.008262575,-0.029814240,0.404772580,0.913893938
1713723189391932416.000000,-1.047860622,-0.206093222,4.720549107,0.008761427,-0.026449878,0.402949005,0.914798260
1713723189425120768.000000,-1.057350039,-0.226513177,4.714223862,0.014564547,-0.035326533,0.392960817,0.918761015
1713723189458308096.000000,-1.055082917,-0.225591630,4.703989983,0.011572584,-0.036961507,0.388558656,0.920609653
1713723189491494144.000000,-1.057524323,-0.228900701,4.701927662,0.011941182,-0.036261097,0.384272635,0.922430038
1713723189524678912.000000,-1.059130907,-0.232477874,4.700636864,0.011483593,-0.034614671,0.379621178,0.924422920
1713723189557862400.000000,-1.059714437,-0.237665206,4.695219517,0.012869166,-0.036127426,0.375512570,0.926023543
1713723189591028736.000000,-1.061764598,-0.241110206,4.692368031,0.011732447,-0.034790535,0.370836318,0.927972198
1713723189624246784.000000,-1.063681364,-0.247215718,4.689370632,0.013619849,-0.034545306,0.366412729,0.929711163
1713723189657464064.000000,-1.067342281,-0.252089679,4.686079979,0.011953724,-0.034746807,0.361841202,0.931515336
1713723189690680064.000000,-1.072121978,-0.259170771,4.682913303,0.011871888,-0.035617247,0.358094484,0.932930291
1713723189723894016.000000,-1.075988293,-0.267268360,4.679788589,0.013104159,-0.034038074,0.354636759,0.934292555
1713723189757107456.000000,-1.082528591,-0.274487376,4.676518440,0.012380495,-0.034421083,0.351938576,0.935308099
1713723189790319616.000000,-1.090019703,-0.282963872,4.672584534,0.011752893,-0.034728222,0.349873900,0.936079085
1713723189823530752.000000,-1.097438812,-0.294048965,4.669730663,0.013583950,-0.034372602,0.348844796,0.936451495
1713723189856740352.000000,-1.105907798,-0.304234833,4.665811062,0.013964603,-0.033489402,0.348038793,0.936777771
1713723189889949184.000000,-1.117551804,-0.313274145,4.661586285,0.011368056,-0.035061643,0.347576499,0.936926901
1713723189923155968.000000,-1.127605915,-0.324095368,4.658138275,0.011559927,-0.034473415,0.346973389,0.937169909
1713723189956361984.000000,-1.133515954,-0.335136771,4.654088497,0.014098348,-0.032653138,0.346905023,0.937225759
1713723189989566976.000000,-1.145356059,-0.345019400,4.650268555,0.012195934,-0.033367552,0.346304268,0.937449336
1713723190022770944.000000,-1.157789707,-0.355350971,4.646119118,0.011300117,-0.034074545,0.345889002,0.937588453
1713723190055973376.000000,-1.169152141,-0.367460251,4.643291473,0.011732334,-0.033354975,0.345486492,0.937757373
1713723190089174272.000000,-1.182707071,-0.383749306,4.640090466,0.015089229,-0.032827064,0.345133841,0.937857926
1713723190122374656.000000,-1.198215604,-0.397579074,4.635787010,0.011585314,-0.033167209,0.344701290,0.938054800
1713723190155573248.000000,-1.213999391,-0.410617113,4.630416870,0.010403522,-0.034044456,0.344265878,0.938197076
1713723190188771072.000000,-1.224390984,-0.421882272,4.625637531,0.011539100,-0.032785658,0.343613505,0.938467801
1713723190221967104.000000,-1.238806486,-0.437583447,4.618900299,0.013335987,-0.032746367,0.342511356,0.938848197
1713723190255162112.000000,-1.254649282,-0.450194865,4.612578869,0.010222075,-0.033806145,0.340503693,0.939579666
1713723190288356608.000000,-1.269100189,-0.464299232,4.608370781,0.010472042,-0.033901464,0.338645428,0.940244853
1713723190321549056.000000,-1.281619430,-0.479853868,4.604437351,0.012753595,-0.031700626,0.336297631,0.941135705
1713723190354740736.000000,-1.297048211,-0.493931770,4.599121094,0.012167534,-0.032466110,0.333848298,0.941989005
1713723190387930880.000000,-1.313317180,-0.506797552,4.593777180,0.009856720,-0.033095833,0.331040978,0.942984343
1713723190421120256.000000,-1.327371836,-0.524395466,4.590082169,0.012599679,-0.031809069,0.328660458,0.943828344
1713723190454308096.000000,-1.344413996,-0.536768079,4.581979275,0.012621676,-0.030408129,0.325830519,0.944854856
1713723190487494656.000000,-1.363551378,-0.550366282,4.576153755,0.009640739,-0.032571588,0.323002577,0.945788324
1713723190520679936.000000,-1.379571557,-0.567586660,4.571987629,0.011431615,-0.030802477,0.320559978,0.946658254
1713723190553864192.000000,-1.396049261,-0.585814595,4.567216396,0.013818974,-0.029692793,0.318138987,0.947478235
1713723190586937088.000000,-1.416901112,-0.600476980,4.561624050,0.010062859,-0.031566583,0.315827996,0.948237896
1713723190620358400.000000,-1.436770916,-0.617528439,4.556570530,0.010046983,-0.031616312,0.314137548,0.948797762
1713723190653781248.000000,-1.455188155,-0.636088133,4.551755428,0.011822532,-0.029104970,0.312540412,0.949384868
1713723190687205376.000000,-1.477683187,-0.653722286,4.545838833,0.010286212,-0.030665820,0.311115801,0.949821472
1713723190720630528.000000,-1.499700665,-0.671703160,4.539834976,0.010360109,-0.030812033,0.309625477,0.950302839
1713723190754057984.000000,-1.520696640,-0.690180659,4.534624577,0.010411448,-0.029842645,0.307891071,0.950896561
1713723190787485952.000000,-1.542737484,-0.710748792,4.528479576,0.011963525,-0.029815160,0.306428105,0.951351583
1713723190820916224.000000,-1.566429734,-0.729240835,4.522310734,0.009644630,-0.030162862,0.304655463,0.951936066
1713723190854347520.000000,-1.590080261,-0.750504196,4.516102314,0.009844126,-0.030187625,0.303416014,0.952329099
1713723190887779840.000000,-1.613579512,-0.773147106,4.510255814,0.011656452,-0.029684922,0.302234381,0.952700019
1713723190921214464.000000,-1.638636351,-0.794154167,4.503636837,0.010437764,-0.029624360,0.301011413,0.953103125
1713723190954649600.000000,-1.664859891,-0.816182911,4.496782303,0.009999530,-0.030667545,0.299870014,0.953434587
1713723190988087296.000000,-1.689859867,-0.838894010,4.490638733,0.009977807,-0.029363120,0.298779994,0.953818083
1713723191021525504.000000,-1.716016889,-0.863112569,4.483821392,0.011237773,-0.029259115,0.298292696,0.953959763
1713723191054965248.000000,-1.743784904,-0.885610163,4.476726532,0.009293519,-0.029389579,0.297416866,0.954250097
1713723191088406784.000000,-1.771809578,-0.910860181,4.469964027,0.009673681,-0.029740114,0.297098905,0.954334438
1713723191121849600.000000,-1.793482423,-0.940073490,4.463718891,0.009955096,-0.028092060,0.296692938,0.954507828
1713723191155293696.000000,-1.823121786,-0.965885639,4.456385612,0.009329302,-0.029138517,0.296701759,0.954479933
1713723191188739840.000000,-1.852725863,-0.991790175,4.449089050,0.008775556,-0.028929412,0.296305448,0.954614758
1713723191222186496.000000,-1.882110000,-1.019753695,4.442473412,0.009797058,-0.028511846,0.296224922,0.954642296
1713723191255635200.000000,-1.911723495,-1.047128797,4.435090065,0.009747249,-0.027512966,0.296007693,0.954739511
1713723191289085440.000000,-1.944108844,-1.074502587,4.427283764,0.008457976,-0.029007973,0.296048880,0.954694808
1713723191322536704.000000,-1.975208879,-1.103193402,4.420022011,0.008889004,-0.028729303,0.295825124,0.954768717
1713723191355989760.000000,-2.005750418,-1.133493066,4.412853241,0.010763702,-0.027342651,0.295635253,0.954848886
1713723191389443840.000000,-2.039286613,-1.161994100,4.405031204,0.009101817,-0.028126124,0.295577079,0.954861462
1713723191422899712.000000,-2.073331833,-1.191220284,4.396946907,0.008520850,-0.028517865,0.295527011,0.954870701
1713723191456357120.000000,-2.106731892,-1.222161770,4.390176773,0.009334495,-0.027959010,0.295330882,0.954940259
1713723191489816064.000000,-2.140581131,-1.254032493,4.382642746,0.010875390,-0.027154410,0.295228511,0.954978824
1713723191523275776.000000,-2.177112103,-1.283614278,4.374825954,0.008266887,-0.028229984,0.295139551,0.955001295
1713723191556737536.000000,-2.213060856,-1.315642238,4.366922855,0.008535353,-0.028132515,0.295062751,0.955025554
1713723191590310144.000000,-2.248842716,-1.348951340,4.359873772,0.009763921,-0.027326979,0.294936061,0.955076277
1713723191623564800.000000,-2.285915852,-1.382407427,4.351999760,0.010338400,-0.027626293,0.294753850,0.955117822
1713723191656817920.000000,-2.324196100,-1.414038897,4.343758106,0.008025674,-0.027981170,0.294589460,0.955180526
1713723191690070528.000000,-2.362295628,-1.448522329,4.335940838,0.008185790,-0.028218001,0.294302732,0.955260515
1713723191723322368.000000,-2.399628639,-1.484524608,4.328302383,0.010264684,-0.027055217,0.293872297,0.955406606
1713723191756573184.000000,-2.439214945,-1.519287586,4.319888592,0.009294386,-0.027547231,0.293716192,0.955450475
1713723191789823232.000000,-2.479894161,-1.554176331,4.311179161,0.008324358,-0.028439747,0.293691486,0.955440879
1713723191823072768.000000,-2.519659042,-1.590947032,4.303545952,0.008910600,-0.028154578,0.293547362,0.955488384
1713723191856320512.000000,-2.422204733,-1.312225819,4.420216084,-0.000156961,-0.017846078,0.294645667,0.955439985
1713723191889567744.000000,-2.457449436,-1.332868338,4.413806438,-0.002772668,-0.019031167,0.294556856,0.955440462
1713723191922814464.000000,-2.492698431,-1.354664803,4.407444954,-0.003218539,-0.019494958,0.294654012,0.955399752
1713723191956059904.000000,-2.526338577,-1.377329111,4.402216911,-0.001148919,-0.018353567,0.294595510,0.955445111
1713723191989304576.000000,-2.561350346,-1.398861885,4.395860195,-0.000808145,-0.017728891,0.294517130,0.955481470
1713723192022548480.000000,-2.599803209,-1.418285131,4.389188290,-0.002867022,-0.019601580,0.294518739,0.955440402
1713723192055790592.000000,-2.636222839,-1.439152002,4.383178711,-0.002566657,-0.018818866,0.294126540,0.955577791
1713723192089032704.000000,-2.672323465,-1.461495042,4.377668858,0.000678600,-0.017957466,0.294035703,0.955625534
1713723192122273792.000000,-2.710983038,-1.480407476,4.371855259,-0.002010237,-0.018911328,0.293704152,0.955707192
1713723192155514112.000000,-2.749849081,-1.499977112,4.365881443,-0.001455305,-0.019386332,0.293667108,0.955710053
1713723192188752640.000000,-2.787674904,-1.519104481,4.360471249,-0.001279308,-0.018332141,0.293269366,0.955853283
1713723192221991424.000000,-2.755610943,-1.425983429,4.154512405,-0.005226323,-0.009200632,0.300070345,0.953858495
1713723192255228160.000000,-2.789221525,-1.434696913,4.143177509,-0.007544537,-0.009056571,0.299955457,0.953880429
1713723192288464896.000000,-2.823273897,-1.443585396,4.131322861,-0.008066325,-0.009415290,0.299993932,0.953860581
1713723192321700096.000000,-2.856967688,-1.453666806,4.121090889,-0.007151485,-0.009603571,0.300070971,0.953841746
1713723192354935296.000000,-2.889486551,-1.464113832,4.109997749,-0.004945132,-0.007780341,0.299915195,0.953921318
1713723192388168448.000000,-2.925799131,-1.470897913,4.098517895,-0.008326546,-0.009304453,0.300180823,0.953800619
1713723192421401600.000000,-2.960950851,-1.479381204,4.087213039,-0.008563943,-0.009218507,0.300253600,0.953776419
1713723192454633216.000000,-2.792427301,-1.398333311,3.909758329,-0.006628989,-0.000603785,0.304457068,0.952502847
1713723192487864576.000000,-2.817571402,-1.401226282,3.894205332,-0.006637229,-0.000619551,0.304277837,0.952560067
1713723192521094656.000000,-2.844292164,-1.401642919,3.878381252,-0.009473340,-0.001703900,0.304432333,0.952485323
1713723192554323712.000000,-2.868791103,-1.403937340,3.863415956,-0.009146605,-0.000514716,0.304346710,0.952517271
1713723192587539712.000000,-2.893446684,-1.407219410,3.848486423,-0.007172674,-0.000189052,0.304309309,0.952546299
1713723192620794112.000000,-2.919964314,-1.407611489,3.833398819,-0.009269074,-0.000842067,0.303912759,0.952654481
1713723192654046976.000000,-2.946236610,-1.408524275,3.818126917,-0.009196443,-0.001172232,0.303819776,0.952684462
1713723192687299840.000000,-2.972067356,-1.409346104,3.804327488,-0.009397210,-0.001054817,0.303799450,0.952689111
1713723192720551168.000000,-2.997455359,-1.411274195,3.789923429,-0.007167676,-0.000526510,0.303523153,0.952796996
1713723192753801728.000000,-3.024983406,-1.409631968,3.775232553,-0.010118920,-0.001451730,0.302924722,0.952959657
1713723192787051776.000000,-3.052100420,-1.409435272,3.760481834,-0.010568853,-0.001919227,0.302859783,0.952974617
1713723192820300288.000000,-3.077489614,-1.411788225,3.746683598,-0.007836093,-0.000958448,0.302717298,0.953047693
1713723192853548288.000000,-3.103883266,-1.412184238,3.731910229,-0.008193665,-0.000575975,0.302423775,0.953138173
1713723192886795264.000000,-3.132005453,-1.410577297,3.716756821,-0.011058877,-0.001862355,0.302426666,0.953106701
1713723192920041216.000000,-3.157873631,-1.410809875,3.702753305,-0.010533215,-0.000948201,0.302286953,0.953158379
1713723192953286656.000000,-3.182580233,-1.412585974,3.688439131,-0.007224977,0.000964824,0.302049905,0.953264236
1713723192986531072.000000,-3.210835934,-1.410672545,3.673572779,-0.010075044,-0.000407389,0.301761925,0.953329980
1713723193019774208.000000,-3.238212585,-1.410005689,3.658386469,-0.010579772,-0.000701475,0.301698893,0.953344345
1713723193053016576.000000,-3.263868093,-1.410423517,3.644790649,-0.009157123,0.000166657,0.301269054,0.953495204
1713723193086258688.000000,-3.289735794,-1.410537481,3.630197048,-0.007770163,0.001444839,0.300979644,0.953597903
1713723193119499008.000000,-3.318635225,-1.407833457,3.615040541,-0.010452577,0.000003137,0.300985664,0.953571379
1713723193152738560.000000,-3.346089125,-1.406710744,3.600359678,-0.010346089,0.000161131,0.301075906,0.953544080
1713723193185977344.000000,-3.371825695,-1.406265378,3.586668015,-0.008693714,0.001477845,0.301042140,0.953570068
1713723193219215360.000000,-3.398646832,-1.404737830,3.571760416,-0.008165171,0.002223118,0.301021904,0.953579724
1713723193252452352.000000,-3.413914204,-1.306646824,3.197934628,-0.016955605,0.008528109,0.303846836,0.952531874
1713723193285688320.000000,-3.437656879,-1.296030283,3.177325487,-0.017045554,0.008358836,0.303754926,0.952561080
1713723193318923776.000000,-3.458531380,-1.286366105,3.157570362,-0.014420897,0.010661745,0.303592145,0.952633321
1713723193352157952.000000,-3.482465744,-1.274536490,3.136292458,-0.014851463,0.010031952,0.303379416,0.952701390
1713723193385391360.000000,-3.508808136,-1.260105252,3.114766359,-0.018069969,0.007970083,0.303406715,0.952656448
1713723193418624000.000000,-3.531151295,-1.248596907,3.095155239,-0.016550256,0.009356298,0.303388417,0.952677369
1713723193451855104.000000,-3.552672386,-1.236275792,3.074789762,-0.015284068,0.011448804,0.303174525,0.952743709
1713723193485085952.000000,-3.578199387,-1.221928000,3.053727627,-0.017757406,0.009216143,0.303477377,0.952628613
1713723193518315776.000000,-3.602472544,-1.207706213,3.033089638,-0.018230686,0.008763527,0.303562313,0.952596903
1713723193551544320.000000,-3.624756336,-1.194293022,3.013469696,-0.016851516,0.009805044,0.303430855,0.952654004
1713723193584663040.000000,-3.647600889,-1.179984927,2.992851973,-0.016480435,0.010173118,0.303305805,0.952696502
1713723193618125568.000000,-3.672705173,-1.163468599,2.971743345,-0.018838191,0.008702349,0.303363264,0.952649057
1713723193651590656.000000,-3.695862770,-1.148656607,2.951356411,-0.018447870,0.009197275,0.303358853,0.952653408
1713723193685057024.000000,-3.718511343,-1.134311676,2.931191206,-0.017038627,0.010070547,0.303524166,0.952618241
1713723193718524928.000000,-3.743282795,-1.118423939,2.910310030,-0.018022520,0.009200689,0.304104090,0.952423930
1713723193751995136.000000,-3.768384457,-1.101987958,2.889232159,-0.018876694,0.008551005,0.304903865,0.952157676
1713723193785466880.000000,-3.792122364,-1.086773157,2.869418621,-0.017778236,0.008535044,0.305633485,0.951945007
1713723193818940672.000000,-3.814968586,-1.070711732,2.848709106,-0.016885774,0.009881585,0.306162298,0.951778293
1713723193852416000.000000,-3.841157913,-1.053068161,2.827634573,-0.018873597,0.007431953,0.307207644,0.951426387
1713723193885893632.000000,-3.865589857,-1.036088228,2.807228804,-0.018596899,0.007291118,0.308128923,0.951134920
1713723193919372544.000000,-3.888017178,-1.019701242,2.786900282,-0.016465595,0.009003026,0.308891118,0.950912297
1713723193952854016.000000,-3.913555861,-1.001055121,2.765944242,-0.018194338,0.007418185,0.309974849,0.950541735
1713723193986337024.000000,-3.938726664,-0.982382715,2.744570017,-0.018934438,0.006762186,0.311168581,0.950142086
1713723194019821312.000000,-3.962274075,-0.965067148,2.724783421,-0.017299024,0.006549429,0.312468201,0.949748158
1713723194053307648.000000,-3.984828234,-0.946799636,2.703992367,-0.015912933,0.008232823,0.313474327,0.949427724
1713723194086796288.000000,-4.010715485,-0.925751209,2.682888031,-0.018391253,0.006433034,0.314973861,0.948900402
1713723194120286976.000000,-4.035133839,-0.905561924,2.662142515,-0.018490000,0.006377871,0.316040337,0.948544204
1713723194153778688.000000,-4.057686806,-0.886418462,2.642627478,-0.015675703,0.007076888,0.317173868,0.948211491
1713723194187272704.000000,-4.081295490,-0.864706993,2.622178316,-0.016027937,0.007523415,0.318327039,0.947815597
1713723194220768768.000000,-4.106872082,-0.841397643,2.601650238,-0.017790640,0.006213325,0.319976062,0.947238266
1713723194254266368.000000,-4.129975319,-0.819358945,2.582209110,-0.016939081,0.007260939,0.320918083,0.946927607
1713723194287766016.000000,-3.884981155,-0.969255626,2.305505514,-0.007822947,0.017640108,0.321551591,0.946695447
1713723194321267456.000000,-3.896568298,-0.950797439,2.279318094,-0.009426587,0.017229183,0.323006481,0.946192980
1713723194354769920.000000,-3.907969475,-0.933594108,2.253502846,-0.009244641,0.016370319,0.324428260,0.945723534
1713723194388275456.000000,-3.916460514,-0.916249275,2.228118658,-0.008309415,0.018397216,0.325358868,0.945375204
1713723194421782016.000000,-3.926447630,-0.898957729,2.202450275,-0.007567070,0.017865319,0.326694548,0.944930851
1713723194455290880.000000,-3.936738968,-0.880228758,2.176392317,-0.008202444,0.017871050,0.327968925,0.944483876
1713723194488801280.000000,-3.935449839,-0.850617349,2.166242361,-0.007487167,0.017936565,0.329031318,0.944118977
1713723194522313472.000000,-3.955292940,-0.827505112,2.134244204,-0.006890713,0.019818820,0.330007374,0.943745196
1713723194555827968.000000,-3.965268135,-0.807898641,2.108442307,-0.007111216,0.018951148,0.331357419,0.943288267
1713723194589343744.000000,-3.975873470,-0.787814915,2.082673073,-0.007732014,0.017962359,0.332615286,0.942859888
1713723194622773760.000000,-3.983339310,-0.769150198,2.057801723,-0.005637952,0.019279864,0.333932757,0.942382932
1713723194656126720.000000,-3.990108490,-0.748570263,2.032220125,-0.005331112,0.021354001,0.335257232,0.941869557
